<?xml version="1.0" encoding="UTF-8"?>
<gpx creator="www.plotaroute.com" version="1.1" schemaLocation="http://www.topografix.com/GPX/1/1 http://www.topografix.com/GPX/1/1/gpx.xsd" xmlns="http://www.topografix.com/GPX/1/1" xmlns:xsi="http://www.w3.org/2001/XMLSchema-instance" xsi:schemaLocation="http://www.topografix.com/GPX/1/1 http://www.topografix.com/GPX/1/1/gpx.xsd http://www.garmin.com/xmlschemas/GpxExtensions/v3 http://www.garmin.com/xmlschemas/GpxExtensionsv3.xsd http://www.garmin.com/xmlschemas/TrackPointExtension/v1 http://www.garmin.com/xmlschemas/TrackPointExtensionv1.xsd http://www.garmin.com/xmlschemas/PowerExtension/v1 http://www.garmin.com/xmlschemas/PowerExtensionv1.xsd http://www.topografix.com/GPX/gpx_style/0/2 http://www.topografix.com/GPX/gpx_style/0/2/gpx_style.xsd" xmlns:gpxtpx="http://www.garmin.com/xmlschemas/TrackPointExtension/v1" xmlns:gpxx="http://www.garmin.com/xmlschemas/GpxExtensions/v3" xmlns:gpxpx="http://www.garmin.com/xmlschemas/PowerExtension/v1" xmlns:gpx_style="http://www.topografix.com/GPX/gpx_style/0/2">
  <metadata>
    <name>25K_LS</name>
    <desc>Route created on plotaroute.com</desc>
    <author>
      <name>gpx.studio</name>
      <link href="https://gpx.studio"/>
    </author>
  </metadata>
  <wpt lat="-6.6008346" lon="106.9064884">
    <time>2024-06-26T03:05:44.000Z</time>
    <name>FINISH</name>
    <cmt>FINISH</cmt>
    <desc>FINISH</desc>
    <sym>Flag, Blue</sym>
    <type>Waypoint</type>
  </wpt>
  <trk>
    <name>25K_LS</name>
    <trkseg>
      <trkpt lat="-6.600752" lon="106.906432">
        <ele>377</ele>
        <time>2024-06-26T00:00:00.000Z</time>
      </trkpt>
      <trkpt lat="-6.600782" lon="106.906463">
        <ele>377</ele>
        <time>2024-06-26T00:00:06.000Z</time>
      </trkpt>
      <trkpt lat="-6.6008" lon="106.906477">
        <ele>377</ele>
        <time>2024-06-26T00:00:09.000Z</time>
      </trkpt>
      <trkpt lat="-6.60081" lon="106.906502">
        <ele>377</ele>
        <time>2024-06-26T00:00:13.000Z</time>
      </trkpt>
      <trkpt lat="-6.600827" lon="106.906572">
        <ele>377</ele>
        <time>2024-06-26T00:00:23.000Z</time>
      </trkpt>
      <trkpt lat="-6.600843" lon="106.906592">
        <ele>377</ele>
        <time>2024-06-26T00:00:27.000Z</time>
      </trkpt>
      <trkpt lat="-6.600847" lon="106.90661">
        <ele>377</ele>
        <time>2024-06-26T00:00:29.000Z</time>
      </trkpt>
      <trkpt lat="-6.60086" lon="106.90663">
        <ele>378</ele>
        <time>2024-06-26T00:00:33.000Z</time>
      </trkpt>
      <trkpt lat="-6.600867" lon="106.906648">
        <ele>378</ele>
        <time>2024-06-26T00:00:36.000Z</time>
      </trkpt>
      <trkpt lat="-6.600888" lon="106.906662">
        <ele>378</ele>
        <time>2024-06-26T00:00:39.000Z</time>
      </trkpt>
      <trkpt lat="-6.600913" lon="106.906668">
        <ele>378</ele>
        <time>2024-06-26T00:00:43.000Z</time>
      </trkpt>
      <trkpt lat="-6.600925" lon="106.906687">
        <ele>378</ele>
        <time>2024-06-26T00:00:46.000Z</time>
      </trkpt>
      <trkpt lat="-6.600933" lon="106.906707">
        <ele>378</ele>
        <time>2024-06-26T00:00:49.000Z</time>
      </trkpt>
      <trkpt lat="-6.600952" lon="106.906732">
        <ele>378</ele>
        <time>2024-06-26T00:00:54.000Z</time>
      </trkpt>
      <trkpt lat="-6.600968" lon="106.906745">
        <ele>378</ele>
        <time>2024-06-26T00:00:57.000Z</time>
      </trkpt>
      <trkpt lat="-6.600972" lon="106.90677">
        <ele>378</ele>
        <time>2024-06-26T00:01:00.000Z</time>
      </trkpt>
      <trkpt lat="-6.60096" lon="106.90679">
        <ele>379</ele>
        <time>2024-06-26T00:01:04.000Z</time>
      </trkpt>
      <trkpt lat="-6.600957" lon="106.906828">
        <ele>379</ele>
        <time>2024-06-26T00:01:09.000Z</time>
      </trkpt>
      <trkpt lat="-6.600932" lon="106.906867">
        <ele>379</ele>
        <time>2024-06-26T00:01:16.000Z</time>
      </trkpt>
      <trkpt lat="-6.60092" lon="106.90693">
        <ele>380</ele>
        <time>2024-06-26T00:01:25.000Z</time>
      </trkpt>
      <trkpt lat="-6.60092" lon="106.90695">
        <ele>380</ele>
        <time>2024-06-26T00:01:28.000Z</time>
      </trkpt>
      <trkpt lat="-6.600933" lon="106.90702">
        <ele>381</ele>
        <time>2024-06-26T00:01:38.000Z</time>
      </trkpt>
      <trkpt lat="-6.60095" lon="106.907065">
        <ele>381</ele>
        <time>2024-06-26T00:01:45.000Z</time>
      </trkpt>
      <trkpt lat="-6.600952" lon="106.90711">
        <ele>382</ele>
        <time>2024-06-26T00:01:52.000Z</time>
      </trkpt>
      <trkpt lat="-6.600958" lon="106.907135">
        <ele>382</ele>
        <time>2024-06-26T00:01:55.000Z</time>
      </trkpt>
      <trkpt lat="-6.600957" lon="106.907232">
        <ele>383</ele>
        <time>2024-06-26T00:02:09.000Z</time>
      </trkpt>
      <trkpt lat="-6.600943" lon="106.907257">
        <ele>383</ele>
        <time>2024-06-26T00:02:13.000Z</time>
      </trkpt>
      <trkpt lat="-6.600932" lon="106.907302">
        <ele>383</ele>
        <time>2024-06-26T00:02:20.000Z</time>
      </trkpt>
      <trkpt lat="-6.60093" lon="106.907327">
        <ele>384</ele>
        <time>2024-06-26T00:02:23.000Z</time>
      </trkpt>
      <trkpt lat="-6.600937" lon="106.907365">
        <ele>384</ele>
        <time>2024-06-26T00:02:29.000Z</time>
      </trkpt>
      <trkpt lat="-6.60098" lon="106.907403">
        <ele>384</ele>
        <time>2024-06-26T00:02:37.000Z</time>
      </trkpt>
      <trkpt lat="-6.600995" lon="106.907423">
        <ele>384</ele>
        <time>2024-06-26T00:02:41.000Z</time>
      </trkpt>
      <trkpt lat="-6.601012" lon="106.907475">
        <ele>384</ele>
        <time>2024-06-26T00:02:49.000Z</time>
      </trkpt>
      <trkpt lat="-6.601035" lon="106.907525">
        <ele>385</ele>
        <time>2024-06-26T00:02:57.000Z</time>
      </trkpt>
      <trkpt lat="-6.601052" lon="106.907545">
        <ele>385</ele>
        <time>2024-06-26T00:03:00.000Z</time>
      </trkpt>
      <trkpt lat="-6.601062" lon="106.907583">
        <ele>385</ele>
        <time>2024-06-26T00:03:06.000Z</time>
      </trkpt>
      <trkpt lat="-6.601072" lon="106.907602">
        <ele>385</ele>
        <time>2024-06-26T00:03:09.000Z</time>
      </trkpt>
      <trkpt lat="-6.601088" lon="106.907615">
        <ele>385</ele>
        <time>2024-06-26T00:03:12.000Z</time>
      </trkpt>
      <trkpt lat="-6.601102" lon="106.90764">
        <ele>385</ele>
        <time>2024-06-26T00:03:16.000Z</time>
      </trkpt>
      <trkpt lat="-6.601102" lon="106.90766">
        <ele>385</ele>
        <time>2024-06-26T00:03:19.000Z</time>
      </trkpt>
      <trkpt lat="-6.601127" lon="106.90773">
        <ele>385</ele>
        <time>2024-06-26T00:03:30.000Z</time>
      </trkpt>
      <trkpt lat="-6.60112" lon="106.9078">
        <ele>386</ele>
        <time>2024-06-26T00:03:40.000Z</time>
      </trkpt>
      <trkpt lat="-6.60111" lon="106.90782">
        <ele>386</ele>
        <time>2024-06-26T00:03:43.000Z</time>
      </trkpt>
      <trkpt lat="-6.601078" lon="106.907852">
        <ele>387</ele>
        <time>2024-06-26T00:03:49.000Z</time>
      </trkpt>
      <trkpt lat="-6.601072" lon="106.907872">
        <ele>387</ele>
        <time>2024-06-26T00:03:52.000Z</time>
      </trkpt>
      <trkpt lat="-6.601072" lon="106.90789">
        <ele>387</ele>
        <time>2024-06-26T00:03:56.000Z</time>
      </trkpt>
      <trkpt lat="-6.60106" lon="106.907928">
        <ele>388</ele>
        <time>2024-06-26T00:04:03.000Z</time>
      </trkpt>
      <trkpt lat="-6.60106" lon="106.907948">
        <ele>388</ele>
        <time>2024-06-26T00:04:06.000Z</time>
      </trkpt>
      <trkpt lat="-6.601068" lon="106.907973">
        <ele>388</ele>
        <time>2024-06-26T00:04:11.000Z</time>
      </trkpt>
      <trkpt lat="-6.601082" lon="106.908">
        <ele>388</ele>
        <time>2024-06-26T00:04:16.000Z</time>
      </trkpt>
      <trkpt lat="-6.601102" lon="106.908057">
        <ele>388</ele>
        <time>2024-06-26T00:04:27.000Z</time>
      </trkpt>
      <trkpt lat="-6.6011" lon="106.908127">
        <ele>389</ele>
        <time>2024-06-26T00:04:40.000Z</time>
      </trkpt>
      <trkpt lat="-6.601092" lon="106.908147">
        <ele>389</ele>
        <time>2024-06-26T00:04:44.000Z</time>
      </trkpt>
      <trkpt lat="-6.601098" lon="106.908165">
        <ele>389</ele>
        <time>2024-06-26T00:04:47.000Z</time>
      </trkpt>
      <trkpt lat="-6.601085" lon="106.908223">
        <ele>390</ele>
        <time>2024-06-26T00:04:58.000Z</time>
      </trkpt>
      <trkpt lat="-6.601065" lon="106.908237">
        <ele>390</ele>
        <time>2024-06-26T00:05:02.000Z</time>
      </trkpt>
      <trkpt lat="-6.601048" lon="106.908255">
        <ele>391</ele>
        <time>2024-06-26T00:05:06.000Z</time>
      </trkpt>
      <trkpt lat="-6.601032" lon="106.90828">
        <ele>391</ele>
        <time>2024-06-26T00:05:12.000Z</time>
      </trkpt>
      <trkpt lat="-6.601022" lon="106.908307">
        <ele>391</ele>
        <time>2024-06-26T00:05:17.000Z</time>
      </trkpt>
      <trkpt lat="-6.601008" lon="106.908325">
        <ele>392</ele>
        <time>2024-06-26T00:05:21.000Z</time>
      </trkpt>
      <trkpt lat="-6.60099" lon="106.908332">
        <ele>392</ele>
        <time>2024-06-26T00:05:24.000Z</time>
      </trkpt>
      <trkpt lat="-6.600972" lon="106.908383">
        <ele>393</ele>
        <time>2024-06-26T00:05:34.000Z</time>
      </trkpt>
      <trkpt lat="-6.600963" lon="106.908422">
        <ele>393</ele>
        <time>2024-06-26T00:05:41.000Z</time>
      </trkpt>
      <trkpt lat="-6.600968" lon="106.90846">
        <ele>393</ele>
        <time>2024-06-26T00:05:48.000Z</time>
      </trkpt>
      <trkpt lat="-6.600943" lon="106.908518">
        <ele>394</ele>
        <time>2024-06-26T00:05:59.000Z</time>
      </trkpt>
      <trkpt lat="-6.600933" lon="106.908537">
        <ele>395</ele>
        <time>2024-06-26T00:06:03.000Z</time>
      </trkpt>
      <trkpt lat="-6.600917" lon="106.908557">
        <ele>395</ele>
        <time>2024-06-26T00:06:08.000Z</time>
      </trkpt>
      <trkpt lat="-6.6009" lon="106.908568">
        <ele>395</ele>
        <time>2024-06-26T00:06:11.000Z</time>
      </trkpt>
      <trkpt lat="-6.600863" lon="106.908607">
        <ele>396</ele>
        <time>2024-06-26T00:06:22.000Z</time>
      </trkpt>
      <trkpt lat="-6.60085" lon="106.908645">
        <ele>397</ele>
        <time>2024-06-26T00:06:32.000Z</time>
      </trkpt>
      <trkpt lat="-6.600843" lon="106.908683">
        <ele>397</ele>
        <time>2024-06-26T00:06:42.000Z</time>
      </trkpt>
      <trkpt lat="-6.60083" lon="106.908703">
        <ele>398</ele>
        <time>2024-06-26T00:06:48.000Z</time>
      </trkpt>
      <trkpt lat="-6.60081" lon="106.908703">
        <ele>398</ele>
        <time>2024-06-26T00:06:53.000Z</time>
      </trkpt>
      <trkpt lat="-6.600807" lon="106.908722">
        <ele>398</ele>
        <time>2024-06-26T00:06:57.000Z</time>
      </trkpt>
      <trkpt lat="-6.600797" lon="106.908742">
        <ele>399</ele>
        <time>2024-06-26T00:07:03.000Z</time>
      </trkpt>
      <trkpt lat="-6.600767" lon="106.908773">
        <ele>400</ele>
        <time>2024-06-26T00:07:14.000Z</time>
      </trkpt>
      <trkpt lat="-6.60076" lon="106.908793">
        <ele>400</ele>
        <time>2024-06-26T00:07:19.000Z</time>
      </trkpt>
      <trkpt lat="-6.600747" lon="106.908812">
        <ele>401</ele>
        <time>2024-06-26T00:07:25.000Z</time>
      </trkpt>
      <trkpt lat="-6.600728" lon="106.908812">
        <ele>401</ele>
        <time>2024-06-26T00:07:29.000Z</time>
      </trkpt>
      <trkpt lat="-6.600712" lon="106.908825">
        <ele>402</ele>
        <time>2024-06-26T00:07:35.000Z</time>
      </trkpt>
      <trkpt lat="-6.600688" lon="106.908825">
        <ele>402</ele>
        <time>2024-06-26T00:07:41.000Z</time>
      </trkpt>
      <trkpt lat="-6.600665" lon="106.908838">
        <ele>403</ele>
        <time>2024-06-26T00:07:47.000Z</time>
      </trkpt>
      <trkpt lat="-6.600628" lon="106.908882">
        <ele>404</ele>
        <time>2024-06-26T00:08:01.000Z</time>
      </trkpt>
      <trkpt lat="-6.600615" lon="106.908902">
        <ele>405</ele>
        <time>2024-06-26T00:08:07.000Z</time>
      </trkpt>
      <trkpt lat="-6.600608" lon="106.90892">
        <ele>405</ele>
        <time>2024-06-26T00:08:12.000Z</time>
      </trkpt>
      <trkpt lat="-6.600588" lon="106.908933">
        <ele>406</ele>
        <time>2024-06-26T00:08:18.000Z</time>
      </trkpt>
      <trkpt lat="-6.600567" lon="106.90894">
        <ele>406</ele>
        <time>2024-06-26T00:08:24.000Z</time>
      </trkpt>
      <trkpt lat="-6.600543" lon="106.908953">
        <ele>407</ele>
        <time>2024-06-26T00:08:31.000Z</time>
      </trkpt>
      <trkpt lat="-6.600507" lon="106.908978">
        <ele>408</ele>
        <time>2024-06-26T00:08:41.000Z</time>
      </trkpt>
      <trkpt lat="-6.6005" lon="106.908998">
        <ele>409</ele>
        <time>2024-06-26T00:08:47.000Z</time>
      </trkpt>
      <trkpt lat="-6.600483" lon="106.90901">
        <ele>409</ele>
        <time>2024-06-26T00:08:52.000Z</time>
      </trkpt>
      <trkpt lat="-6.600473" lon="106.909037">
        <ele>410</ele>
        <time>2024-06-26T00:08:59.000Z</time>
      </trkpt>
      <trkpt lat="-6.600462" lon="106.909055">
        <ele>410</ele>
        <time>2024-06-26T00:09:04.000Z</time>
      </trkpt>
      <trkpt lat="-6.600442" lon="106.909055">
        <ele>411</ele>
        <time>2024-06-26T00:09:09.000Z</time>
      </trkpt>
      <trkpt lat="-6.600427" lon="106.909075">
        <ele>411</ele>
        <time>2024-06-26T00:09:16.000Z</time>
      </trkpt>
      <trkpt lat="-6.600428" lon="106.909113">
        <ele>412</ele>
        <time>2024-06-26T00:09:25.000Z</time>
      </trkpt>
      <trkpt lat="-6.600417" lon="106.909132">
        <ele>412</ele>
        <time>2024-06-26T00:09:30.000Z</time>
      </trkpt>
      <trkpt lat="-6.60041" lon="106.909152">
        <ele>413</ele>
        <time>2024-06-26T00:09:36.000Z</time>
      </trkpt>
      <trkpt lat="-6.600407" lon="106.909215">
        <ele>413</ele>
        <time>2024-06-26T00:09:46.000Z</time>
      </trkpt>
      <trkpt lat="-6.600402" lon="106.909235">
        <ele>413</ele>
        <time>2024-06-26T00:09:48.000Z</time>
      </trkpt>
      <trkpt lat="-6.600392" lon="106.909253">
        <ele>414</ele>
        <time>2024-06-26T00:09:51.000Z</time>
      </trkpt>
      <trkpt lat="-6.600388" lon="106.909273">
        <ele>414</ele>
        <time>2024-06-26T00:09:54.000Z</time>
      </trkpt>
      <trkpt lat="-6.6004" lon="106.909337">
        <ele>414</ele>
        <time>2024-06-26T00:10:02.000Z</time>
      </trkpt>
      <trkpt lat="-6.600395" lon="106.909357">
        <ele>415</ele>
        <time>2024-06-26T00:10:04.000Z</time>
      </trkpt>
      <trkpt lat="-6.600407" lon="106.909395">
        <ele>415</ele>
        <time>2024-06-26T00:10:09.000Z</time>
      </trkpt>
      <trkpt lat="-6.60042" lon="106.909407">
        <ele>414</ele>
        <time>2024-06-26T00:10:12.000Z</time>
      </trkpt>
      <trkpt lat="-6.600427" lon="106.909433">
        <ele>414</ele>
        <time>2024-06-26T00:10:15.000Z</time>
      </trkpt>
      <trkpt lat="-6.600423" lon="106.909452">
        <ele>415</ele>
        <time>2024-06-26T00:10:17.000Z</time>
      </trkpt>
      <trkpt lat="-6.600422" lon="106.90951">
        <ele>415</ele>
        <time>2024-06-26T00:10:25.000Z</time>
      </trkpt>
      <trkpt lat="-6.600442" lon="106.909548">
        <ele>415</ele>
        <time>2024-06-26T00:10:30.000Z</time>
      </trkpt>
      <trkpt lat="-6.600443" lon="106.909567">
        <ele>415</ele>
        <time>2024-06-26T00:10:33.000Z</time>
      </trkpt>
      <trkpt lat="-6.60045" lon="106.909593">
        <ele>415</ele>
        <time>2024-06-26T00:10:36.000Z</time>
      </trkpt>
      <trkpt lat="-6.600442" lon="106.909618">
        <ele>416</ele>
        <time>2024-06-26T00:10:39.000Z</time>
      </trkpt>
      <trkpt lat="-6.600447" lon="106.909643">
        <ele>416</ele>
        <time>2024-06-26T00:10:42.000Z</time>
      </trkpt>
      <trkpt lat="-6.600443" lon="106.90967">
        <ele>416</ele>
        <time>2024-06-26T00:10:46.000Z</time>
      </trkpt>
      <trkpt lat="-6.600452" lon="106.909695">
        <ele>416</ele>
        <time>2024-06-26T00:10:49.000Z</time>
      </trkpt>
      <trkpt lat="-6.600473" lon="106.909733">
        <ele>416</ele>
        <time>2024-06-26T00:10:55.000Z</time>
      </trkpt>
      <trkpt lat="-6.600487" lon="106.909772">
        <ele>416</ele>
        <time>2024-06-26T00:11:00.000Z</time>
      </trkpt>
      <trkpt lat="-6.60049" lon="106.909792">
        <ele>416</ele>
        <time>2024-06-26T00:11:02.000Z</time>
      </trkpt>
      <trkpt lat="-6.600508" lon="106.909837">
        <ele>416</ele>
        <time>2024-06-26T00:11:09.000Z</time>
      </trkpt>
      <trkpt lat="-6.600538" lon="106.909868">
        <ele>415</ele>
        <time>2024-06-26T00:11:14.000Z</time>
      </trkpt>
      <trkpt lat="-6.600548" lon="106.909907">
        <ele>415</ele>
        <time>2024-06-26T00:11:19.000Z</time>
      </trkpt>
      <trkpt lat="-6.600543" lon="106.909925">
        <ele>416</ele>
        <time>2024-06-26T00:11:21.000Z</time>
      </trkpt>
      <trkpt lat="-6.60055" lon="106.909952">
        <ele>416</ele>
        <time>2024-06-26T00:11:24.000Z</time>
      </trkpt>
      <trkpt lat="-6.600563" lon="106.90997">
        <ele>416</ele>
        <time>2024-06-26T00:11:27.000Z</time>
      </trkpt>
      <trkpt lat="-6.600557" lon="106.910015">
        <ele>416</ele>
        <time>2024-06-26T00:11:31.000Z</time>
      </trkpt>
      <trkpt lat="-6.600543" lon="106.91004">
        <ele>417</ele>
        <time>2024-06-26T00:11:34.000Z</time>
      </trkpt>
      <trkpt lat="-6.600527" lon="106.91004">
        <ele>417</ele>
        <time>2024-06-26T00:11:35.000Z</time>
      </trkpt>
      <trkpt lat="-6.600543" lon="106.91013">
        <ele>418</ele>
        <time>2024-06-26T00:11:44.000Z</time>
      </trkpt>
      <trkpt lat="-6.60054" lon="106.910175">
        <ele>418</ele>
        <time>2024-06-26T00:11:48.000Z</time>
      </trkpt>
      <trkpt lat="-6.600543" lon="106.910213">
        <ele>418</ele>
        <time>2024-06-26T00:11:52.000Z</time>
      </trkpt>
      <trkpt lat="-6.600588" lon="106.910252">
        <ele>418</ele>
        <time>2024-06-26T00:11:58.000Z</time>
      </trkpt>
      <trkpt lat="-6.600655" lon="106.910317">
        <ele>417</ele>
        <time>2024-06-26T00:12:07.000Z</time>
      </trkpt>
      <trkpt lat="-6.60069" lon="106.910355">
        <ele>417</ele>
        <time>2024-06-26T00:12:12.000Z</time>
      </trkpt>
      <trkpt lat="-6.600705" lon="106.910387">
        <ele>417</ele>
        <time>2024-06-26T00:12:15.000Z</time>
      </trkpt>
      <trkpt lat="-6.600728" lon="106.9104">
        <ele>416</ele>
        <time>2024-06-26T00:12:18.000Z</time>
      </trkpt>
      <trkpt lat="-6.600752" lon="106.910405">
        <ele>416</ele>
        <time>2024-06-26T00:12:20.000Z</time>
      </trkpt>
      <trkpt lat="-6.60077" lon="106.9104">
        <ele>415</ele>
        <time>2024-06-26T00:12:22.000Z</time>
      </trkpt>
      <trkpt lat="-6.60079" lon="106.910405">
        <ele>415</ele>
        <time>2024-06-26T00:12:24.000Z</time>
      </trkpt>
      <trkpt lat="-6.600797" lon="106.910425">
        <ele>415</ele>
        <time>2024-06-26T00:12:26.000Z</time>
      </trkpt>
      <trkpt lat="-6.60082" lon="106.910463">
        <ele>415</ele>
        <time>2024-06-26T00:12:30.000Z</time>
      </trkpt>
      <trkpt lat="-6.60086" lon="106.910502">
        <ele>415</ele>
        <time>2024-06-26T00:12:36.000Z</time>
      </trkpt>
      <trkpt lat="-6.600893" lon="106.910527">
        <ele>415</ele>
        <time>2024-06-26T00:12:40.000Z</time>
      </trkpt>
      <trkpt lat="-6.600918" lon="106.91054">
        <ele>415</ele>
        <time>2024-06-26T00:12:42.000Z</time>
      </trkpt>
      <trkpt lat="-6.600948" lon="106.910547">
        <ele>415</ele>
        <time>2024-06-26T00:12:45.000Z</time>
      </trkpt>
      <trkpt lat="-6.601012" lon="106.910572">
        <ele>414</ele>
        <time>2024-06-26T00:12:52.000Z</time>
      </trkpt>
      <trkpt lat="-6.60103" lon="106.910585">
        <ele>414</ele>
        <time>2024-06-26T00:12:54.000Z</time>
      </trkpt>
      <trkpt lat="-6.601102" lon="106.910603">
        <ele>414</ele>
        <time>2024-06-26T00:13:00.000Z</time>
      </trkpt>
      <trkpt lat="-6.601123" lon="106.910623">
        <ele>414</ele>
        <time>2024-06-26T00:13:03.000Z</time>
      </trkpt>
      <trkpt lat="-6.601167" lon="106.910642">
        <ele>414</ele>
        <time>2024-06-26T00:13:07.000Z</time>
      </trkpt>
      <trkpt lat="-6.60119" lon="106.910648">
        <ele>414</ele>
        <time>2024-06-26T00:13:09.000Z</time>
      </trkpt>
      <trkpt lat="-6.601208" lon="106.910662">
        <ele>414</ele>
        <time>2024-06-26T00:13:12.000Z</time>
      </trkpt>
      <trkpt lat="-6.60125" lon="106.910675">
        <ele>413</ele>
        <time>2024-06-26T00:13:16.000Z</time>
      </trkpt>
      <trkpt lat="-6.601268" lon="106.910675">
        <ele>413</ele>
        <time>2024-06-26T00:13:17.000Z</time>
      </trkpt>
      <trkpt lat="-6.601315" lon="106.910687">
        <ele>413</ele>
        <time>2024-06-26T00:13:22.000Z</time>
      </trkpt>
      <trkpt lat="-6.601332" lon="106.91068">
        <ele>413</ele>
        <time>2024-06-26T00:13:23.000Z</time>
      </trkpt>
      <trkpt lat="-6.60135" lon="106.910687">
        <ele>413</ele>
        <time>2024-06-26T00:13:25.000Z</time>
      </trkpt>
      <trkpt lat="-6.601392" lon="106.910687">
        <ele>412</ele>
        <time>2024-06-26T00:13:29.000Z</time>
      </trkpt>
      <trkpt lat="-6.601412" lon="106.9107">
        <ele>412</ele>
        <time>2024-06-26T00:13:31.000Z</time>
      </trkpt>
      <trkpt lat="-6.601432" lon="106.9107">
        <ele>412</ele>
        <time>2024-06-26T00:13:33.000Z</time>
      </trkpt>
      <trkpt lat="-6.601452" lon="106.910707">
        <ele>412</ele>
        <time>2024-06-26T00:13:35.000Z</time>
      </trkpt>
      <trkpt lat="-6.601472" lon="106.91072">
        <ele>412</ele>
        <time>2024-06-26T00:13:37.000Z</time>
      </trkpt>
      <trkpt lat="-6.601487" lon="106.910738">
        <ele>412</ele>
        <time>2024-06-26T00:13:39.000Z</time>
      </trkpt>
      <trkpt lat="-6.601517" lon="106.910763">
        <ele>412</ele>
        <time>2024-06-26T00:13:43.000Z</time>
      </trkpt>
      <trkpt lat="-6.601553" lon="106.910783">
        <ele>412</ele>
        <time>2024-06-26T00:13:46.000Z</time>
      </trkpt>
      <trkpt lat="-6.6016" lon="106.910797">
        <ele>412</ele>
        <time>2024-06-26T00:13:51.000Z</time>
      </trkpt>
      <trkpt lat="-6.601617" lon="106.910808">
        <ele>412</ele>
        <time>2024-06-26T00:13:53.000Z</time>
      </trkpt>
      <trkpt lat="-6.60163" lon="106.910822">
        <ele>412</ele>
        <time>2024-06-26T00:13:54.000Z</time>
      </trkpt>
      <trkpt lat="-6.60165" lon="106.910828">
        <ele>412</ele>
        <time>2024-06-26T00:13:57.000Z</time>
      </trkpt>
      <trkpt lat="-6.60167" lon="106.91084">
        <ele>412</ele>
        <time>2024-06-26T00:14:01.000Z</time>
      </trkpt>
      <trkpt lat="-6.60169" lon="106.910847">
        <ele>412</ele>
        <time>2024-06-26T00:14:04.000Z</time>
      </trkpt>
      <trkpt lat="-6.60171" lon="106.910867">
        <ele>413</ele>
        <time>2024-06-26T00:14:08.000Z</time>
      </trkpt>
      <trkpt lat="-6.60173" lon="106.91088">
        <ele>413</ele>
        <time>2024-06-26T00:14:11.000Z</time>
      </trkpt>
      <trkpt lat="-6.601752" lon="106.910885">
        <ele>413</ele>
        <time>2024-06-26T00:14:14.000Z</time>
      </trkpt>
      <trkpt lat="-6.601778" lon="106.910885">
        <ele>413</ele>
        <time>2024-06-26T00:14:18.000Z</time>
      </trkpt>
      <trkpt lat="-6.60179" lon="106.910905">
        <ele>414</ele>
        <time>2024-06-26T00:14:22.000Z</time>
      </trkpt>
      <trkpt lat="-6.601857" lon="106.910937">
        <ele>415</ele>
        <time>2024-06-26T00:14:32.000Z</time>
      </trkpt>
      <trkpt lat="-6.601897" lon="106.910937">
        <ele>414</ele>
        <time>2024-06-26T00:14:38.000Z</time>
      </trkpt>
      <trkpt lat="-6.601937" lon="106.91095">
        <ele>415</ele>
        <time>2024-06-26T00:14:44.000Z</time>
      </trkpt>
      <trkpt lat="-6.60196" lon="106.910962">
        <ele>415</ele>
        <time>2024-06-26T00:14:48.000Z</time>
      </trkpt>
      <trkpt lat="-6.601998" lon="106.910962">
        <ele>415</ele>
        <time>2024-06-26T00:14:53.000Z</time>
      </trkpt>
      <trkpt lat="-6.602022" lon="106.910982">
        <ele>415</ele>
        <time>2024-06-26T00:14:58.000Z</time>
      </trkpt>
      <trkpt lat="-6.602045" lon="106.910988">
        <ele>415</ele>
        <time>2024-06-26T00:15:01.000Z</time>
      </trkpt>
      <trkpt lat="-6.602062" lon="106.910988">
        <ele>415</ele>
        <time>2024-06-26T00:15:04.000Z</time>
      </trkpt>
      <trkpt lat="-6.602092" lon="106.910982">
        <ele>415</ele>
        <time>2024-06-26T00:15:08.000Z</time>
      </trkpt>
      <trkpt lat="-6.602118" lon="106.910988">
        <ele>415</ele>
        <time>2024-06-26T00:15:12.000Z</time>
      </trkpt>
      <trkpt lat="-6.602137" lon="106.911">
        <ele>415</ele>
        <time>2024-06-26T00:15:15.000Z</time>
      </trkpt>
      <trkpt lat="-6.602157" lon="106.911">
        <ele>415</ele>
        <time>2024-06-26T00:15:18.000Z</time>
      </trkpt>
      <trkpt lat="-6.60218" lon="106.911007">
        <ele>415</ele>
        <time>2024-06-26T00:15:21.000Z</time>
      </trkpt>
      <trkpt lat="-6.602222" lon="106.911007">
        <ele>415</ele>
        <time>2024-06-26T00:15:28.000Z</time>
      </trkpt>
      <trkpt lat="-6.60224" lon="106.91102">
        <ele>415</ele>
        <time>2024-06-26T00:15:31.000Z</time>
      </trkpt>
      <trkpt lat="-6.60226" lon="106.911027">
        <ele>415</ele>
        <time>2024-06-26T00:15:34.000Z</time>
      </trkpt>
      <trkpt lat="-6.60228" lon="106.911027">
        <ele>415</ele>
        <time>2024-06-26T00:15:37.000Z</time>
      </trkpt>
      <trkpt lat="-6.602338" lon="106.911045">
        <ele>416</ele>
        <time>2024-06-26T00:15:45.000Z</time>
      </trkpt>
      <trkpt lat="-6.602358" lon="106.911072">
        <ele>417</ele>
        <time>2024-06-26T00:15:50.000Z</time>
      </trkpt>
      <trkpt lat="-6.602375" lon="106.911083">
        <ele>417</ele>
        <time>2024-06-26T00:15:53.000Z</time>
      </trkpt>
      <trkpt lat="-6.602395" lon="106.911083">
        <ele>417</ele>
        <time>2024-06-26T00:15:55.000Z</time>
      </trkpt>
      <trkpt lat="-6.60245" lon="106.911122">
        <ele>418</ele>
        <time>2024-06-26T00:16:01.000Z</time>
      </trkpt>
      <trkpt lat="-6.602458" lon="106.911142">
        <ele>419</ele>
        <time>2024-06-26T00:16:04.000Z</time>
      </trkpt>
      <trkpt lat="-6.60248" lon="106.911148">
        <ele>419</ele>
        <time>2024-06-26T00:16:06.000Z</time>
      </trkpt>
      <trkpt lat="-6.602508" lon="106.911187">
        <ele>421</ele>
        <time>2024-06-26T00:16:11.000Z</time>
      </trkpt>
      <trkpt lat="-6.60253" lon="106.911193">
        <ele>421</ele>
        <time>2024-06-26T00:16:13.000Z</time>
      </trkpt>
      <trkpt lat="-6.602547" lon="106.911218">
        <ele>422</ele>
        <time>2024-06-26T00:16:16.000Z</time>
      </trkpt>
      <trkpt lat="-6.602567" lon="106.911232">
        <ele>422</ele>
        <time>2024-06-26T00:16:18.000Z</time>
      </trkpt>
      <trkpt lat="-6.602613" lon="106.911243">
        <ele>422</ele>
        <time>2024-06-26T00:16:23.000Z</time>
      </trkpt>
      <trkpt lat="-6.60263" lon="106.911257">
        <ele>422</ele>
        <time>2024-06-26T00:16:25.000Z</time>
      </trkpt>
      <trkpt lat="-6.602678" lon="106.911257">
        <ele>422</ele>
        <time>2024-06-26T00:16:30.000Z</time>
      </trkpt>
      <trkpt lat="-6.6027" lon="106.911263">
        <ele>422</ele>
        <time>2024-06-26T00:16:32.000Z</time>
      </trkpt>
      <trkpt lat="-6.602837" lon="106.911263">
        <ele>420</ele>
        <time>2024-06-26T00:16:46.000Z</time>
      </trkpt>
      <trkpt lat="-6.602855" lon="106.911257">
        <ele>420</ele>
        <time>2024-06-26T00:16:48.000Z</time>
      </trkpt>
      <trkpt lat="-6.602877" lon="106.911238">
        <ele>418</ele>
        <time>2024-06-26T00:16:51.000Z</time>
      </trkpt>
      <trkpt lat="-6.602927" lon="106.911225">
        <ele>417</ele>
        <time>2024-06-26T00:16:56.000Z</time>
      </trkpt>
      <trkpt lat="-6.60297" lon="106.911225">
        <ele>417</ele>
        <time>2024-06-26T00:17:00.000Z</time>
      </trkpt>
      <trkpt lat="-6.603013" lon="106.911238">
        <ele>417</ele>
        <time>2024-06-26T00:17:05.000Z</time>
      </trkpt>
      <trkpt lat="-6.603058" lon="106.911243">
        <ele>417</ele>
        <time>2024-06-26T00:17:09.000Z</time>
      </trkpt>
      <trkpt lat="-6.603075" lon="106.911257">
        <ele>417</ele>
        <time>2024-06-26T00:17:12.000Z</time>
      </trkpt>
      <trkpt lat="-6.60313" lon="106.91127">
        <ele>417</ele>
        <time>2024-06-26T00:17:17.000Z</time>
      </trkpt>
      <trkpt lat="-6.60318" lon="106.91127">
        <ele>416</ele>
        <time>2024-06-26T00:17:21.000Z</time>
      </trkpt>
      <trkpt lat="-6.603202" lon="106.911277">
        <ele>416</ele>
        <time>2024-06-26T00:17:23.000Z</time>
      </trkpt>
      <trkpt lat="-6.603222" lon="106.911277">
        <ele>416</ele>
        <time>2024-06-26T00:17:25.000Z</time>
      </trkpt>
      <trkpt lat="-6.603248" lon="106.91127">
        <ele>415</ele>
        <time>2024-06-26T00:17:27.000Z</time>
      </trkpt>
      <trkpt lat="-6.60327" lon="106.911257">
        <ele>415</ele>
        <time>2024-06-26T00:17:29.000Z</time>
      </trkpt>
      <trkpt lat="-6.60333" lon="106.911263">
        <ele>414</ele>
        <time>2024-06-26T00:17:35.000Z</time>
      </trkpt>
      <trkpt lat="-6.603353" lon="106.911277">
        <ele>415</ele>
        <time>2024-06-26T00:17:37.000Z</time>
      </trkpt>
      <trkpt lat="-6.603373" lon="106.911282">
        <ele>415</ele>
        <time>2024-06-26T00:17:39.000Z</time>
      </trkpt>
      <trkpt lat="-6.603388" lon="106.911302">
        <ele>415</ele>
        <time>2024-06-26T00:17:41.000Z</time>
      </trkpt>
      <trkpt lat="-6.603408" lon="106.911308">
        <ele>415</ele>
        <time>2024-06-26T00:17:43.000Z</time>
      </trkpt>
      <trkpt lat="-6.60343" lon="106.91132">
        <ele>416</ele>
        <time>2024-06-26T00:17:45.000Z</time>
      </trkpt>
      <trkpt lat="-6.603485" lon="106.91132">
        <ele>415</ele>
        <time>2024-06-26T00:17:50.000Z</time>
      </trkpt>
      <trkpt lat="-6.603505" lon="106.911327">
        <ele>416</ele>
        <time>2024-06-26T00:17:52.000Z</time>
      </trkpt>
      <trkpt lat="-6.60352" lon="106.91134">
        <ele>416</ele>
        <time>2024-06-26T00:17:54.000Z</time>
      </trkpt>
      <trkpt lat="-6.603547" lon="106.911347">
        <ele>416</ele>
        <time>2024-06-26T00:17:56.000Z</time>
      </trkpt>
      <trkpt lat="-6.60357" lon="106.911347">
        <ele>416</ele>
        <time>2024-06-26T00:17:58.000Z</time>
      </trkpt>
      <trkpt lat="-6.603585" lon="106.911327">
        <ele>415</ele>
        <time>2024-06-26T00:18:00.000Z</time>
      </trkpt>
      <trkpt lat="-6.60368" lon="106.911327">
        <ele>414</ele>
        <time>2024-06-26T00:18:09.000Z</time>
      </trkpt>
      <trkpt lat="-6.60371" lon="106.91132">
        <ele>414</ele>
        <time>2024-06-26T00:18:11.000Z</time>
      </trkpt>
      <trkpt lat="-6.603728" lon="106.911327">
        <ele>414</ele>
        <time>2024-06-26T00:18:13.000Z</time>
      </trkpt>
      <trkpt lat="-6.603758" lon="106.911327">
        <ele>414</ele>
        <time>2024-06-26T00:18:16.000Z</time>
      </trkpt>
      <trkpt lat="-6.60379" lon="106.91132">
        <ele>414</ele>
        <time>2024-06-26T00:18:19.000Z</time>
      </trkpt>
      <trkpt lat="-6.603838" lon="106.91132">
        <ele>413</ele>
        <time>2024-06-26T00:18:23.000Z</time>
      </trkpt>
      <trkpt lat="-6.603845" lon="106.911302">
        <ele>413</ele>
        <time>2024-06-26T00:18:25.000Z</time>
      </trkpt>
      <trkpt lat="-6.60387" lon="106.911263">
        <ele>411</ele>
        <time>2024-06-26T00:18:31.000Z</time>
      </trkpt>
      <trkpt lat="-6.603855" lon="106.911282">
        <ele>412</ele>
        <time>2024-06-26T00:18:35.000Z</time>
      </trkpt>
      <trkpt lat="-6.603835" lon="106.911282">
        <ele>412</ele>
        <time>2024-06-26T00:18:37.000Z</time>
      </trkpt>
      <trkpt lat="-6.603862" lon="106.911282">
        <ele>412</ele>
        <time>2024-06-26T00:18:41.000Z</time>
      </trkpt>
      <trkpt lat="-6.603878" lon="106.91127">
        <ele>411</ele>
        <time>2024-06-26T00:18:44.000Z</time>
      </trkpt>
      <trkpt lat="-6.603888" lon="106.911243">
        <ele>411</ele>
        <time>2024-06-26T00:18:48.000Z</time>
      </trkpt>
      <trkpt lat="-6.603907" lon="106.911243">
        <ele>411</ele>
        <time>2024-06-26T00:18:50.000Z</time>
      </trkpt>
      <trkpt lat="-6.603927" lon="106.911238">
        <ele>410</ele>
        <time>2024-06-26T00:18:53.000Z</time>
      </trkpt>
      <trkpt lat="-6.603922" lon="106.911218">
        <ele>410</ele>
        <time>2024-06-26T00:18:56.000Z</time>
      </trkpt>
      <trkpt lat="-6.603898" lon="106.911225">
        <ele>410</ele>
        <time>2024-06-26T00:18:59.000Z</time>
      </trkpt>
      <trkpt lat="-6.603882" lon="106.911238">
        <ele>411</ele>
        <time>2024-06-26T00:19:02.000Z</time>
      </trkpt>
      <trkpt lat="-6.603862" lon="106.911238">
        <ele>411</ele>
        <time>2024-06-26T00:19:05.000Z</time>
      </trkpt>
      <trkpt lat="-6.603865" lon="106.911257">
        <ele>411</ele>
        <time>2024-06-26T00:19:07.000Z</time>
      </trkpt>
      <trkpt lat="-6.603855" lon="106.911238">
        <ele>411</ele>
        <time>2024-06-26T00:19:10.000Z</time>
      </trkpt>
      <trkpt lat="-6.603865" lon="106.911218">
        <ele>410</ele>
        <time>2024-06-26T00:19:13.000Z</time>
      </trkpt>
      <trkpt lat="-6.60388" lon="106.911232">
        <ele>410</ele>
        <time>2024-06-26T00:19:16.000Z</time>
      </trkpt>
      <trkpt lat="-6.603888" lon="106.911257">
        <ele>411</ele>
        <time>2024-06-26T00:19:19.000Z</time>
      </trkpt>
      <trkpt lat="-6.603912" lon="106.911302">
        <ele>412</ele>
        <time>2024-06-26T00:19:26.000Z</time>
      </trkpt>
      <trkpt lat="-6.603928" lon="106.91132">
        <ele>413</ele>
        <time>2024-06-26T00:19:29.000Z</time>
      </trkpt>
      <trkpt lat="-6.603957" lon="106.911378">
        <ele>414</ele>
        <time>2024-06-26T00:19:38.000Z</time>
      </trkpt>
      <trkpt lat="-6.603962" lon="106.911398">
        <ele>415</ele>
        <time>2024-06-26T00:19:41.000Z</time>
      </trkpt>
      <trkpt lat="-6.60402" lon="106.911442">
        <ele>415</ele>
        <time>2024-06-26T00:19:51.000Z</time>
      </trkpt>
      <trkpt lat="-6.604033" lon="106.911462">
        <ele>416</ele>
        <time>2024-06-26T00:19:54.000Z</time>
      </trkpt>
      <trkpt lat="-6.604063" lon="106.911493">
        <ele>416</ele>
        <time>2024-06-26T00:20:00.000Z</time>
      </trkpt>
      <trkpt lat="-6.604095" lon="106.911518">
        <ele>416</ele>
        <time>2024-06-26T00:20:05.000Z</time>
      </trkpt>
      <trkpt lat="-6.604115" lon="106.911538">
        <ele>417</ele>
        <time>2024-06-26T00:20:09.000Z</time>
      </trkpt>
      <trkpt lat="-6.604135" lon="106.911545">
        <ele>417</ele>
        <time>2024-06-26T00:20:12.000Z</time>
      </trkpt>
      <trkpt lat="-6.604158" lon="106.911545">
        <ele>416</ele>
        <time>2024-06-26T00:20:14.000Z</time>
      </trkpt>
      <trkpt lat="-6.604178" lon="106.911552">
        <ele>416</ele>
        <time>2024-06-26T00:20:16.000Z</time>
      </trkpt>
      <trkpt lat="-6.604212" lon="106.911577">
        <ele>416</ele>
        <time>2024-06-26T00:20:19.000Z</time>
      </trkpt>
      <trkpt lat="-6.604235" lon="106.911583">
        <ele>416</ele>
        <time>2024-06-26T00:20:21.000Z</time>
      </trkpt>
      <trkpt lat="-6.604278" lon="106.911602">
        <ele>416</ele>
        <time>2024-06-26T00:20:24.000Z</time>
      </trkpt>
      <trkpt lat="-6.604302" lon="106.911602">
        <ele>416</ele>
        <time>2024-06-26T00:20:26.000Z</time>
      </trkpt>
      <trkpt lat="-6.604333" lon="106.911597">
        <ele>416</ele>
        <time>2024-06-26T00:20:29.000Z</time>
      </trkpt>
      <trkpt lat="-6.6044" lon="106.911602">
        <ele>415</ele>
        <time>2024-06-26T00:20:34.000Z</time>
      </trkpt>
      <trkpt lat="-6.604423" lon="106.911597">
        <ele>415</ele>
        <time>2024-06-26T00:20:36.000Z</time>
      </trkpt>
      <trkpt lat="-6.604445" lon="106.911615">
        <ele>415</ele>
        <time>2024-06-26T00:20:38.000Z</time>
      </trkpt>
      <trkpt lat="-6.60449" lon="106.911615">
        <ele>414</ele>
        <time>2024-06-26T00:20:41.000Z</time>
      </trkpt>
      <trkpt lat="-6.604512" lon="106.911622">
        <ele>414</ele>
        <time>2024-06-26T00:20:43.000Z</time>
      </trkpt>
      <trkpt lat="-6.604575" lon="106.911597">
        <ele>413</ele>
        <time>2024-06-26T00:20:48.000Z</time>
      </trkpt>
      <trkpt lat="-6.6046" lon="106.911597">
        <ele>413</ele>
        <time>2024-06-26T00:20:50.000Z</time>
      </trkpt>
      <trkpt lat="-6.604622" lon="106.91159">
        <ele>412</ele>
        <time>2024-06-26T00:20:52.000Z</time>
      </trkpt>
      <trkpt lat="-6.60466" lon="106.911563">
        <ele>411</ele>
        <time>2024-06-26T00:20:55.000Z</time>
      </trkpt>
      <trkpt lat="-6.604793" lon="106.911563">
        <ele>410</ele>
        <time>2024-06-26T00:21:05.000Z</time>
      </trkpt>
      <trkpt lat="-6.604807" lon="106.911577">
        <ele>410</ele>
        <time>2024-06-26T00:21:07.000Z</time>
      </trkpt>
      <trkpt lat="-6.604845" lon="106.911577">
        <ele>410</ele>
        <time>2024-06-26T00:21:10.000Z</time>
      </trkpt>
      <trkpt lat="-6.60487" lon="106.911563">
        <ele>409</ele>
        <time>2024-06-26T00:21:12.000Z</time>
      </trkpt>
      <trkpt lat="-6.60492" lon="106.911563">
        <ele>408</ele>
        <time>2024-06-26T00:21:16.000Z</time>
      </trkpt>
      <trkpt lat="-6.604935" lon="106.911552">
        <ele>408</ele>
        <time>2024-06-26T00:21:18.000Z</time>
      </trkpt>
      <trkpt lat="-6.604955" lon="106.911545">
        <ele>408</ele>
        <time>2024-06-26T00:21:20.000Z</time>
      </trkpt>
      <trkpt lat="-6.60499" lon="106.911577">
        <ele>408</ele>
        <time>2024-06-26T00:21:26.000Z</time>
      </trkpt>
      <trkpt lat="-6.605053" lon="106.911597">
        <ele>408</ele>
        <time>2024-06-26T00:21:33.000Z</time>
      </trkpt>
      <trkpt lat="-6.605113" lon="106.911597">
        <ele>408</ele>
        <time>2024-06-26T00:21:39.000Z</time>
      </trkpt>
      <trkpt lat="-6.605133" lon="106.91159">
        <ele>408</ele>
        <time>2024-06-26T00:21:42.000Z</time>
      </trkpt>
      <trkpt lat="-6.605177" lon="106.91159">
        <ele>408</ele>
        <time>2024-06-26T00:21:46.000Z</time>
      </trkpt>
      <trkpt lat="-6.605225" lon="106.911602">
        <ele>408</ele>
        <time>2024-06-26T00:21:52.000Z</time>
      </trkpt>
      <trkpt lat="-6.605248" lon="106.911597">
        <ele>408</ele>
        <time>2024-06-26T00:21:54.000Z</time>
      </trkpt>
      <trkpt lat="-6.605288" lon="106.911597">
        <ele>408</ele>
        <time>2024-06-26T00:21:59.000Z</time>
      </trkpt>
      <trkpt lat="-6.605307" lon="106.911615">
        <ele>408</ele>
        <time>2024-06-26T00:22:02.000Z</time>
      </trkpt>
      <trkpt lat="-6.605352" lon="106.91164">
        <ele>408</ele>
        <time>2024-06-26T00:22:07.000Z</time>
      </trkpt>
      <trkpt lat="-6.60537" lon="106.91166">
        <ele>409</ele>
        <time>2024-06-26T00:22:10.000Z</time>
      </trkpt>
      <trkpt lat="-6.605393" lon="106.911667">
        <ele>409</ele>
        <time>2024-06-26T00:22:13.000Z</time>
      </trkpt>
      <trkpt lat="-6.605437" lon="106.911653">
        <ele>408</ele>
        <time>2024-06-26T00:22:18.000Z</time>
      </trkpt>
      <trkpt lat="-6.605453" lon="106.911653">
        <ele>408</ele>
        <time>2024-06-26T00:22:20.000Z</time>
      </trkpt>
      <trkpt lat="-6.605473" lon="106.91166">
        <ele>408</ele>
        <time>2024-06-26T00:22:22.000Z</time>
      </trkpt>
      <trkpt lat="-6.605495" lon="106.911673">
        <ele>409</ele>
        <time>2024-06-26T00:22:25.000Z</time>
      </trkpt>
      <trkpt lat="-6.605535" lon="106.911673">
        <ele>409</ele>
        <time>2024-06-26T00:22:29.000Z</time>
      </trkpt>
      <trkpt lat="-6.605555" lon="106.91168">
        <ele>409</ele>
        <time>2024-06-26T00:22:31.000Z</time>
      </trkpt>
      <trkpt lat="-6.605575" lon="106.91168">
        <ele>409</ele>
        <time>2024-06-26T00:22:33.000Z</time>
      </trkpt>
      <trkpt lat="-6.605595" lon="106.911692">
        <ele>409</ele>
        <time>2024-06-26T00:22:36.000Z</time>
      </trkpt>
      <trkpt lat="-6.60562" lon="106.911698">
        <ele>409</ele>
        <time>2024-06-26T00:22:39.000Z</time>
      </trkpt>
      <trkpt lat="-6.605645" lon="106.911712">
        <ele>410</ele>
        <time>2024-06-26T00:22:42.000Z</time>
      </trkpt>
      <trkpt lat="-6.605665" lon="106.911718">
        <ele>410</ele>
        <time>2024-06-26T00:22:45.000Z</time>
      </trkpt>
      <trkpt lat="-6.605673" lon="106.911737">
        <ele>410</ele>
        <time>2024-06-26T00:22:48.000Z</time>
      </trkpt>
      <trkpt lat="-6.605697" lon="106.911743">
        <ele>410</ele>
        <time>2024-06-26T00:22:52.000Z</time>
      </trkpt>
      <trkpt lat="-6.60571" lon="106.911757">
        <ele>411</ele>
        <time>2024-06-26T00:22:55.000Z</time>
      </trkpt>
      <trkpt lat="-6.605773" lon="106.911757">
        <ele>410</ele>
        <time>2024-06-26T00:23:06.000Z</time>
      </trkpt>
      <trkpt lat="-6.605797" lon="106.91175">
        <ele>410</ele>
        <time>2024-06-26T00:23:10.000Z</time>
      </trkpt>
      <trkpt lat="-6.605813" lon="106.91175">
        <ele>410</ele>
        <time>2024-06-26T00:23:12.000Z</time>
      </trkpt>
      <trkpt lat="-6.605833" lon="106.911743">
        <ele>410</ele>
        <time>2024-06-26T00:23:16.000Z</time>
      </trkpt>
      <trkpt lat="-6.605852" lon="106.911743">
        <ele>410</ele>
        <time>2024-06-26T00:23:19.000Z</time>
      </trkpt>
      <trkpt lat="-6.60587" lon="106.911723">
        <ele>410</ele>
        <time>2024-06-26T00:23:23.000Z</time>
      </trkpt>
      <trkpt lat="-6.605868" lon="106.911705">
        <ele>409</ele>
        <time>2024-06-26T00:23:26.000Z</time>
      </trkpt>
      <trkpt lat="-6.605892" lon="106.911698">
        <ele>410</ele>
        <time>2024-06-26T00:23:30.000Z</time>
      </trkpt>
      <trkpt lat="-6.605902" lon="106.91168">
        <ele>409</ele>
        <time>2024-06-26T00:23:33.000Z</time>
      </trkpt>
      <trkpt lat="-6.605888" lon="106.911667">
        <ele>409</ele>
        <time>2024-06-26T00:23:36.000Z</time>
      </trkpt>
      <trkpt lat="-6.605898" lon="106.911692">
        <ele>410</ele>
        <time>2024-06-26T00:23:41.000Z</time>
      </trkpt>
      <trkpt lat="-6.605922" lon="106.911712">
        <ele>410</ele>
        <time>2024-06-26T00:23:46.000Z</time>
      </trkpt>
      <trkpt lat="-6.605945" lon="106.911712">
        <ele>411</ele>
        <time>2024-06-26T00:23:50.000Z</time>
      </trkpt>
      <trkpt lat="-6.60597" lon="106.911705">
        <ele>411</ele>
        <time>2024-06-26T00:23:54.000Z</time>
      </trkpt>
      <trkpt lat="-6.60601" lon="106.91168">
        <ele>411</ele>
        <time>2024-06-26T00:24:01.000Z</time>
      </trkpt>
      <trkpt lat="-6.606098" lon="106.91168">
        <ele>413</ele>
        <time>2024-06-26T00:24:16.000Z</time>
      </trkpt>
      <trkpt lat="-6.606123" lon="106.911673">
        <ele>413</ele>
        <time>2024-06-26T00:24:20.000Z</time>
      </trkpt>
      <trkpt lat="-6.606147" lon="106.911653">
        <ele>413</ele>
        <time>2024-06-26T00:24:25.000Z</time>
      </trkpt>
      <trkpt lat="-6.606163" lon="106.911705">
        <ele>414</ele>
        <time>2024-06-26T00:24:34.000Z</time>
      </trkpt>
      <trkpt lat="-6.606173" lon="106.911723">
        <ele>415</ele>
        <time>2024-06-26T00:24:37.000Z</time>
      </trkpt>
      <trkpt lat="-6.606183" lon="106.911762">
        <ele>415</ele>
        <time>2024-06-26T00:24:43.000Z</time>
      </trkpt>
      <trkpt lat="-6.606215" lon="106.9118">
        <ele>416</ele>
        <time>2024-06-26T00:24:51.000Z</time>
      </trkpt>
      <trkpt lat="-6.60622" lon="106.91182">
        <ele>417</ele>
        <time>2024-06-26T00:24:55.000Z</time>
      </trkpt>
      <trkpt lat="-6.60625" lon="106.911852">
        <ele>418</ele>
        <time>2024-06-26T00:25:03.000Z</time>
      </trkpt>
      <trkpt lat="-6.606302" lon="106.911922">
        <ele>419</ele>
        <time>2024-06-26T00:25:20.000Z</time>
      </trkpt>
      <trkpt lat="-6.606335" lon="106.912012">
        <ele>421</ele>
        <time>2024-06-26T00:25:37.000Z</time>
      </trkpt>
      <trkpt lat="-6.606357" lon="106.912018">
        <ele>421</ele>
        <time>2024-06-26T00:25:42.000Z</time>
      </trkpt>
      <trkpt lat="-6.606377" lon="106.912012">
        <ele>421</ele>
        <time>2024-06-26T00:25:46.000Z</time>
      </trkpt>
      <trkpt lat="-6.606417" lon="106.911987">
        <ele>422</ele>
        <time>2024-06-26T00:25:55.000Z</time>
      </trkpt>
      <trkpt lat="-6.606468" lon="106.911935">
        <ele>422</ele>
        <time>2024-06-26T00:26:08.000Z</time>
      </trkpt>
      <trkpt lat="-6.606487" lon="106.911922">
        <ele>422</ele>
        <time>2024-06-26T00:26:13.000Z</time>
      </trkpt>
      <trkpt lat="-6.60651" lon="106.911917">
        <ele>422</ele>
        <time>2024-06-26T00:26:17.000Z</time>
      </trkpt>
      <trkpt lat="-6.60653" lon="106.911917">
        <ele>422</ele>
        <time>2024-06-26T00:26:21.000Z</time>
      </trkpt>
      <trkpt lat="-6.606552" lon="106.911903">
        <ele>422</ele>
        <time>2024-06-26T00:26:26.000Z</time>
      </trkpt>
      <trkpt lat="-6.60657" lon="106.91191">
        <ele>423</ele>
        <time>2024-06-26T00:26:29.000Z</time>
      </trkpt>
      <trkpt lat="-6.606588" lon="106.91191">
        <ele>423</ele>
        <time>2024-06-26T00:26:33.000Z</time>
      </trkpt>
      <trkpt lat="-6.606608" lon="106.911903">
        <ele>423</ele>
        <time>2024-06-26T00:26:37.000Z</time>
      </trkpt>
      <trkpt lat="-6.606632" lon="106.911917">
        <ele>423</ele>
        <time>2024-06-26T00:26:42.000Z</time>
      </trkpt>
      <trkpt lat="-6.60666" lon="106.91191">
        <ele>424</ele>
        <time>2024-06-26T00:26:47.000Z</time>
      </trkpt>
      <trkpt lat="-6.606678" lon="106.91191">
        <ele>424</ele>
        <time>2024-06-26T00:26:51.000Z</time>
      </trkpt>
      <trkpt lat="-6.606702" lon="106.911903">
        <ele>424</ele>
        <time>2024-06-26T00:26:55.000Z</time>
      </trkpt>
      <trkpt lat="-6.606722" lon="106.91191">
        <ele>425</ele>
        <time>2024-06-26T00:26:59.000Z</time>
      </trkpt>
      <trkpt lat="-6.60674" lon="106.91191">
        <ele>425</ele>
        <time>2024-06-26T00:27:03.000Z</time>
      </trkpt>
      <trkpt lat="-6.606763" lon="106.911903">
        <ele>426</ele>
        <time>2024-06-26T00:27:07.000Z</time>
      </trkpt>
      <trkpt lat="-6.606782" lon="106.911917">
        <ele>426</ele>
        <time>2024-06-26T00:27:12.000Z</time>
      </trkpt>
      <trkpt lat="-6.606793" lon="106.911935">
        <ele>426</ele>
        <time>2024-06-26T00:27:16.000Z</time>
      </trkpt>
      <trkpt lat="-6.606813" lon="106.911942">
        <ele>427</ele>
        <time>2024-06-26T00:27:20.000Z</time>
      </trkpt>
      <trkpt lat="-6.606877" lon="106.911942">
        <ele>428</ele>
        <time>2024-06-26T00:27:32.000Z</time>
      </trkpt>
      <trkpt lat="-6.60689" lon="106.911955">
        <ele>428</ele>
        <time>2024-06-26T00:27:36.000Z</time>
      </trkpt>
      <trkpt lat="-6.60691" lon="106.91196">
        <ele>429</ele>
        <time>2024-06-26T00:27:40.000Z</time>
      </trkpt>
      <trkpt lat="-6.606942" lon="106.911987">
        <ele>430</ele>
        <time>2024-06-26T00:27:49.000Z</time>
      </trkpt>
      <trkpt lat="-6.60696" lon="106.911993">
        <ele>430</ele>
        <time>2024-06-26T00:27:53.000Z</time>
      </trkpt>
      <trkpt lat="-6.606992" lon="106.912025">
        <ele>431</ele>
        <time>2024-06-26T00:28:02.000Z</time>
      </trkpt>
      <trkpt lat="-6.607008" lon="106.91207">
        <ele>431</ele>
        <time>2024-06-26T00:28:12.000Z</time>
      </trkpt>
      <trkpt lat="-6.607025" lon="106.912095">
        <ele>432</ele>
        <time>2024-06-26T00:28:18.000Z</time>
      </trkpt>
      <trkpt lat="-6.607035" lon="106.912133">
        <ele>432</ele>
        <time>2024-06-26T00:28:26.000Z</time>
      </trkpt>
      <trkpt lat="-6.607048" lon="106.912153">
        <ele>432</ele>
        <time>2024-06-26T00:28:31.000Z</time>
      </trkpt>
      <trkpt lat="-6.607068" lon="106.91216">
        <ele>433</ele>
        <time>2024-06-26T00:28:35.000Z</time>
      </trkpt>
      <trkpt lat="-6.607102" lon="106.912185">
        <ele>434</ele>
        <time>2024-06-26T00:28:44.000Z</time>
      </trkpt>
      <trkpt lat="-6.607112" lon="106.91221">
        <ele>434</ele>
        <time>2024-06-26T00:28:50.000Z</time>
      </trkpt>
      <trkpt lat="-6.607127" lon="106.912223">
        <ele>434</ele>
        <time>2024-06-26T00:28:54.000Z</time>
      </trkpt>
      <trkpt lat="-6.607127" lon="106.912248">
        <ele>434</ele>
        <time>2024-06-26T00:28:59.000Z</time>
      </trkpt>
      <trkpt lat="-6.607137" lon="106.912268">
        <ele>434</ele>
        <time>2024-06-26T00:29:03.000Z</time>
      </trkpt>
      <trkpt lat="-6.607157" lon="106.912268">
        <ele>435</ele>
        <time>2024-06-26T00:29:08.000Z</time>
      </trkpt>
      <trkpt lat="-6.607167" lon="106.912287">
        <ele>435</ele>
        <time>2024-06-26T00:29:12.000Z</time>
      </trkpt>
      <trkpt lat="-6.60719" lon="106.912287">
        <ele>435</ele>
        <time>2024-06-26T00:29:17.000Z</time>
      </trkpt>
      <trkpt lat="-6.607238" lon="106.9123">
        <ele>436</ele>
        <time>2024-06-26T00:29:27.000Z</time>
      </trkpt>
      <trkpt lat="-6.607258" lon="106.912313">
        <ele>437</ele>
        <time>2024-06-26T00:29:32.000Z</time>
      </trkpt>
      <trkpt lat="-6.607277" lon="106.912332">
        <ele>437</ele>
        <time>2024-06-26T00:29:37.000Z</time>
      </trkpt>
      <trkpt lat="-6.607315" lon="106.912358">
        <ele>438</ele>
        <time>2024-06-26T00:29:47.000Z</time>
      </trkpt>
      <trkpt lat="-6.607332" lon="106.912377">
        <ele>438</ele>
        <time>2024-06-26T00:29:52.000Z</time>
      </trkpt>
      <trkpt lat="-6.607355" lon="106.91239">
        <ele>438</ele>
        <time>2024-06-26T00:29:57.000Z</time>
      </trkpt>
      <trkpt lat="-6.607372" lon="106.912408">
        <ele>439</ele>
        <time>2024-06-26T00:30:03.000Z</time>
      </trkpt>
      <trkpt lat="-6.60741" lon="106.912435">
        <ele>439</ele>
        <time>2024-06-26T00:30:12.000Z</time>
      </trkpt>
      <trkpt lat="-6.607437" lon="106.91246">
        <ele>440</ele>
        <time>2024-06-26T00:30:20.000Z</time>
      </trkpt>
      <trkpt lat="-6.607462" lon="106.91246">
        <ele>440</ele>
        <time>2024-06-26T00:30:26.000Z</time>
      </trkpt>
      <trkpt lat="-6.60748" lon="106.912467">
        <ele>441</ele>
        <time>2024-06-26T00:30:30.000Z</time>
      </trkpt>
      <trkpt lat="-6.6075" lon="106.912485">
        <ele>441</ele>
        <time>2024-06-26T00:30:36.000Z</time>
      </trkpt>
      <trkpt lat="-6.60754" lon="106.912505">
        <ele>442</ele>
        <time>2024-06-26T00:30:46.000Z</time>
      </trkpt>
      <trkpt lat="-6.60756" lon="106.912512">
        <ele>442</ele>
        <time>2024-06-26T00:30:51.000Z</time>
      </trkpt>
      <trkpt lat="-6.60758" lon="106.912512">
        <ele>442</ele>
        <time>2024-06-26T00:30:55.000Z</time>
      </trkpt>
      <trkpt lat="-6.607608" lon="106.91253">
        <ele>443</ele>
        <time>2024-06-26T00:31:03.000Z</time>
      </trkpt>
      <trkpt lat="-6.607648" lon="106.912543">
        <ele>443</ele>
        <time>2024-06-26T00:31:12.000Z</time>
      </trkpt>
      <trkpt lat="-6.607668" lon="106.912557">
        <ele>444</ele>
        <time>2024-06-26T00:31:18.000Z</time>
      </trkpt>
      <trkpt lat="-6.6077" lon="106.912588">
        <ele>444</ele>
        <time>2024-06-26T00:31:28.000Z</time>
      </trkpt>
      <trkpt lat="-6.607745" lon="106.91262">
        <ele>445</ele>
        <time>2024-06-26T00:31:40.000Z</time>
      </trkpt>
      <trkpt lat="-6.607792" lon="106.912633">
        <ele>446</ele>
        <time>2024-06-26T00:31:51.000Z</time>
      </trkpt>
      <trkpt lat="-6.607807" lon="106.912645">
        <ele>446</ele>
        <time>2024-06-26T00:31:55.000Z</time>
      </trkpt>
      <trkpt lat="-6.607878" lon="106.912672">
        <ele>448</ele>
        <time>2024-06-26T00:32:12.000Z</time>
      </trkpt>
      <trkpt lat="-6.60792" lon="106.912672">
        <ele>449</ele>
        <time>2024-06-26T00:32:21.000Z</time>
      </trkpt>
      <trkpt lat="-6.60795" lon="106.91269">
        <ele>449</ele>
        <time>2024-06-26T00:32:29.000Z</time>
      </trkpt>
      <trkpt lat="-6.607972" lon="106.912697">
        <ele>450</ele>
        <time>2024-06-26T00:32:34.000Z</time>
      </trkpt>
      <trkpt lat="-6.607995" lon="106.91271">
        <ele>450</ele>
        <time>2024-06-26T00:32:40.000Z</time>
      </trkpt>
      <trkpt lat="-6.608062" lon="106.91271">
        <ele>451</ele>
        <time>2024-06-26T00:32:55.000Z</time>
      </trkpt>
      <trkpt lat="-6.608092" lon="106.912703">
        <ele>452</ele>
        <time>2024-06-26T00:33:02.000Z</time>
      </trkpt>
      <trkpt lat="-6.608118" lon="106.912703">
        <ele>452</ele>
        <time>2024-06-26T00:33:08.000Z</time>
      </trkpt>
      <trkpt lat="-6.608162" lon="106.91269">
        <ele>453</ele>
        <time>2024-06-26T00:33:17.000Z</time>
      </trkpt>
      <trkpt lat="-6.60818" lon="106.912672">
        <ele>453</ele>
        <time>2024-06-26T00:33:21.000Z</time>
      </trkpt>
      <trkpt lat="-6.608203" lon="106.912665">
        <ele>454</ele>
        <time>2024-06-26T00:33:25.000Z</time>
      </trkpt>
      <trkpt lat="-6.608238" lon="106.912627">
        <ele>454</ele>
        <time>2024-06-26T00:33:33.000Z</time>
      </trkpt>
      <trkpt lat="-6.608258" lon="106.912588">
        <ele>454</ele>
        <time>2024-06-26T00:33:40.000Z</time>
      </trkpt>
      <trkpt lat="-6.608283" lon="106.91255">
        <ele>454</ele>
        <time>2024-06-26T00:33:48.000Z</time>
      </trkpt>
      <trkpt lat="-6.6083" lon="106.912537">
        <ele>454</ele>
        <time>2024-06-26T00:33:51.000Z</time>
      </trkpt>
      <trkpt lat="-6.60831" lon="106.912518">
        <ele>454</ele>
        <time>2024-06-26T00:33:54.000Z</time>
      </trkpt>
      <trkpt lat="-6.608325" lon="106.912505">
        <ele>454</ele>
        <time>2024-06-26T00:33:58.000Z</time>
      </trkpt>
      <trkpt lat="-6.60835" lon="106.912505">
        <ele>454</ele>
        <time>2024-06-26T00:34:02.000Z</time>
      </trkpt>
      <trkpt lat="-6.608395" lon="106.91253">
        <ele>455</ele>
        <time>2024-06-26T00:34:10.000Z</time>
      </trkpt>
      <trkpt lat="-6.608462" lon="106.91253">
        <ele>457</ele>
        <time>2024-06-26T00:34:21.000Z</time>
      </trkpt>
      <trkpt lat="-6.608485" lon="106.912537">
        <ele>457</ele>
        <time>2024-06-26T00:34:25.000Z</time>
      </trkpt>
      <trkpt lat="-6.608505" lon="106.91255">
        <ele>458</ele>
        <time>2024-06-26T00:34:29.000Z</time>
      </trkpt>
      <trkpt lat="-6.608523" lon="106.912557">
        <ele>458</ele>
        <time>2024-06-26T00:34:32.000Z</time>
      </trkpt>
      <trkpt lat="-6.60855" lon="106.912557">
        <ele>459</ele>
        <time>2024-06-26T00:34:36.000Z</time>
      </trkpt>
      <trkpt lat="-6.60858" lon="106.912582">
        <ele>460</ele>
        <time>2024-06-26T00:34:42.000Z</time>
      </trkpt>
      <trkpt lat="-6.608598" lon="106.912582">
        <ele>460</ele>
        <time>2024-06-26T00:34:45.000Z</time>
      </trkpt>
      <trkpt lat="-6.608618" lon="106.912575">
        <ele>460</ele>
        <time>2024-06-26T00:34:49.000Z</time>
      </trkpt>
      <trkpt lat="-6.608658" lon="106.912575">
        <ele>461</ele>
        <time>2024-06-26T00:34:55.000Z</time>
      </trkpt>
      <trkpt lat="-6.608643" lon="106.912595">
        <ele>461</ele>
        <time>2024-06-26T00:34:59.000Z</time>
      </trkpt>
      <trkpt lat="-6.608647" lon="106.912613">
        <ele>461</ele>
        <time>2024-06-26T00:35:02.000Z</time>
      </trkpt>
      <trkpt lat="-6.608677" lon="106.9124999">
        <ele>460</ele>
        <time>2024-06-26T00:35:21.000Z</time>
      </trkpt>
      <trkpt lat="-6.608807" lon="106.91201">
        <ele>454</ele>
        <time>2024-06-26T00:36:11.000Z</time>
      </trkpt>
      <trkpt lat="-6.608807" lon="106.91201">
        <ele>454</ele>
        <time>2024-06-26T00:36:11.000Z</time>
      </trkpt>
      <trkpt lat="-6.60882" lon="106.91203">
        <ele>454</ele>
        <time>2024-06-26T00:36:14.000Z</time>
      </trkpt>
      <trkpt lat="-6.608837" lon="106.912048">
        <ele>455</ele>
        <time>2024-06-26T00:36:18.683Z</time>
      </trkpt>
      <trkpt lat="-6.608829" lon="106.912048">
        <ele>461.21</ele>
        <time>2024-06-26T00:36:20.201Z</time>
      </trkpt>
      <trkpt lat="-6.608832" lon="106.911943">
        <ele>460.16</ele>
        <time>2024-06-26T00:36:40.008Z</time>
      </trkpt>
      <trkpt lat="-6.608905" lon="106.911807">
        <ele>458.95</ele>
        <time>2024-06-26T00:37:09.156Z</time>
      </trkpt>
      <trkpt lat="-6.608993" lon="106.911864">
        <ele>459.99</ele>
        <time>2024-06-26T00:37:29.019Z</time>
      </trkpt>
      <trkpt lat="-6.609125" lon="106.912157">
        <ele>465.11</ele>
        <time>2024-06-26T00:38:29.683Z</time>
      </trkpt>
      <trkpt lat="-6.609385" lon="106.912429">
        <ele>472.22</ele>
        <time>2024-06-26T00:39:40.860Z</time>
      </trkpt>
      <trkpt lat="-6.609374" lon="106.912839">
        <ele>482.4</ele>
        <time>2024-06-26T00:40:58.197Z</time>
      </trkpt>
      <trkpt lat="-6.609385" lon="106.91309">
        <ele>487.01</ele>
        <time>2024-06-26T00:41:45.571Z</time>
      </trkpt>
      <trkpt lat="-6.609416" lon="106.913383">
        <ele>493.43</ele>
        <time>2024-06-26T00:42:41.131Z</time>
      </trkpt>
      <trkpt lat="-6.609464" lon="106.913649">
        <ele>500.99</ele>
        <time>2024-06-26T00:43:32.108Z</time>
      </trkpt>
      <trkpt lat="-6.609427" lon="106.913921">
        <ele>505.93</ele>
        <time>2024-06-26T00:44:23.874Z</time>
      </trkpt>
      <trkpt lat="-6.609506" lon="106.914102">
        <ele>511.94</ele>
        <time>2024-06-26T00:45:01.152Z</time>
      </trkpt>
      <trkpt lat="-6.609649" lon="106.914198">
        <ele>517.89</ele>
        <time>2024-06-26T00:45:33.778Z</time>
      </trkpt>
      <trkpt lat="-6.609887" lon="106.914214">
        <ele>525.23</ele>
        <time>2024-06-26T00:46:19.056Z</time>
      </trkpt>
      <trkpt lat="-6.60975" lon="106.914582">
        <ele>534.53</ele>
        <time>2024-06-26T00:47:33.159Z</time>
      </trkpt>
      <trkpt lat="-6.609665" lon="106.914705">
        <ele>537.54</ele>
        <time>2024-06-26T00:48:01.412Z</time>
      </trkpt>
      <trkpt lat="-6.60958" lon="106.914769">
        <ele>537.73</ele>
        <time>2024-06-26T00:48:21.560Z</time>
      </trkpt>
      <trkpt lat="-6.609583" lon="106.914823">
        <ele>539.37</ele>
        <time>2024-06-26T00:48:31.758Z</time>
      </trkpt>
      <trkpt lat="-6.609617" lon="106.914924">
        <ele>542.97</ele>
        <time>2024-06-26T00:48:51.866Z</time>
      </trkpt>
      <trkpt lat="-6.609601" lon="106.915083">
        <ele>545.26</ele>
        <time>2024-06-26T00:49:22.000Z</time>
      </trkpt>
      <trkpt lat="-6.609677" lon="106.915285">
        <ele>549.02</ele>
        <time>2024-06-26T00:50:02.729Z</time>
      </trkpt>
      <trkpt lat="-6.609738" lon="106.915772">
        <ele>553.22</ele>
        <time>2024-06-26T00:51:35.284Z</time>
      </trkpt>
      <trkpt lat="-6.609778" lon="106.91591">
        <ele>555.32</ele>
        <time>2024-06-26T00:52:02.390Z</time>
      </trkpt>
      <trkpt lat="-6.609738" lon="106.916001">
        <ele>554.65</ele>
        <time>2024-06-26T00:52:21.153Z</time>
      </trkpt>
      <trkpt lat="-6.609775" lon="106.916124">
        <ele>557.39</ele>
        <time>2024-06-26T00:52:45.385Z</time>
      </trkpt>
      <trkpt lat="-6.60972" lon="106.916197">
        <ele>555.21</ele>
        <time>2024-06-26T00:53:02.661Z</time>
      </trkpt>
      <trkpt lat="-6.609726" lon="106.916338">
        <ele>555.8</ele>
        <time>2024-06-26T00:53:29.272Z</time>
      </trkpt>
      <trkpt lat="-6.609884" lon="106.916562">
        <ele>563.52</ele>
        <time>2024-06-26T00:54:21.074Z</time>
      </trkpt>
      <trkpt lat="-6.610374" lon="106.916709">
        <ele>582.55</ele>
        <time>2024-06-26T00:55:58.128Z</time>
      </trkpt>
      <trkpt lat="-6.610629" lon="106.916803">
        <ele>591.3</ele>
        <time>2024-06-26T00:56:49.675Z</time>
      </trkpt>
      <trkpt lat="-6.610945" lon="106.916858">
        <ele>604.27</ele>
        <time>2024-06-26T00:57:50.548Z</time>
      </trkpt>
      <trkpt lat="-6.611237" lon="106.91699">
        <ele>616.73</ele>
        <time>2024-06-26T00:58:51.307Z</time>
      </trkpt>
      <trkpt lat="-6.611456" lon="106.917097">
        <ele>624.21</ele>
        <time>2024-06-26T00:59:37.515Z</time>
      </trkpt>
      <trkpt lat="-6.611611" lon="106.917195">
        <ele>629.9</ele>
        <time>2024-06-26T01:00:12.258Z</time>
      </trkpt>
      <trkpt lat="-6.611751" lon="106.91736">
        <ele>639.14</ele>
        <time>2024-06-26T01:00:53.175Z</time>
      </trkpt>
      <trkpt lat="-6.611852" lon="106.917345">
        <ele>644.1</ele>
        <time>2024-06-26T01:01:12.554Z</time>
      </trkpt>
      <trkpt lat="-6.611985" lon="106.917256">
        <ele>649.28</ele>
        <time>2024-06-26T01:01:42.869Z</time>
      </trkpt>
      <trkpt lat="-6.61208" lon="106.917155">
        <ele>652.49</ele>
        <time>2024-06-26T01:02:09.096Z</time>
      </trkpt>
      <trkpt lat="-6.612292" lon="106.917051">
        <ele>662.27</ele>
        <time>2024-06-26T01:02:53.861Z</time>
      </trkpt>
      <trkpt lat="-6.612536" lon="106.91688">
        <ele>664.85</ele>
        <time>2024-06-26T01:03:50.295Z</time>
      </trkpt>
      <trkpt lat="-6.612603" lon="106.916898">
        <ele>666.5</ele>
        <time>2024-06-26T01:04:03.458Z</time>
      </trkpt>
      <trkpt lat="-6.612715" lon="106.917024">
        <ele>674.1</ele>
        <time>2024-06-26T01:04:35.339Z</time>
      </trkpt>
      <trkpt lat="-6.612897" lon="106.917155">
        <ele>681.47</ele>
        <time>2024-06-26T01:05:17.808Z</time>
      </trkpt>
      <trkpt lat="-6.613025" lon="106.917238">
        <ele>685.74</ele>
        <time>2024-06-26T01:05:46.709Z</time>
      </trkpt>
      <trkpt lat="-6.613116" lon="106.917226">
        <ele>683.82</ele>
        <time>2024-06-26T01:06:04.130Z</time>
      </trkpt>
      <trkpt lat="-6.613162" lon="106.91729">
        <ele>687.76</ele>
        <time>2024-06-26T01:06:19.025Z</time>
      </trkpt>
      <trkpt lat="-6.613591" lon="106.917465">
        <ele>700.07</ele>
        <time>2024-06-26T01:07:46.890Z</time>
      </trkpt>
      <trkpt lat="-6.613685" lon="106.91752">
        <ele>704.27</ele>
        <time>2024-06-26T01:08:07.528Z</time>
      </trkpt>
      <trkpt lat="-6.613606" lon="106.917688">
        <ele>715</ele>
        <time>2024-06-26T01:08:42.575Z</time>
      </trkpt>
      <trkpt lat="-6.613536" lon="106.917731">
        <ele>717.8</ele>
        <time>2024-06-26T01:08:58.140Z</time>
      </trkpt>
      <trkpt lat="-6.613411" lon="106.917902">
        <ele>727.92</ele>
        <time>2024-06-26T01:09:38.173Z</time>
      </trkpt>
      <trkpt lat="-6.613287" lon="106.918074">
        <ele>735.8</ele>
        <time>2024-06-26T01:10:18.246Z</time>
      </trkpt>
      <trkpt lat="-6.613177" lon="106.918202">
        <ele>741.22</ele>
        <time>2024-06-26T01:10:50.160Z</time>
      </trkpt>
      <trkpt lat="-6.613068" lon="106.918349">
        <ele>746.55</ele>
        <time>2024-06-26T01:11:24.748Z</time>
      </trkpt>
      <trkpt lat="-6.612931" lon="106.918502">
        <ele>751.99</ele>
        <time>2024-06-26T01:12:03.588Z</time>
      </trkpt>
      <trkpt lat="-6.612794" lon="106.91856">
        <ele>751.67</ele>
        <time>2024-06-26T01:12:31.799Z</time>
      </trkpt>
      <trkpt lat="-6.612739" lon="106.918625">
        <ele>751.51</ele>
        <time>2024-06-26T01:12:47.899Z</time>
      </trkpt>
      <trkpt lat="-6.612764" lon="106.918686">
        <ele>753.15</ele>
        <time>2024-06-26T01:13:00.341Z</time>
      </trkpt>
      <trkpt lat="-6.612949" lon="106.918735">
        <ele>753.27</ele>
        <time>2024-06-26T01:13:36.653Z</time>
      </trkpt>
      <trkpt lat="-6.613074" lon="106.918707">
        <ele>753.14</ele>
        <time>2024-06-26T01:14:00.960Z</time>
      </trkpt>
      <trkpt lat="-6.613129" lon="106.918686">
        <ele>752.72</ele>
        <time>2024-06-26T01:14:12.125Z</time>
      </trkpt>
      <trkpt lat="-6.613645" lon="106.918487">
        <ele>748.87</ele>
        <time>2024-06-26T01:15:57.014Z</time>
      </trkpt>
      <trkpt lat="-6.613794" lon="106.918407">
        <ele>745.94</ele>
        <time>2024-06-26T01:16:29.068Z</time>
      </trkpt>
      <trkpt lat="-6.614168" lon="106.91827">
        <ele>742.46</ele>
        <time>2024-06-26T01:17:44.615Z</time>
      </trkpt>
      <trkpt lat="-6.614235" lon="106.918273">
        <ele>742.7</ele>
        <time>2024-06-26T01:17:57.345Z</time>
      </trkpt>
      <trkpt lat="-6.614314" lon="106.918202">
        <ele>744.45</ele>
        <time>2024-06-26T01:18:17.447Z</time>
      </trkpt>
      <trkpt lat="-6.614584" lon="106.91814">
        <ele>751.39</ele>
        <time>2024-06-26T01:19:10.015Z</time>
      </trkpt>
      <trkpt lat="-6.614854" lon="106.918078">
        <ele>761.35</ele>
        <time>2024-06-26T01:20:02.583Z</time>
      </trkpt>
      <trkpt lat="-6.615257" lon="106.917988">
        <ele>781.02</ele>
        <time>2024-06-26T01:21:20.940Z</time>
      </trkpt>
      <trkpt lat="-6.615619" lon="106.918156">
        <ele>790.64</ele>
        <time>2024-06-26T01:22:36.605Z</time>
      </trkpt>
      <trkpt lat="-6.616175" lon="106.918499">
        <ele>794.57</ele>
        <time>2024-06-26T01:24:40.386Z</time>
      </trkpt>
      <trkpt lat="-6.616268" lon="106.918656">
        <ele>800.77</ele>
        <time>2024-06-26T01:25:14.853Z</time>
      </trkpt>
      <trkpt lat="-6.616436" lon="106.918875">
        <ele>814.89</ele>
        <time>2024-06-26T01:26:07.027Z</time>
      </trkpt>
      <trkpt lat="-6.616529" lon="106.919026">
        <ele>824.79</ele>
        <time>2024-06-26T01:26:40.527Z</time>
      </trkpt>
      <trkpt lat="-6.616601" lon="106.919227">
        <ele>836.96</ele>
        <time>2024-06-26T01:27:20.816Z</time>
      </trkpt>
      <trkpt lat="-6.616804" lon="106.919278">
        <ele>841.61</ele>
        <time>2024-06-26T01:28:00.531Z</time>
      </trkpt>
      <trkpt lat="-6.617007" lon="106.919371">
        <ele>849.49</ele>
        <time>2024-06-26T01:28:42.867Z</time>
      </trkpt>
      <trkpt lat="-6.617104" lon="106.919397">
        <ele>851.75</ele>
        <time>2024-06-26T01:29:01.921Z</time>
      </trkpt>
      <trkpt lat="-6.617175" lon="106.919405">
        <ele>852.58</ele>
        <time>2024-06-26T01:29:15.482Z</time>
      </trkpt>
      <trkpt lat="-6.617277" lon="106.919358">
        <ele>850.88</ele>
        <time>2024-06-26T01:29:36.775Z</time>
      </trkpt>
      <trkpt lat="-6.61737" lon="106.919395">
        <ele>852.84</ele>
        <time>2024-06-26T01:29:55.756Z</time>
      </trkpt>
      <trkpt lat="-6.617507" lon="106.91947">
        <ele>856.39</ele>
        <time>2024-06-26T01:30:25.358Z</time>
      </trkpt>
      <trkpt lat="-6.617596" lon="106.919494">
        <ele>857.51</ele>
        <time>2024-06-26T01:30:42.847Z</time>
      </trkpt>
      <trkpt lat="-6.617665" lon="106.919491">
        <ele>857</ele>
        <time>2024-06-26T01:30:55.956Z</time>
      </trkpt>
      <trkpt lat="-6.617761" lon="106.919512">
        <ele>856.94</ele>
        <time>2024-06-26T01:31:14.604Z</time>
      </trkpt>
      <trkpt lat="-6.617871" lon="106.919584">
        <ele>857.77</ele>
        <time>2024-06-26T01:31:39.509Z</time>
      </trkpt>
      <trkpt lat="-6.617926" lon="106.919692">
        <ele>859.02</ele>
        <time>2024-06-26T01:32:02.393Z</time>
      </trkpt>
      <trkpt lat="-6.617954" lon="106.919767">
        <ele>858.62</ele>
        <time>2024-06-26T01:32:17.500Z</time>
      </trkpt>
      <trkpt lat="-6.618252" lon="106.919785">
        <ele>857.75</ele>
        <time>2024-06-26T01:33:14.168Z</time>
      </trkpt>
      <trkpt lat="-6.618437" lon="106.919766">
        <ele>858.75</ele>
        <time>2024-06-26T01:33:49.467Z</time>
      </trkpt>
      <trkpt lat="-6.618595" lon="106.919806">
        <ele>860.69</ele>
        <time>2024-06-26T01:34:20.392Z</time>
      </trkpt>
      <trkpt lat="-6.61876" lon="106.919872">
        <ele>864.44</ele>
        <time>2024-06-26T01:34:54.094Z</time>
      </trkpt>
      <trkpt lat="-6.618957" lon="106.919865">
        <ele>869.37</ele>
        <time>2024-06-26T01:35:31.512Z</time>
      </trkpt>
      <trkpt lat="-6.619146" lon="106.919854">
        <ele>876.01</ele>
        <time>2024-06-26T01:36:07.448Z</time>
      </trkpt>
      <trkpt lat="-6.619271" lon="106.919802">
        <ele>882.29</ele>
        <time>2024-06-26T01:36:33.121Z</time>
      </trkpt>
      <trkpt lat="-6.619395" lon="106.919713">
        <ele>890.23</ele>
        <time>2024-06-26T01:37:02.028Z</time>
      </trkpt>
      <trkpt lat="-6.619778" lon="106.919728">
        <ele>912.72</ele>
        <time>2024-06-26T01:38:14.784Z</time>
      </trkpt>
      <trkpt lat="-6.620019" lon="106.919796">
        <ele>923.24</ele>
        <time>2024-06-26T01:39:02.293Z</time>
      </trkpt>
      <trkpt lat="-6.620284" lon="106.919977">
        <ele>920.89</ele>
        <time>2024-06-26T01:40:03.080Z</time>
      </trkpt>
      <trkpt lat="-6.62033" lon="106.920027">
        <ele>919.66</ele>
        <time>2024-06-26T01:40:15.930Z</time>
      </trkpt>
      <trkpt lat="-6.620399" lon="106.920199">
        <ele>917.18</ele>
        <time>2024-06-26T01:40:50.906Z</time>
      </trkpt>
      <trkpt lat="-6.620423" lon="106.920426">
        <ele>918.95</ele>
        <time>2024-06-26T01:41:33.949Z</time>
      </trkpt>
      <trkpt lat="-6.620367" lon="106.920589">
        <ele>924.05</ele>
        <time>2024-06-26T01:42:06.469Z</time>
      </trkpt>
      <trkpt lat="-6.620341" lon="106.920726">
        <ele>927.2</ele>
        <time>2024-06-26T01:42:32.768Z</time>
      </trkpt>
      <trkpt lat="-6.620431" lon="106.921043">
        <ele>931.47</ele>
        <time>2024-06-26T01:43:34.933Z</time>
      </trkpt>
      <trkpt lat="-6.62058" lon="106.921265">
        <ele>933.99</ele>
        <time>2024-06-26T01:44:25.451Z</time>
      </trkpt>
      <trkpt lat="-6.62071" lon="106.921429">
        <ele>934.58</ele>
        <time>2024-06-26T01:45:05.013Z</time>
      </trkpt>
      <trkpt lat="-6.620707" lon="106.921621">
        <ele>933.69</ele>
        <time>2024-06-26T01:45:41.220Z</time>
      </trkpt>
      <trkpt lat="-6.620586" lon="106.921798">
        <ele>932.33</ele>
        <time>2024-06-26T01:46:21.734Z</time>
      </trkpt>
      <trkpt lat="-6.620531" lon="106.921961">
        <ele>932.07</ele>
        <time>2024-06-26T01:46:54.193Z</time>
      </trkpt>
      <trkpt lat="-6.620531" lon="106.922163">
        <ele>934.43</ele>
        <time>2024-06-26T01:47:32.281Z</time>
      </trkpt>
      <trkpt lat="-6.620606" lon="106.922302">
        <ele>937.87</ele>
        <time>2024-06-26T01:48:02.107Z</time>
      </trkpt>
      <trkpt lat="-6.620695" lon="106.922448">
        <ele>945.01</ele>
        <time>2024-06-26T01:48:34.406Z</time>
      </trkpt>
      <trkpt lat="-6.620772" lon="106.922699">
        <ele>953.75</ele>
        <time>2024-06-26T01:49:23.939Z</time>
      </trkpt>
      <trkpt lat="-6.62096" lon="106.922933">
        <ele>959.58</ele>
        <time>2024-06-26T01:50:20.686Z</time>
      </trkpt>
      <trkpt lat="-6.621099" lon="106.923104">
        <ele>961.89</ele>
        <time>2024-06-26T01:51:02.348Z</time>
      </trkpt>
      <trkpt lat="-6.621222" lon="106.92328">
        <ele>960.28</ele>
        <time>2024-06-26T01:51:42.924Z</time>
      </trkpt>
      <trkpt lat="-6.621234" lon="106.923402">
        <ele>956.51</ele>
        <time>2024-06-26T01:52:06.040Z</time>
      </trkpt>
      <trkpt lat="-6.620977" lon="106.923601">
        <ele>949.12</ele>
        <time>2024-06-26T01:53:07.585Z</time>
      </trkpt>
      <trkpt lat="-6.620853" lon="106.923754">
        <ele>947.18</ele>
        <time>2024-06-26T01:53:44.818Z</time>
      </trkpt>
      <trkpt lat="-6.620754" lon="106.923988">
        <ele>949.44</ele>
        <time>2024-06-26T01:54:32.775Z</time>
      </trkpt>
      <trkpt lat="-6.620699" lon="106.924211">
        <ele>956.62</ele>
        <time>2024-06-26T01:55:16.099Z</time>
      </trkpt>
      <trkpt lat="-6.62068" lon="106.924335">
        <ele>960.45</ele>
        <time>2024-06-26T01:55:39.756Z</time>
      </trkpt>
      <trkpt lat="-6.620667" lon="106.924503">
        <ele>966.41</ele>
        <time>2024-06-26T01:56:11.529Z</time>
      </trkpt>
      <trkpt lat="-6.620622" lon="106.92469">
        <ele>972.39</ele>
        <time>2024-06-26T01:56:47.808Z</time>
      </trkpt>
      <trkpt lat="-6.620647" lon="106.925038">
        <ele>980.76</ele>
        <time>2024-06-26T01:57:53.596Z</time>
      </trkpt>
      <trkpt lat="-6.620646" lon="106.925452">
        <ele>987.42</ele>
        <time>2024-06-26T01:59:11.658Z</time>
      </trkpt>
      <trkpt lat="-6.620628" lon="106.925703">
        <ele>993.33</ele>
        <time>2024-06-26T01:59:59.108Z</time>
      </trkpt>
      <trkpt lat="-6.620533" lon="106.925966">
        <ele>1003.87</ele>
        <time>2024-06-26T02:00:51.875Z</time>
      </trkpt>
      <trkpt lat="-6.620536" lon="106.926189">
        <ele>1010.27</ele>
        <time>2024-06-26T02:01:33.926Z</time>
      </trkpt>
      <trkpt lat="-6.62054" lon="106.926412">
        <ele>1012.5</ele>
        <time>2024-06-26T02:02:15.980Z</time>
      </trkpt>
      <trkpt lat="-6.620479" lon="106.926603">
        <ele>1010.33</ele>
        <time>2024-06-26T02:02:53.809Z</time>
      </trkpt>
      <trkpt lat="-6.620258" lon="106.927001">
        <ele>1005.73</ele>
        <time>2024-06-26T02:04:19.783Z</time>
      </trkpt>
      <trkpt lat="-6.620118" lon="106.927291">
        <ele>1009.85</ele>
        <time>2024-06-26T02:05:20.579Z</time>
      </trkpt>
      <trkpt lat="-6.620037" lon="106.927428">
        <ele>1012.95</ele>
        <time>2024-06-26T02:05:50.640Z</time>
      </trkpt>
      <trkpt lat="-6.620019" lon="106.927584">
        <ele>1016.12</ele>
        <time>2024-06-26T02:06:20.252Z</time>
      </trkpt>
      <trkpt lat="-6.619993" lon="106.927726">
        <ele>1017.86</ele>
        <time>2024-06-26T02:06:47.478Z</time>
      </trkpt>
      <trkpt lat="-6.619795" lon="106.928016">
        <ele>1023.68</ele>
        <time>2024-06-26T02:07:53.830Z</time>
      </trkpt>
      <trkpt lat="-6.619779" lon="106.92812">
        <ele>1023.77</ele>
        <time>2024-06-26T02:08:13.673Z</time>
      </trkpt>
      <trkpt lat="-6.619681" lon="106.928196">
        <ele>1024.93</ele>
        <time>2024-06-26T02:08:37.155Z</time>
      </trkpt>
      <trkpt lat="-6.619561" lon="106.92834">
        <ele>1025.17</ele>
        <time>2024-06-26T02:09:12.596Z</time>
      </trkpt>
      <trkpt lat="-6.619453" lon="106.928449">
        <ele>1027.58</ele>
        <time>2024-06-26T02:09:41.625Z</time>
      </trkpt>
      <trkpt lat="-6.619435589042371" lon="106.92845924173979">
        <ele>1028.1307779868698</ele>
        <time>2024-06-26T02:09:45.456Z</time>
      </trkpt>
      <trkpt lat="-6.619436" lon="106.928459">
        <ele>1028.13</ele>
        <time>2024-06-26T02:09:45.546Z</time>
      </trkpt>
      <trkpt lat="-6.6193" lon="106.928539">
        <ele>1032.42</ele>
        <time>2024-06-26T02:10:15.472Z</time>
      </trkpt>
      <trkpt lat="-6.619155" lon="106.928533">
        <ele>1036.02</ele>
        <time>2024-06-26T02:10:43.043Z</time>
      </trkpt>
      <trkpt lat="-6.618999" lon="106.92857">
        <ele>1042.16</ele>
        <time>2024-06-26T02:11:13.492Z</time>
      </trkpt>
      <trkpt lat="-6.618881" lon="106.928593">
        <ele>1044.98</ele>
        <time>2024-06-26T02:11:36.327Z</time>
      </trkpt>
      <trkpt lat="-6.618824" lon="106.928666">
        <ele>1046.97</ele>
        <time>2024-06-26T02:11:53.850Z</time>
      </trkpt>
      <trkpt lat="-6.618813" lon="106.928792">
        <ele>1047.61</ele>
        <time>2024-06-26T02:12:17.720Z</time>
      </trkpt>
      <trkpt lat="-6.618724" lon="106.928992">
        <ele>1047.19</ele>
        <time>2024-06-26T02:12:59.079Z</time>
      </trkpt>
      <trkpt lat="-6.6187015666984195" lon="106.92901967472719">
        <ele>1046.7182717199055</ele>
        <time>2024-06-26T02:13:04.935Z</time>
      </trkpt>
      <trkpt lat="-6.618701" lon="106.929019">
        <ele>1046.72</ele>
        <time>2024-06-26T02:13:05.079Z</time>
      </trkpt>
      <trkpt lat="-6.618617" lon="106.929124">
        <ele>1044.94</ele>
        <time>2024-06-26T02:13:27.181Z</time>
      </trkpt>
      <trkpt lat="-6.618555" lon="106.929165">
        <ele>1043.16</ele>
        <time>2024-06-26T02:13:39.424Z</time>
      </trkpt>
      <trkpt lat="-6.61835" lon="106.929226">
        <ele>1038.59</ele>
        <time>2024-06-26T02:14:14.705Z</time>
      </trkpt>
      <trkpt lat="-6.618109" lon="106.929283">
        <ele>1037.37</ele>
        <time>2024-06-26T02:14:55.564Z</time>
      </trkpt>
      <trkpt lat="-6.617936" lon="106.929333">
        <ele>1036.4</ele>
        <time>2024-06-26T02:15:25.270Z</time>
      </trkpt>
      <trkpt lat="-6.617873" lon="106.92939">
        <ele>1035.79</ele>
        <time>2024-06-26T02:15:39.250Z</time>
      </trkpt>
      <trkpt lat="-6.61784" lon="106.929457">
        <ele>1035.35</ele>
        <time>2024-06-26T02:15:51.510Z</time>
      </trkpt>
      <trkpt lat="-6.617785" lon="106.929508">
        <ele>1034.92</ele>
        <time>2024-06-26T02:16:03.851Z</time>
      </trkpt>
      <trkpt lat="-6.617765" lon="106.929584">
        <ele>1034.66</ele>
        <time>2024-06-26T02:16:16.740Z</time>
      </trkpt>
      <trkpt lat="-6.618031" lon="106.929531">
        <ele>1035.45</ele>
        <time>2024-06-26T02:17:01.493Z</time>
      </trkpt>
      <trkpt lat="-6.618172" lon="106.929486">
        <ele>1035.5</ele>
        <time>2024-06-26T02:17:25.905Z</time>
      </trkpt>
      <trkpt lat="-6.618334" lon="106.929375">
        <ele>1037.58</ele>
        <time>2024-06-26T02:17:58.247Z</time>
      </trkpt>
      <trkpt lat="-6.618477" lon="106.929343">
        <ele>1039.07</ele>
        <time>2024-06-26T02:18:22.424Z</time>
      </trkpt>
      <trkpt lat="-6.618645" lon="106.929381">
        <ele>1041.04</ele>
        <time>2024-06-26T02:18:50.843Z</time>
      </trkpt>
      <trkpt lat="-6.618817" lon="106.929473">
        <ele>1041.37</ele>
        <time>2024-06-26T02:19:22.989Z</time>
      </trkpt>
      <trkpt lat="-6.618947" lon="106.929453">
        <ele>1042.92</ele>
        <time>2024-06-26T02:19:44.694Z</time>
      </trkpt>
      <trkpt lat="-6.61905" lon="106.929463">
        <ele>1042.48</ele>
        <time>2024-06-26T02:20:01.772Z</time>
      </trkpt>
      <trkpt lat="-6.619257" lon="106.929596">
        <ele>1039.14</ele>
        <time>2024-06-26T02:20:42.301Z</time>
      </trkpt>
      <trkpt lat="-6.619457" lon="106.929741">
        <ele>1036.01</ele>
        <time>2024-06-26T02:21:22.979Z</time>
      </trkpt>
      <trkpt lat="-6.619528" lon="106.9298">
        <ele>1034.42</ele>
        <time>2024-06-26T02:21:38.173Z</time>
      </trkpt>
      <trkpt lat="-6.61955" lon="106.929879">
        <ele>1034.49</ele>
        <time>2024-06-26T02:21:51.624Z</time>
      </trkpt>
      <trkpt lat="-6.619521" lon="106.930014">
        <ele>1036.29</ele>
        <time>2024-06-26T02:22:14.268Z</time>
      </trkpt>
      <trkpt lat="-6.619428" lon="106.930186">
        <ele>1039.31</ele>
        <time>2024-06-26T02:22:46.373Z</time>
      </trkpt>
      <trkpt lat="-6.619295" lon="106.930358">
        <ele>1043.28</ele>
        <time>2024-06-26T02:23:22.108Z</time>
      </trkpt>
      <trkpt lat="-6.619268" lon="106.930459">
        <ele>1043.06</ele>
        <time>2024-06-26T02:23:39.255Z</time>
      </trkpt>
      <trkpt lat="-6.619269" lon="106.930727">
        <ele>1040.77</ele>
        <time>2024-06-26T02:24:23.192Z</time>
      </trkpt>
      <trkpt lat="-6.619322" lon="106.930894">
        <ele>1039.94</ele>
        <time>2024-06-26T02:24:51.934Z</time>
      </trkpt>
      <trkpt lat="-6.619477" lon="106.930936">
        <ele>1039.27</ele>
        <time>2024-06-26T02:25:18.426Z</time>
      </trkpt>
      <trkpt lat="-6.619668" lon="106.930939">
        <ele>1039.68</ele>
        <time>2024-06-26T02:25:49.953Z</time>
      </trkpt>
      <trkpt lat="-6.620031" lon="106.930882">
        <ele>1041.74</ele>
        <time>2024-06-26T02:26:50.589Z</time>
      </trkpt>
      <trkpt lat="-6.620206" lon="106.930894">
        <ele>1044.2</ele>
        <time>2024-06-26T02:27:19.539Z</time>
      </trkpt>
      <trkpt lat="-6.620276" lon="106.930728">
        <ele>1041.04</ele>
        <time>2024-06-26T02:27:49.104Z</time>
      </trkpt>
      <trkpt lat="-6.620328" lon="106.930674">
        <ele>1040.4</ele>
        <time>2024-06-26T02:28:01.434Z</time>
      </trkpt>
      <trkpt lat="-6.62043" lon="106.930635">
        <ele>1040.88</ele>
        <time>2024-06-26T02:28:19.442Z</time>
      </trkpt>
      <trkpt lat="-6.620591" lon="106.930705">
        <ele>1046.13</ele>
        <time>2024-06-26T02:28:48.386Z</time>
      </trkpt>
      <trkpt lat="-6.620626" lon="106.930686">
        <ele>1046.6</ele>
        <time>2024-06-26T02:28:54.948Z</time>
      </trkpt>
      <trkpt lat="-6.620701" lon="106.930606">
        <ele>1046.48</ele>
        <time>2024-06-26T02:29:12.982Z</time>
      </trkpt>
      <trkpt lat="-6.620812" lon="106.930296">
        <ele>1043.7</ele>
        <time>2024-06-26T02:30:07.006Z</time>
      </trkpt>
      <trkpt lat="-6.620785" lon="106.930222">
        <ele>1041.19</ele>
        <time>2024-06-26T02:30:19.930Z</time>
      </trkpt>
      <trkpt lat="-6.620831" lon="106.930162">
        <ele>1041.49</ele>
        <time>2024-06-26T02:30:32.355Z</time>
      </trkpt>
      <trkpt lat="-6.620945" lon="106.9301">
        <ele>1044.16</ele>
        <time>2024-06-26T02:30:53.740Z</time>
      </trkpt>
      <trkpt lat="-6.621007" lon="106.929973">
        <ele>1043</ele>
        <time>2024-06-26T02:31:16.939Z</time>
      </trkpt>
      <trkpt lat="-6.621067" lon="106.929914">
        <ele>1043.07</ele>
        <time>2024-06-26T02:31:30.781Z</time>
      </trkpt>
      <trkpt lat="-6.621189" lon="106.929845">
        <ele>1044.79</ele>
        <time>2024-06-26T02:31:53.876Z</time>
      </trkpt>
      <trkpt lat="-6.621163" lon="106.929779">
        <ele>1042.63</ele>
        <time>2024-06-26T02:32:05.516Z</time>
      </trkpt>
      <trkpt lat="-6.621141" lon="106.929663">
        <ele>1039.73</ele>
        <time>2024-06-26T02:32:24.877Z</time>
      </trkpt>
      <trkpt lat="-6.621211" lon="106.929561">
        <ele>1039.59</ele>
        <time>2024-06-26T02:32:45.202Z</time>
      </trkpt>
      <trkpt lat="-6.621275" lon="106.929513">
        <ele>1039.84</ele>
        <time>2024-06-26T02:32:58.374Z</time>
      </trkpt>
      <trkpt lat="-6.6214" lon="106.929504">
        <ele>1041.74</ele>
        <time>2024-06-26T02:33:19.057Z</time>
      </trkpt>
      <trkpt lat="-6.621618" lon="106.929336">
        <ele>1040.37</ele>
        <time>2024-06-26T02:34:04.368Z</time>
      </trkpt>
      <trkpt lat="-6.62168" lon="106.929231">
        <ele>1038.68</ele>
        <time>2024-06-26T02:34:24.394Z</time>
      </trkpt>
      <trkpt lat="-6.621747" lon="106.929197">
        <ele>1038.65</ele>
        <time>2024-06-26T02:34:36.777Z</time>
      </trkpt>
      <trkpt lat="-6.621821" lon="106.92921">
        <ele>1039.73</ele>
        <time>2024-06-26T02:34:49.174Z</time>
      </trkpt>
      <trkpt lat="-6.621875" lon="106.92933">
        <ele>1042.49</ele>
        <time>2024-06-26T02:35:10.772Z</time>
      </trkpt>
      <trkpt lat="-6.62193" lon="106.929373">
        <ele>1043.44</ele>
        <time>2024-06-26T02:35:22.265Z</time>
      </trkpt>
      <trkpt lat="-6.621968" lon="106.929316">
        <ele>1042.88</ele>
        <time>2024-06-26T02:35:33.519Z</time>
      </trkpt>
      <trkpt lat="-6.621997" lon="106.929161">
        <ele>1040.81</ele>
        <time>2024-06-26T02:35:59.377Z</time>
      </trkpt>
      <trkpt lat="-6.62203" lon="106.929037">
        <ele>1038.9</ele>
        <time>2024-06-26T02:36:20.423Z</time>
      </trkpt>
      <trkpt lat="-6.622116" lon="106.929005">
        <ele>1038.94</ele>
        <time>2024-06-26T02:36:35.555Z</time>
      </trkpt>
      <trkpt lat="-6.622314" lon="106.929039">
        <ele>1039.11</ele>
        <time>2024-06-26T02:37:08.706Z</time>
      </trkpt>
      <trkpt lat="-6.622279" lon="106.929154">
        <ele>1041.32</ele>
        <time>2024-06-26T02:37:28.424Z</time>
      </trkpt>
      <trkpt lat="-6.622283" lon="106.929227">
        <ele>1042.58</ele>
        <time>2024-06-26T02:37:40.400Z</time>
      </trkpt>
      <trkpt lat="-6.622283" lon="106.929227">
        <ele>1042.58</ele>
        <time>2024-06-26T02:37:40.400Z</time>
      </trkpt>
      <trkpt lat="-6.622279" lon="106.929154">
        <ele>1041.32</ele>
        <time>2024-06-26T02:37:52.376Z</time>
      </trkpt>
      <trkpt lat="-6.622314" lon="106.929039">
        <ele>1039.11</ele>
        <time>2024-06-26T02:38:12.078Z</time>
      </trkpt>
      <trkpt lat="-6.622369" lon="106.929055">
        <ele>1039.06</ele>
        <time>2024-06-26T02:38:21.519Z</time>
      </trkpt>
      <trkpt lat="-6.622645" lon="106.929356">
        <ele>1040.92</ele>
        <time>2024-06-26T02:39:28.622Z</time>
      </trkpt>
      <trkpt lat="-6.622707" lon="106.929449">
        <ele>1040.91</ele>
        <time>2024-06-26T02:39:46.969Z</time>
      </trkpt>
      <trkpt lat="-6.622745" lon="106.929646">
        <ele>1042.54</ele>
        <time>2024-06-26T02:40:19.842Z</time>
      </trkpt>
      <trkpt lat="-6.622828" lon="106.929666">
        <ele>1042.58</ele>
        <time>2024-06-26T02:40:33.916Z</time>
      </trkpt>
      <trkpt lat="-6.622888" lon="106.929727">
        <ele>1043.37</ele>
        <time>2024-06-26T02:40:47.978Z</time>
      </trkpt>
      <trkpt lat="-6.622839" lon="106.929817">
        <ele>1044.42</ele>
        <time>2024-06-26T02:41:04.790Z</time>
      </trkpt>
      <trkpt lat="-6.622747" lon="106.929854">
        <ele>1044.9</ele>
        <time>2024-06-26T02:41:21.127Z</time>
      </trkpt>
      <trkpt lat="-6.622678" lon="106.92995">
        <ele>1046.07</ele>
        <time>2024-06-26T02:41:40.537Z</time>
      </trkpt>
      <trkpt lat="-6.62268" lon="106.930103">
        <ele>1046.47</ele>
        <time>2024-06-26T02:42:05.602Z</time>
      </trkpt>
      <trkpt lat="-6.62258" lon="106.930277">
        <ele>1047.62</ele>
        <time>2024-06-26T02:42:38.531Z</time>
      </trkpt>
      <trkpt lat="-6.622508" lon="106.930465">
        <ele>1048.49</ele>
        <time>2024-06-26T02:43:11.537Z</time>
      </trkpt>
      <trkpt lat="-6.622523" lon="106.930548">
        <ele>1048.02</ele>
        <time>2024-06-26T02:43:25.356Z</time>
      </trkpt>
      <trkpt lat="-6.622596" lon="106.930608">
        <ele>1046.61</ele>
        <time>2024-06-26T02:43:40.897Z</time>
      </trkpt>
      <trkpt lat="-6.622714" lon="106.930592">
        <ele>1046.01</ele>
        <time>2024-06-26T02:44:00.532Z</time>
      </trkpt>
      <trkpt lat="-6.622904" lon="106.930489">
        <ele>1047.79</ele>
        <time>2024-06-26T02:44:36.119Z</time>
      </trkpt>
      <trkpt lat="-6.62315" lon="106.930531">
        <ele>1050.73</ele>
        <time>2024-06-26T02:45:17.266Z</time>
      </trkpt>
      <trkpt lat="-6.623225" lon="106.930543">
        <ele>1051.62</ele>
        <time>2024-06-26T02:45:29.789Z</time>
      </trkpt>
      <trkpt lat="-6.623547" lon="106.930644">
        <ele>1052.34</ele>
        <time>2024-06-26T02:46:25.408Z</time>
      </trkpt>
      <trkpt lat="-6.623774" lon="106.930649">
        <ele>1053.62</ele>
        <time>2024-06-26T02:47:02.851Z</time>
      </trkpt>
      <trkpt lat="-6.623998" lon="106.930625">
        <ele>1053.43</ele>
        <time>2024-06-26T02:47:39.999Z</time>
      </trkpt>
      <trkpt lat="-6.624189" lon="106.930722">
        <ele>1056.84</ele>
        <time>2024-06-26T02:48:15.277Z</time>
      </trkpt>
      <trkpt lat="-6.624308" lon="106.930858">
        <ele>1059.01</ele>
        <time>2024-06-26T02:48:44.966Z</time>
      </trkpt>
      <trkpt lat="-6.624681" lon="106.931053">
        <ele>1053.54</ele>
        <time>2024-06-26T02:49:54.277Z</time>
      </trkpt>
      <trkpt lat="-6.624838" lon="106.930955">
        <ele>1053.21</ele>
        <time>2024-06-26T02:50:24.741Z</time>
      </trkpt>
      <trkpt lat="-6.624873368369151" lon="106.931001230491">
        <ele>1051.5091027319336</ele>
        <time>2024-06-26T02:50:34.315Z</time>
      </trkpt>
      <trkpt lat="-6.624838" lon="106.930955">
        <ele>1053.21</ele>
        <time>2024-06-26T02:50:43.889Z</time>
      </trkpt>
      <trkpt lat="-6.624681" lon="106.931053">
        <ele>1053.54</ele>
        <time>2024-06-26T02:51:14.402Z</time>
      </trkpt>
      <trkpt lat="-6.624621" lon="106.931121">
        <ele>1054.22</ele>
        <time>2024-06-26T02:51:29.325Z</time>
      </trkpt>
      <trkpt lat="-6.62458" lon="106.931287">
        <ele>1054.99</ele>
        <time>2024-06-26T02:51:57.391Z</time>
      </trkpt>
      <trkpt lat="-6.624475" lon="106.931403">
        <ele>1057.57</ele>
        <time>2024-06-26T02:52:23.141Z</time>
      </trkpt>
      <trkpt lat="-6.624279" lon="106.931564">
        <ele>1061.36</ele>
        <time>2024-06-26T02:53:04.926Z</time>
      </trkpt>
      <trkpt lat="-6.624134" lon="106.931513">
        <ele>1064.66</ele>
        <time>2024-06-26T02:53:30.296Z</time>
      </trkpt>
      <trkpt lat="-6.623985" lon="106.931504">
        <ele>1065.4</ele>
        <time>2024-06-26T02:53:54.952Z</time>
      </trkpt>
      <trkpt lat="-6.623872" lon="106.931579">
        <ele>1065.49</ele>
        <time>2024-06-26T02:54:17.308Z</time>
      </trkpt>
      <trkpt lat="-6.623707" lon="106.931808">
        <ele>1068.73</ele>
        <time>2024-06-26T02:55:03.725Z</time>
      </trkpt>
      <trkpt lat="-6.623546" lon="106.93204">
        <ele>1073.47</ele>
        <time>2024-06-26T02:55:50.160Z</time>
      </trkpt>
      <trkpt lat="-6.62339" lon="106.932201">
        <ele>1076.32</ele>
        <time>2024-06-26T02:56:27.063Z</time>
      </trkpt>
      <trkpt lat="-6.623232" lon="106.932362">
        <ele>1079.17</ele>
        <time>2024-06-26T02:57:04.197Z</time>
      </trkpt>
      <trkpt lat="-6.623207" lon="106.932396">
        <ele>1079.85</ele>
        <time>2024-06-26T02:57:11.137Z</time>
      </trkpt>
      <trkpt lat="-6.623094" lon="106.93243">
        <ele>1079.51</ele>
        <time>2024-06-26T02:57:30.618Z</time>
      </trkpt>
      <trkpt lat="-6.622985" lon="106.932426">
        <ele>1079.3</ele>
        <time>2024-06-26T02:57:48.634Z</time>
      </trkpt>
      <trkpt lat="-6.622895" lon="106.932404">
        <ele>1078.55</ele>
        <time>2024-06-26T02:58:03.932Z</time>
      </trkpt>
      <trkpt lat="-6.622686" lon="106.932435">
        <ele>1080</ele>
        <time>2024-06-26T02:58:38.827Z</time>
      </trkpt>
      <trkpt lat="-6.62239" lon="106.9325">
        <ele>1082.62</ele>
        <time>2024-06-26T02:59:28.870Z</time>
      </trkpt>
      <trkpt lat="-6.622293" lon="106.932607">
        <ele>1085.71</ele>
        <time>2024-06-26T02:59:52.638Z</time>
      </trkpt>
      <trkpt lat="-6.62217" lon="106.932771">
        <ele>1090.88</ele>
        <time>2024-06-26T03:00:26.355Z</time>
      </trkpt>
      <trkpt lat="-6.621934" lon="106.932947">
        <ele>1096.68</ele>
        <time>2024-06-26T03:01:14.868Z</time>
      </trkpt>
      <trkpt lat="-6.621783" lon="106.933039">
        <ele>1096.98</ele>
        <time>2024-06-26T03:01:44.022Z</time>
      </trkpt>
      <trkpt lat="-6.621683" lon="106.932911">
        <ele>1094.15</ele>
        <time>2024-06-26T03:02:10.741Z</time>
      </trkpt>
      <trkpt lat="-6.621631" lon="106.932925">
        <ele>1092.98</ele>
        <time>2024-06-26T03:02:19.632Z</time>
      </trkpt>
      <trkpt lat="-6.621638505924906" lon="106.93295518861191">
        <ele>1095.8907976908956</ele>
        <time>2024-06-26T03:02:24.740Z</time>
      </trkpt>
      <trkpt lat="-6.621631" lon="106.932925">
        <ele>1092.98</ele>
        <time>2024-06-26T03:02:29.848Z</time>
      </trkpt>
      <trkpt lat="-6.621683" lon="106.932911">
        <ele>1094.15</ele>
        <time>2024-06-26T03:02:38.743Z</time>
      </trkpt>
      <trkpt lat="-6.621783" lon="106.933039">
        <ele>1096.98</ele>
        <time>2024-06-26T03:03:05.476Z</time>
      </trkpt>
      <trkpt lat="-6.621737" lon="106.933267">
        <ele>1099.79</ele>
        <time>2024-06-26T03:03:43.670Z</time>
      </trkpt>
      <trkpt lat="-6.621659" lon="106.933372">
        <ele>1098.43</ele>
        <time>2024-06-26T03:04:05.194Z</time>
      </trkpt>
      <trkpt lat="-6.621578" lon="106.933426">
        <ele>1095.35</ele>
        <time>2024-06-26T03:04:21.249Z</time>
      </trkpt>
      <trkpt lat="-6.621543" lon="106.933688">
        <ele>1098.14</ele>
        <time>2024-06-26T03:05:04.647Z</time>
      </trkpt>
      <trkpt lat="-6.621482" lon="106.93372">
        <ele>1095.35</ele>
        <time>2024-06-26T03:05:16.014Z</time>
      </trkpt>
      <trkpt lat="-6.62142" lon="106.933776">
        <ele>1093.02</ele>
        <time>2024-06-26T03:05:29.780Z</time>
      </trkpt>
      <trkpt lat="-6.621393" lon="106.933852">
        <ele>1093.01</ele>
        <time>2024-06-26T03:05:43.030Z</time>
      </trkpt>
      <trkpt lat="-6.621408" lon="106.933964">
        <ele>1095.87</ele>
        <time>2024-06-26T03:06:01.582Z</time>
      </trkpt>
      <trkpt lat="-6.621407" lon="106.9342">
        <ele>1099.91</ele>
        <time>2024-06-26T03:06:40.325Z</time>
      </trkpt>
      <trkpt lat="-6.621374" lon="106.934311">
        <ele>1100.01</ele>
        <time>2024-06-26T03:06:59.346Z</time>
      </trkpt>
      <trkpt lat="-6.621284" lon="106.934413">
        <ele>1098.95</ele>
        <time>2024-06-26T03:07:21.743Z</time>
      </trkpt>
      <trkpt lat="-6.621177" lon="106.934498">
        <ele>1098.39</ele>
        <time>2024-06-26T03:07:44.269Z</time>
      </trkpt>
      <trkpt lat="-6.620935" lon="106.934525">
        <ele>1093.07</ele>
        <time>2024-06-26T03:08:24.508Z</time>
      </trkpt>
      <trkpt lat="-6.620824" lon="106.934625">
        <ele>1094.17</ele>
        <time>2024-06-26T03:08:49.125Z</time>
      </trkpt>
      <trkpt lat="-6.620751" lon="106.934719">
        <ele>1095.88</ele>
        <time>2024-06-26T03:09:08.712Z</time>
      </trkpt>
      <trkpt lat="-6.620579" lon="106.934841">
        <ele>1095.06</ele>
        <time>2024-06-26T03:09:43.485Z</time>
      </trkpt>
      <trkpt lat="-6.620494" lon="106.934921">
        <ele>1095.5</ele>
        <time>2024-06-26T03:10:02.715Z</time>
      </trkpt>
      <trkpt lat="-6.620428" lon="106.935066">
        <ele>1099.37</ele>
        <time>2024-06-26T03:10:28.899Z</time>
      </trkpt>
      <trkpt lat="-6.62024" lon="106.935175">
        <ele>1099.56</ele>
        <time>2024-06-26T03:11:04.753Z</time>
      </trkpt>
      <trkpt lat="-6.620111" lon="106.935166">
        <ele>1098.45</ele>
        <time>2024-06-26T03:11:26.123Z</time>
      </trkpt>
      <trkpt lat="-6.619736" lon="106.935134">
        <ele>1099</ele>
        <time>2024-06-26T03:12:28.320Z</time>
      </trkpt>
      <trkpt lat="-6.619534" lon="106.935196">
        <ele>1100.35</ele>
        <time>2024-06-26T03:13:03.221Z</time>
      </trkpt>
      <trkpt lat="-6.619307" lon="106.935374">
        <ele>1104.47</ele>
        <time>2024-06-26T03:13:50.774Z</time>
      </trkpt>
      <trkpt lat="-6.619215" lon="106.935457">
        <ele>1104.34</ele>
        <time>2024-06-26T03:14:11.190Z</time>
      </trkpt>
      <trkpt lat="-6.61919" lon="106.935513">
        <ele>1105.05</ele>
        <time>2024-06-26T03:14:21.269Z</time>
      </trkpt>
      <trkpt lat="-6.619199" lon="106.93559">
        <ele>1106.69</ele>
        <time>2024-06-26T03:14:33.997Z</time>
      </trkpt>
      <trkpt lat="-6.61923" lon="106.935736">
        <ele>1109.98</ele>
        <time>2024-06-26T03:14:58.506Z</time>
      </trkpt>
      <trkpt lat="-6.619223" lon="106.93585">
        <ele>1111.02</ele>
        <time>2024-06-26T03:15:17.256Z</time>
      </trkpt>
      <trkpt lat="-6.619162" lon="106.935911">
        <ele>1109.23</ele>
        <time>2024-06-26T03:15:31.465Z</time>
      </trkpt>
      <trkpt lat="-6.619088" lon="106.935966">
        <ele>1107.04</ele>
        <time>2024-06-26T03:15:46.666Z</time>
      </trkpt>
      <trkpt lat="-6.619068" lon="106.936035">
        <ele>1107.29</ele>
        <time>2024-06-26T03:15:58.465Z</time>
      </trkpt>
      <trkpt lat="-6.619081" lon="106.936128">
        <ele>1108.3</ele>
        <time>2024-06-26T03:16:13.882Z</time>
      </trkpt>
      <trkpt lat="-6.619163" lon="106.936199">
        <ele>1111</ele>
        <time>2024-06-26T03:16:31.756Z</time>
      </trkpt>
      <trkpt lat="-6.619339" lon="106.936305">
        <ele>1114.84</ele>
        <time>2024-06-26T03:17:05.651Z</time>
      </trkpt>
      <trkpt lat="-6.61951" lon="106.936467">
        <ele>1115.98</ele>
        <time>2024-06-26T03:17:44.457Z</time>
      </trkpt>
      <trkpt lat="-6.619733" lon="106.936582">
        <ele>1118.24</ele>
        <time>2024-06-26T03:18:25.865Z</time>
      </trkpt>
      <trkpt lat="-6.619986" lon="106.936777">
        <ele>1120.94</ele>
        <time>2024-06-26T03:19:18.525Z</time>
      </trkpt>
      <trkpt lat="-6.6202" lon="106.936842">
        <ele>1123.52</ele>
        <time>2024-06-26T03:19:55.467Z</time>
      </trkpt>
      <trkpt lat="-6.620317" lon="106.936896">
        <ele>1124.56</ele>
        <time>2024-06-26T03:20:16.738Z</time>
      </trkpt>
      <trkpt lat="-6.620365" lon="106.936987">
        <ele>1124.69</ele>
        <time>2024-06-26T03:20:33.652Z</time>
      </trkpt>
      <trkpt lat="-6.620261" lon="106.93738">
        <ele>1125.39</ele>
        <time>2024-06-26T03:21:40.419Z</time>
      </trkpt>
      <trkpt lat="-6.620416" lon="106.937238">
        <ele>1125.84</ele>
        <time>2024-06-26T03:22:15.054Z</time>
      </trkpt>
      <trkpt lat="-6.620328" lon="106.937339">
        <ele>1125.61</ele>
        <time>2024-06-26T03:22:37.109Z</time>
      </trkpt>
      <trkpt lat="-6.620303" lon="106.937461">
        <ele>1126.45</ele>
        <time>2024-06-26T03:22:57.559Z</time>
      </trkpt>
      <trkpt lat="-6.62036" lon="106.937571">
        <ele>1127.81</ele>
        <time>2024-06-26T03:23:17.926Z</time>
      </trkpt>
      <trkpt lat="-6.620515" lon="106.93771">
        <ele>1131.65</ele>
        <time>2024-06-26T03:23:52.232Z</time>
      </trkpt>
      <trkpt lat="-6.620779" lon="106.937778">
        <ele>1137.84</ele>
        <time>2024-06-26T03:24:37.268Z</time>
      </trkpt>
      <trkpt lat="-6.62106" lon="106.937791">
        <ele>1142.16</ele>
        <time>2024-06-26T03:25:23.757Z</time>
      </trkpt>
      <trkpt lat="-6.621281" lon="106.937869">
        <ele>1145.17</ele>
        <time>2024-06-26T03:26:02.460Z</time>
      </trkpt>
      <trkpt lat="-6.62181" lon="106.938103">
        <ele>1154.55</ele>
        <time>2024-06-26T03:27:37.954Z</time>
      </trkpt>
      <trkpt lat="-6.621884" lon="106.938151">
        <ele>1154.79</ele>
        <time>2024-06-26T03:27:52.502Z</time>
      </trkpt>
      <trkpt lat="-6.621989" lon="106.938163">
        <ele>1153.98</ele>
        <time>2024-06-26T03:28:09.966Z</time>
      </trkpt>
      <trkpt lat="-6.622184" lon="106.938092">
        <ele>1153.98</ele>
        <time>2024-06-26T03:28:44.236Z</time>
      </trkpt>
      <trkpt lat="-6.622372" lon="106.938103">
        <ele>1152.78</ele>
        <time>2024-06-26T03:29:15.358Z</time>
      </trkpt>
      <trkpt lat="-6.622554" lon="106.938093">
        <ele>1153.18</ele>
        <time>2024-06-26T03:29:45.481Z</time>
      </trkpt>
      <trkpt lat="-6.622773" lon="106.938258">
        <ele>1151.33</ele>
        <time>2024-06-26T03:30:30.688Z</time>
      </trkpt>
      <trkpt lat="-6.623015" lon="106.938498">
        <ele>1147.75</ele>
        <time>2024-06-26T03:31:26.830Z</time>
      </trkpt>
      <trkpt lat="-6.623124" lon="106.938558">
        <ele>1148.48</ele>
        <time>2024-06-26T03:31:47.361Z</time>
      </trkpt>
      <trkpt lat="-6.623299" lon="106.938599">
        <ele>1156.18</ele>
        <time>2024-06-26T03:32:17.055Z</time>
      </trkpt>
      <trkpt lat="-6.623374" lon="106.938735">
        <ele>1151.03</ele>
        <time>2024-06-26T03:32:42.591Z</time>
      </trkpt>
      <trkpt lat="-6.623475" lon="106.938841">
        <ele>1149.69</ele>
        <time>2024-06-26T03:33:06.704Z</time>
      </trkpt>
      <trkpt lat="-6.623669" lon="106.93889">
        <ele>1158.71</ele>
        <time>2024-06-26T03:33:39.759Z</time>
      </trkpt>
      <trkpt lat="-6.624135" lon="106.939175">
        <ele>1164.49</ele>
        <time>2024-06-26T03:35:09.871Z</time>
      </trkpt>
      <trkpt lat="-6.624358" lon="106.939325">
        <ele>1167.24</ele>
        <time>2024-06-26T03:35:54.195Z</time>
      </trkpt>
      <trkpt lat="-6.624488" lon="106.939492">
        <ele>1164.41</ele>
        <time>2024-06-26T03:36:29.026Z</time>
      </trkpt>
      <trkpt lat="-6.624618" lon="106.939659">
        <ele>1164.68</ele>
        <time>2024-06-26T03:37:03.857Z</time>
      </trkpt>
      <trkpt lat="-6.624671" lon="106.939883">
        <ele>1157.65</ele>
        <time>2024-06-26T03:37:41.658Z</time>
      </trkpt>
      <trkpt lat="-6.624724" lon="106.940106">
        <ele>1154.13</ele>
        <time>2024-06-26T03:38:19.300Z</time>
      </trkpt>
      <trkpt lat="-6.624796" lon="106.940464">
        <ele>1148.58</ele>
        <time>2024-06-26T03:39:19.263Z</time>
      </trkpt>
      <trkpt lat="-6.624858" lon="106.94062">
        <ele>1150.29</ele>
        <time>2024-06-26T03:39:46.846Z</time>
      </trkpt>
      <trkpt lat="-6.625026" lon="106.940701">
        <ele>1160.84</ele>
        <time>2024-06-26T03:40:17.631Z</time>
      </trkpt>
      <trkpt lat="-6.625067" lon="106.940838">
        <ele>1161.63</ele>
        <time>2024-06-26T03:40:41.120Z</time>
      </trkpt>
      <trkpt lat="-6.624908" lon="106.940895">
        <ele>1151.64</ele>
        <time>2024-06-26T03:41:09.013Z</time>
      </trkpt>
      <trkpt lat="-6.624872" lon="106.940959">
        <ele>1149.73</ele>
        <time>2024-06-26T03:41:21.087Z</time>
      </trkpt>
      <trkpt lat="-6.624903" lon="106.941069">
        <ele>1151.48</ele>
        <time>2024-06-26T03:41:39.857Z</time>
      </trkpt>
      <trkpt lat="-6.624879" lon="106.941261">
        <ele>1151.66</ele>
        <time>2024-06-26T03:42:11.625Z</time>
      </trkpt>
      <trkpt lat="-6.624622" lon="106.941676">
        <ele>1149.17</ele>
        <time>2024-06-26T03:43:31.908Z</time>
      </trkpt>
      <trkpt lat="-6.624516" lon="106.94178">
        <ele>1148.42</ele>
        <time>2024-06-26T03:43:56.369Z</time>
      </trkpt>
      <trkpt lat="-6.624522" lon="106.941923">
        <ele>1149.95</ele>
        <time>2024-06-26T03:44:19.865Z</time>
      </trkpt>
      <trkpt lat="-6.62458" lon="106.942152">
        <ele>1154.65</ele>
        <time>2024-06-26T03:44:58.661Z</time>
      </trkpt>
      <trkpt lat="-6.624527" lon="106.942351">
        <ele>1157.3</ele>
        <time>2024-06-26T03:45:32.483Z</time>
      </trkpt>
      <trkpt lat="-6.624326" lon="106.942589">
        <ele>1155.22</ele>
        <time>2024-06-26T03:46:23.767Z</time>
      </trkpt>
      <trkpt lat="-6.624227" lon="106.942799">
        <ele>1156.27</ele>
        <time>2024-06-26T03:47:01.927Z</time>
      </trkpt>
      <trkpt lat="-6.624174" lon="106.943082">
        <ele>1159.53</ele>
        <time>2024-06-26T03:47:49.204Z</time>
      </trkpt>
      <trkpt lat="-6.624062" lon="106.943401">
        <ele>1157.87</ele>
        <time>2024-06-26T03:48:44.747Z</time>
      </trkpt>
      <trkpt lat="-6.623943" lon="106.943626">
        <ele>1153.7</ele>
        <time>2024-06-26T03:49:26.593Z</time>
      </trkpt>
      <trkpt lat="-6.623824" lon="106.943852">
        <ele>1152.06</ele>
        <time>2024-06-26T03:50:08.584Z</time>
      </trkpt>
      <trkpt lat="-6.623804" lon="106.943974">
        <ele>1154.14</ele>
        <time>2024-06-26T03:50:28.883Z</time>
      </trkpt>
      <trkpt lat="-6.623867" lon="106.944131">
        <ele>1156.21</ele>
        <time>2024-06-26T03:50:56.680Z</time>
      </trkpt>
      <trkpt lat="-6.623947" lon="106.944291">
        <ele>1156.41</ele>
        <time>2024-06-26T03:51:26.086Z</time>
      </trkpt>
      <trkpt lat="-6.624018" lon="106.944333">
        <ele>1157.67</ele>
        <time>2024-06-26T03:51:39.695Z</time>
      </trkpt>
      <trkpt lat="-6.624367" lon="106.944473">
        <ele>1161.8</ele>
        <time>2024-06-26T03:52:41.783Z</time>
      </trkpt>
      <trkpt lat="-6.624902" lon="106.944715">
        <ele>1167.47</ele>
        <time>2024-06-26T03:54:18.716Z</time>
      </trkpt>
      <trkpt lat="-6.625353" lon="106.944852">
        <ele>1173.49</ele>
        <time>2024-06-26T03:55:36.571Z</time>
      </trkpt>
      <trkpt lat="-6.625581" lon="106.945008">
        <ele>1165.8</ele>
        <time>2024-06-26T03:56:22.131Z</time>
      </trkpt>
      <trkpt lat="-6.625733" lon="106.945009">
        <ele>1167.06</ele>
        <time>2024-06-26T03:56:47.252Z</time>
      </trkpt>
      <trkpt lat="-6.625938" lon="106.944911">
        <ele>1172.94</ele>
        <time>2024-06-26T03:57:24.757Z</time>
      </trkpt>
      <trkpt lat="-6.626143" lon="106.944813">
        <ele>1176.37</ele>
        <time>2024-06-26T03:58:02.262Z</time>
      </trkpt>
      <trkpt lat="-6.626575" lon="106.944654">
        <ele>1184.24</ele>
        <time>2024-06-26T03:59:18.279Z</time>
      </trkpt>
      <trkpt lat="-6.626771" lon="106.944639">
        <ele>1185.28</ele>
        <time>2024-06-26T03:59:50.765Z</time>
      </trkpt>
      <trkpt lat="-6.626967" lon="106.944686">
        <ele>1186.15</ele>
        <time>2024-06-26T04:00:24.063Z</time>
      </trkpt>
      <trkpt lat="-6.627082" lon="106.944821">
        <ele>1186.76</ele>
        <time>2024-06-26T04:00:53.258Z</time>
      </trkpt>
      <trkpt lat="-6.627073" lon="106.945035">
        <ele>1186.4</ele>
        <time>2024-06-26T04:01:28.420Z</time>
      </trkpt>
      <trkpt lat="-6.62711" lon="106.945249">
        <ele>1185.59</ele>
        <time>2024-06-26T04:02:04.079Z</time>
      </trkpt>
      <trkpt lat="-6.627114" lon="106.945555">
        <ele>1182.24</ele>
        <time>2024-06-26T04:02:54.317Z</time>
      </trkpt>
      <trkpt lat="-6.627171" lon="106.945657">
        <ele>1180.53</ele>
        <time>2024-06-26T04:03:13.529Z</time>
      </trkpt>
      <trkpt lat="-6.627495" lon="106.945899">
        <ele>1175.1</ele>
        <time>2024-06-26T04:04:20.203Z</time>
      </trkpt>
      <trkpt lat="-6.627742" lon="106.946">
        <ele>1172.59</ele>
        <time>2024-06-26T04:05:04.263Z</time>
      </trkpt>
      <trkpt lat="-6.627991" lon="106.946087">
        <ele>1169.8</ele>
        <time>2024-06-26T04:05:47.822Z</time>
      </trkpt>
      <trkpt lat="-6.628153" lon="106.946118">
        <ele>1169.21</ele>
        <time>2024-06-26T04:06:15.074Z</time>
      </trkpt>
      <trkpt lat="-6.628318" lon="106.946235">
        <ele>1166.69</ele>
        <time>2024-06-26T04:06:48.428Z</time>
      </trkpt>
      <trkpt lat="-6.62841" lon="106.946311">
        <ele>1165.14</ele>
        <time>2024-06-26T04:07:08.096Z</time>
      </trkpt>
      <trkpt lat="-6.628511" lon="106.946345">
        <ele>1165.14</ele>
        <time>2024-06-26T04:07:25.696Z</time>
      </trkpt>
      <trkpt lat="-6.628598" lon="106.946429">
        <ele>1164.41</ele>
        <time>2024-06-26T04:07:45.618Z</time>
      </trkpt>
      <trkpt lat="-6.628695" lon="106.946577">
        <ele>1163.4</ele>
        <time>2024-06-26T04:08:14.726Z</time>
      </trkpt>
      <trkpt lat="-6.62875" lon="106.946739">
        <ele>1163.14</ele>
        <time>2024-06-26T04:08:42.830Z</time>
      </trkpt>
      <trkpt lat="-6.628756" lon="106.946995">
        <ele>1161.94</ele>
        <time>2024-06-26T04:09:24.867Z</time>
      </trkpt>
      <trkpt lat="-6.628819" lon="106.947179">
        <ele>1161.11</ele>
        <time>2024-06-26T04:09:56.817Z</time>
      </trkpt>
      <trkpt lat="-6.628936" lon="106.947313">
        <ele>1160.05</ele>
        <time>2024-06-26T04:10:26.105Z</time>
      </trkpt>
      <trkpt lat="-6.629097" lon="106.947443">
        <ele>1156.45</ele>
        <time>2024-06-26T04:11:00.214Z</time>
      </trkpt>
      <trkpt lat="-6.629274" lon="106.947543">
        <ele>1152.01</ele>
        <time>2024-06-26T04:11:33.758Z</time>
      </trkpt>
      <trkpt lat="-6.629322" lon="106.947586">
        <ele>1150.46</ele>
        <time>2024-06-26T04:11:44.376Z</time>
      </trkpt>
      <trkpt lat="-6.629479" lon="106.947832">
        <ele>1145.93</ele>
        <time>2024-06-26T04:12:32.377Z</time>
      </trkpt>
      <trkpt lat="-6.629673" lon="106.948037">
        <ele>1146.21</ele>
        <time>2024-06-26T04:13:18.858Z</time>
      </trkpt>
      <trkpt lat="-6.629917" lon="106.948248">
        <ele>1150.91</ele>
        <time>2024-06-26T04:14:12.017Z</time>
      </trkpt>
      <trkpt lat="-6.630007" lon="106.948362">
        <ele>1153.52</ele>
        <time>2024-06-26T04:14:35.922Z</time>
      </trkpt>
      <trkpt lat="-6.630094" lon="106.948541">
        <ele>1155.3</ele>
        <time>2024-06-26T04:15:08.636Z</time>
      </trkpt>
      <trkpt lat="-6.630285" lon="106.948778">
        <ele>1156.84</ele>
        <time>2024-06-26T04:15:58.737Z</time>
      </trkpt>
      <trkpt lat="-6.630415" lon="106.948952">
        <ele>1155.52</ele>
        <time>2024-06-26T04:16:34.479Z</time>
      </trkpt>
      <trkpt lat="-6.630465" lon="106.949118">
        <ele>1152.29</ele>
        <time>2024-06-26T04:17:02.955Z</time>
      </trkpt>
      <trkpt lat="-6.630608" lon="106.949499">
        <ele>1151.78</ele>
        <time>2024-06-26T04:18:09.817Z</time>
      </trkpt>
      <trkpt lat="-6.630668" lon="106.949657">
        <ele>1152.94</ele>
        <time>2024-06-26T04:18:37.585Z</time>
      </trkpt>
      <trkpt lat="-6.630736" lon="106.949801">
        <ele>1153.85</ele>
        <time>2024-06-26T04:19:03.759Z</time>
      </trkpt>
      <trkpt lat="-6.630661" lon="106.950058">
        <ele>1149.11</ele>
        <time>2024-06-26T04:19:47.731Z</time>
      </trkpt>
      <trkpt lat="-6.630577" lon="106.950183">
        <ele>1146.52</ele>
        <time>2024-06-26T04:20:12.506Z</time>
      </trkpt>
      <trkpt lat="-6.630464" lon="106.950282">
        <ele>1145.13</ele>
        <time>2024-06-26T04:20:37.262Z</time>
      </trkpt>
      <trkpt lat="-6.630172" lon="106.950484">
        <ele>1142.74</ele>
        <time>2024-06-26T04:21:35.815Z</time>
      </trkpt>
      <trkpt lat="-6.62999" lon="106.950571">
        <ele>1141.74</ele>
        <time>2024-06-26T04:22:09.112Z</time>
      </trkpt>
      <trkpt lat="-6.629919" lon="106.950682">
        <ele>1141.97</ele>
        <time>2024-06-26T04:22:30.785Z</time>
      </trkpt>
      <trkpt lat="-6.629912" lon="106.951022">
        <ele>1143.91</ele>
        <time>2024-06-26T04:23:26.612Z</time>
      </trkpt>
      <trkpt lat="-6.629683" lon="106.951257">
        <ele>1144.09</ele>
        <time>2024-06-26T04:24:20.654Z</time>
      </trkpt>
      <trkpt lat="-6.629429" lon="106.951486">
        <ele>1145.41</ele>
        <time>2024-06-26T04:25:17.004Z</time>
      </trkpt>
      <trkpt lat="-6.629236" lon="106.951612">
        <ele>1145.4</ele>
        <time>2024-06-26T04:25:55.020Z</time>
      </trkpt>
      <trkpt lat="-6.629102" lon="106.951834">
        <ele>1146.72</ele>
        <time>2024-06-26T04:26:37.665Z</time>
      </trkpt>
      <trkpt lat="-6.629135" lon="106.951846">
        <ele>1146.79</ele>
        <time>2024-06-26T04:26:43.463Z</time>
      </trkpt>
      <trkpt lat="-6.629172" lon="106.952002">
        <ele>1147.69</ele>
        <time>2024-06-26T04:27:09.792Z</time>
      </trkpt>
      <trkpt lat="-6.629095" lon="106.952174">
        <ele>1148.09</ele>
        <time>2024-06-26T04:27:40.763Z</time>
      </trkpt>
      <trkpt lat="-6.628878" lon="106.952339">
        <ele>1147.95</ele>
        <time>2024-06-26T04:28:25.705Z</time>
      </trkpt>
      <trkpt lat="-6.628713" lon="106.952324">
        <ele>1147.51</ele>
        <time>2024-06-26T04:28:53.085Z</time>
      </trkpt>
      <trkpt lat="-6.628791" lon="106.952406">
        <ele>1148</ele>
        <time>2024-06-26T04:29:11.723Z</time>
      </trkpt>
      <trkpt lat="-6.628774" lon="106.952474">
        <ele>1148</ele>
        <time>2024-06-26T04:29:23.234Z</time>
      </trkpt>
      <trkpt lat="-6.628727" lon="106.95253">
        <ele>1147.98</ele>
        <time>2024-06-26T04:29:35.269Z</time>
      </trkpt>
      <trkpt lat="-6.628609" lon="106.952708">
        <ele>1147.29</ele>
        <time>2024-06-26T04:30:10.399Z</time>
      </trkpt>
      <trkpt lat="-6.628555" lon="106.952929">
        <ele>1147.86</ele>
        <time>2024-06-26T04:30:47.760Z</time>
      </trkpt>
      <trkpt lat="-6.628544" lon="106.952997">
        <ele>1147.42</ele>
        <time>2024-06-26T04:30:59.070Z</time>
      </trkpt>
      <trkpt lat="-6.628500942679196" lon="106.95299032233828">
        <ele>1146.7936767759966</ele>
        <time>2024-06-26T04:31:06.269Z</time>
      </trkpt>
      <trkpt lat="-6.628544" lon="106.952997">
        <ele>1147.42</ele>
        <time>2024-06-26T04:31:13.468Z</time>
      </trkpt>
      <trkpt lat="-6.628555" lon="106.952929">
        <ele>1147.86</ele>
        <time>2024-06-26T04:31:25.016Z</time>
      </trkpt>
      <trkpt lat="-6.628609" lon="106.952708">
        <ele>1147.29</ele>
        <time>2024-06-26T04:32:03.164Z</time>
      </trkpt>
      <trkpt lat="-6.628115" lon="106.952853">
        <ele>1142.65</ele>
        <time>2024-06-26T04:33:29.996Z</time>
      </trkpt>
      <trkpt lat="-6.627831" lon="106.953226">
        <ele>1140.98</ele>
        <time>2024-06-26T04:34:48.772Z</time>
      </trkpt>
      <trkpt lat="-6.627674" lon="106.953428">
        <ele>1137.85</ele>
        <time>2024-06-26T04:35:31.764Z</time>
      </trkpt>
      <trkpt lat="-6.62761" lon="106.953462">
        <ele>1137.44</ele>
        <time>2024-06-26T04:35:43.975Z</time>
      </trkpt>
      <trkpt lat="-6.627389" lon="106.95366">
        <ele>1136.76</ele>
        <time>2024-06-26T04:36:33.897Z</time>
      </trkpt>
      <trkpt lat="-6.627271" lon="106.953678">
        <ele>1137.18</ele>
        <time>2024-06-26T04:36:54.036Z</time>
      </trkpt>
      <trkpt lat="-6.626975" lon="106.953742">
        <ele>1138.76</ele>
        <time>2024-06-26T04:37:45.124Z</time>
      </trkpt>
      <trkpt lat="-6.626784" lon="106.95377">
        <ele>1138.94</ele>
        <time>2024-06-26T04:38:17.694Z</time>
      </trkpt>
      <trkpt lat="-6.626705" lon="106.953995">
        <ele>1141.52</ele>
        <time>2024-06-26T04:38:57.695Z</time>
      </trkpt>
      <trkpt lat="-6.626592" lon="106.954117">
        <ele>1143.5</ele>
        <time>2024-06-26T04:39:25.655Z</time>
      </trkpt>
      <trkpt lat="-6.626352" lon="106.954123">
        <ele>1145.97</ele>
        <time>2024-06-26T04:40:06.167Z</time>
      </trkpt>
      <trkpt lat="-6.626041" lon="106.954107">
        <ele>1148.58</ele>
        <time>2024-06-26T04:40:58.716Z</time>
      </trkpt>
      <trkpt lat="-6.625887" lon="106.954168">
        <ele>1149.67</ele>
        <time>2024-06-26T04:41:26.642Z</time>
      </trkpt>
      <trkpt lat="-6.625884" lon="106.954377">
        <ele>1152.84</ele>
        <time>2024-06-26T04:42:01.678Z</time>
      </trkpt>
      <trkpt lat="-6.625907" lon="106.954813">
        <ele>1162.58</ele>
        <time>2024-06-26T04:43:14.863Z</time>
      </trkpt>
      <trkpt lat="-6.62586" lon="106.955141">
        <ele>1168.03</ele>
        <time>2024-06-26T04:44:10.411Z</time>
      </trkpt>
      <trkpt lat="-6.625736" lon="106.955239">
        <ele>1170.05</ele>
        <time>2024-06-26T04:44:37.013Z</time>
      </trkpt>
      <trkpt lat="-6.625551" lon="106.955188">
        <ele>1170.22</ele>
        <time>2024-06-26T04:45:09.380Z</time>
      </trkpt>
      <trkpt lat="-6.625444" lon="106.955185">
        <ele>1172.14</ele>
        <time>2024-06-26T04:45:27.443Z</time>
      </trkpt>
      <trkpt lat="-6.6254" lon="106.954948">
        <ele>1168.18</ele>
        <time>2024-06-26T04:46:07.857Z</time>
      </trkpt>
      <trkpt lat="-6.625273" lon="106.95484">
        <ele>1167.93</ele>
        <time>2024-06-26T04:46:35.910Z</time>
      </trkpt>
      <trkpt lat="-6.625081" lon="106.95483">
        <ele>1172.48</ele>
        <time>2024-06-26T04:47:08.352Z</time>
      </trkpt>
      <trkpt lat="-6.624934" lon="106.954685">
        <ele>1173.51</ele>
        <time>2024-06-26T04:47:43.080Z</time>
      </trkpt>
      <trkpt lat="-6.624806" lon="106.954425">
        <ele>1168.05</ele>
        <time>2024-06-26T04:48:31.720Z</time>
      </trkpt>
      <trkpt lat="-6.624601" lon="106.954171">
        <ele>1161.53</ele>
        <time>2024-06-26T04:49:26.577Z</time>
      </trkpt>
      <trkpt lat="-6.624252" lon="106.953874">
        <ele>1154.81</ele>
        <time>2024-06-26T04:50:43.692Z</time>
      </trkpt>
      <trkpt lat="-6.623903" lon="106.953779">
        <ele>1149.43</ele>
        <time>2024-06-26T04:51:44.699Z</time>
      </trkpt>
      <trkpt lat="-6.623457" lon="106.953749">
        <ele>1138.46</ele>
        <time>2024-06-26T04:53:00.128Z</time>
      </trkpt>
      <trkpt lat="-6.623262" lon="106.953813">
        <ele>1134.82</ele>
        <time>2024-06-26T04:53:34.738Z</time>
      </trkpt>
      <trkpt lat="-6.623158" lon="106.954124">
        <ele>1136.55</ele>
        <time>2024-06-26T04:54:29.743Z</time>
      </trkpt>
      <trkpt lat="-6.623104" lon="106.954414">
        <ele>1142.02</ele>
        <time>2024-06-26T04:55:19.200Z</time>
      </trkpt>
      <trkpt lat="-6.622893" lon="106.954631">
        <ele>1141.79</ele>
        <time>2024-06-26T04:56:10.100Z</time>
      </trkpt>
      <trkpt lat="-6.622728" lon="106.954637">
        <ele>1136.8</ele>
        <time>2024-06-26T04:56:37.961Z</time>
      </trkpt>
      <trkpt lat="-6.622396" lon="106.954648">
        <ele>1135.23</ele>
        <time>2024-06-26T04:57:34.015Z</time>
      </trkpt>
      <trkpt lat="-6.622161" lon="106.954425">
        <ele>1135.56</ele>
        <time>2024-06-26T04:58:28.511Z</time>
      </trkpt>
      <trkpt lat="-6.621876" lon="106.953955">
        <ele>1136.48</ele>
        <time>2024-06-26T05:00:00.812Z</time>
      </trkpt>
      <trkpt lat="-6.621815" lon="106.953695">
        <ele>1132.39</ele>
        <time>2024-06-26T05:00:45.592Z</time>
      </trkpt>
      <trkpt lat="-6.621681" lon="106.95358">
        <ele>1128.49</ele>
        <time>2024-06-26T05:01:15.305Z</time>
      </trkpt>
      <trkpt lat="-6.621349" lon="106.953543">
        <ele>1123.86</ele>
        <time>2024-06-26T05:02:11.671Z</time>
      </trkpt>
      <trkpt lat="-6.620956" lon="106.953455">
        <ele>1116.4</ele>
        <time>2024-06-26T05:03:19.609Z</time>
      </trkpt>
      <trkpt lat="-6.620734" lon="106.953374">
        <ele>1118.76</ele>
        <time>2024-06-26T05:03:59.455Z</time>
      </trkpt>
      <trkpt lat="-6.620754" lon="106.953191">
        <ele>1113.88</ele>
        <time>2024-06-26T05:04:30.315Z</time>
      </trkpt>
      <trkpt lat="-6.620929" lon="106.95286">
        <ele>1097.72</ele>
        <time>2024-06-26T05:05:33.167Z</time>
      </trkpt>
      <trkpt lat="-6.620909" lon="106.952728">
        <ele>1095.12</ele>
        <time>2024-06-26T05:05:55.549Z</time>
      </trkpt>
      <trkpt lat="-6.620815" lon="106.952539">
        <ele>1094.24</ele>
        <time>2024-06-26T05:06:30.978Z</time>
      </trkpt>
      <trkpt lat="-6.620721" lon="106.95235">
        <ele>1090.47</ele>
        <time>2024-06-26T05:07:06.407Z</time>
      </trkpt>
      <trkpt lat="-6.62066" lon="106.952164">
        <ele>1082.39</ele>
        <time>2024-06-26T05:07:39.240Z</time>
      </trkpt>
      <trkpt lat="-6.620432" lon="106.952072">
        <ele>1078.29</ele>
        <time>2024-06-26T05:08:20.690Z</time>
      </trkpt>
      <trkpt lat="-6.620133" lon="106.952042">
        <ele>1073.02</ele>
        <time>2024-06-26T05:09:11.395Z</time>
      </trkpt>
      <trkpt lat="-6.619872" lon="106.951961">
        <ele>1062.34</ele>
        <time>2024-06-26T05:09:57.483Z</time>
      </trkpt>
      <trkpt lat="-6.619563" lon="106.951971">
        <ele>1058.2</ele>
        <time>2024-06-26T05:10:49.653Z</time>
      </trkpt>
      <trkpt lat="-6.619358" lon="106.951883">
        <ele>1051.75</ele>
        <time>2024-06-26T05:11:27.260Z</time>
      </trkpt>
      <trkpt lat="-6.619089" lon="106.951697">
        <ele>1043.75</ele>
        <time>2024-06-26T05:12:22.329Z</time>
      </trkpt>
      <trkpt lat="-6.618885" lon="106.951622">
        <ele>1042.2</ele>
        <time>2024-06-26T05:12:58.977Z</time>
      </trkpt>
      <trkpt lat="-6.618684370079052" lon="106.95217296983486">
        <ele>1103.5106605422186</ele>
        <time>2024-06-26T05:14:37.342Z</time>
      </trkpt>
      <trkpt lat="-6.618885" lon="106.951622">
        <ele>1042.2</ele>
        <time>2024-06-26T05:16:15.707Z</time>
      </trkpt>
      <trkpt lat="-6.618512" lon="106.951484">
        <ele>1035.27</ele>
        <time>2024-06-26T05:17:23.286Z</time>
      </trkpt>
      <trkpt lat="-6.618277" lon="106.951569">
        <ele>1037.97</ele>
        <time>2024-06-26T05:18:05.750Z</time>
      </trkpt>
      <trkpt lat="-6.617811" lon="106.951721">
        <ele>1033.81</ele>
        <time>2024-06-26T05:19:29.052Z</time>
      </trkpt>
      <trkpt lat="-6.617594" lon="106.95174">
        <ele>1029.89</ele>
        <time>2024-06-26T05:20:06.093Z</time>
      </trkpt>
      <trkpt lat="-6.617377" lon="106.951758">
        <ele>1021.58</ele>
        <time>2024-06-26T05:20:43.120Z</time>
      </trkpt>
      <trkpt lat="-6.61728" lon="106.951836">
        <ele>1019.1</ele>
        <time>2024-06-26T05:21:04.231Z</time>
      </trkpt>
      <trkpt lat="-6.617176" lon="106.952231">
        <ele>1021.55</ele>
        <time>2024-06-26T05:22:13.260Z</time>
      </trkpt>
      <trkpt lat="-6.616965" lon="106.952492">
        <ele>1020.89</ele>
        <time>2024-06-26T05:23:10.105Z</time>
      </trkpt>
      <trkpt lat="-6.616867" lon="106.952441">
        <ele>1020.22</ele>
        <time>2024-06-26T05:23:28.865Z</time>
      </trkpt>
      <trkpt lat="-6.616848" lon="106.952376">
        <ele>1018.4</ele>
        <time>2024-06-26T05:23:40.310Z</time>
      </trkpt>
      <trkpt lat="-6.616807" lon="106.952238">
        <ele>1014.56</ele>
        <time>2024-06-26T05:24:04.641Z</time>
      </trkpt>
      <trkpt lat="-6.616552" lon="106.952032">
        <ele>1019.74</ele>
        <time>2024-06-26T05:25:00.241Z</time>
      </trkpt>
      <trkpt lat="-6.616223" lon="106.951859">
        <ele>1026.95</ele>
        <time>2024-06-26T05:26:03.362Z</time>
      </trkpt>
      <trkpt lat="-6.615975" lon="106.951888">
        <ele>1032.59</ele>
        <time>2024-06-26T05:26:45.819Z</time>
      </trkpt>
      <trkpt lat="-6.615658" lon="106.952025">
        <ele>1039.92</ele>
        <time>2024-06-26T05:27:44.484Z</time>
      </trkpt>
      <trkpt lat="-6.615386" lon="106.952132">
        <ele>1041.05</ele>
        <time>2024-06-26T05:28:34.145Z</time>
      </trkpt>
      <trkpt lat="-6.615117" lon="106.952148">
        <ele>1042.49</ele>
        <time>2024-06-26T05:29:19.970Z</time>
      </trkpt>
      <trkpt lat="-6.615026" lon="106.952009">
        <ele>1039.25</ele>
        <time>2024-06-26T05:29:48.091Z</time>
      </trkpt>
      <trkpt lat="-6.614992" lon="106.951843">
        <ele>1034.59</ele>
        <time>2024-06-26T05:30:16.722Z</time>
      </trkpt>
      <trkpt lat="-6.614853" lon="106.95176">
        <ele>1036.49</ele>
        <time>2024-06-26T05:30:44.205Z</time>
      </trkpt>
      <trkpt lat="-6.614779" lon="106.951652">
        <ele>1037.3</ele>
        <time>2024-06-26T05:31:06.368Z</time>
      </trkpt>
      <trkpt lat="-6.614773" lon="106.951301">
        <ele>1031.52</ele>
        <time>2024-06-26T05:32:05.669Z</time>
      </trkpt>
      <trkpt lat="-6.614675" lon="106.951196">
        <ele>1029.33</ele>
        <time>2024-06-26T05:32:30.007Z</time>
      </trkpt>
      <trkpt lat="-6.614195" lon="106.951062">
        <ele>1018.19</ele>
        <time>2024-06-26T05:33:54.715Z</time>
      </trkpt>
      <trkpt lat="-6.61397" lon="106.950978">
        <ele>1010.65</ele>
        <time>2024-06-26T05:34:35.524Z</time>
      </trkpt>
      <trkpt lat="-6.613658" lon="106.951005">
        <ele>1010.06</ele>
        <time>2024-06-26T05:35:28.777Z</time>
      </trkpt>
      <trkpt lat="-6.613359" lon="106.950954">
        <ele>1005.74</ele>
        <time>2024-06-26T05:36:20.348Z</time>
      </trkpt>
      <trkpt lat="-6.613203" lon="106.950875">
        <ele>1003.75</ele>
        <time>2024-06-26T05:36:50.044Z</time>
      </trkpt>
      <trkpt lat="-6.613104" lon="106.950825">
        <ele>1002.5</ele>
        <time>2024-06-26T05:37:08.879Z</time>
      </trkpt>
      <trkpt lat="-6.61293" lon="106.950724">
        <ele>1001.22</ele>
        <time>2024-06-26T05:37:43.035Z</time>
      </trkpt>
      <trkpt lat="-6.612641" lon="106.950697">
        <ele>1009.39</ele>
        <time>2024-06-26T05:38:32.392Z</time>
      </trkpt>
      <trkpt lat="-6.612349" lon="106.950481">
        <ele>1006.91</ele>
        <time>2024-06-26T05:39:34.013Z</time>
      </trkpt>
      <trkpt lat="-6.612159" lon="106.950351">
        <ele>1004.62</ele>
        <time>2024-06-26T05:40:13.080Z</time>
      </trkpt>
      <trkpt lat="-6.61197" lon="106.950221">
        <ele>999.8</ele>
        <time>2024-06-26T05:40:52.006Z</time>
      </trkpt>
      <trkpt lat="-6.611453" lon="106.949761">
        <ele>977.59</ele>
        <time>2024-06-26T05:42:49.343Z</time>
      </trkpt>
      <trkpt lat="-6.611261" lon="106.94954">
        <ele>969.25</ele>
        <time>2024-06-26T05:43:38.939Z</time>
      </trkpt>
      <trkpt lat="-6.610879" lon="106.949102">
        <ele>957.01</ele>
        <time>2024-06-26T05:45:17.400Z</time>
      </trkpt>
      <trkpt lat="-6.610469" lon="106.948872">
        <ele>949.81</ele>
        <time>2024-06-26T05:46:37.218Z</time>
      </trkpt>
      <trkpt lat="-6.610016" lon="106.948595">
        <ele>948.63</ele>
        <time>2024-06-26T05:48:07.351Z</time>
      </trkpt>
      <trkpt lat="-6.609707" lon="106.948487">
        <ele>948.07</ele>
        <time>2024-06-26T05:49:02.975Z</time>
      </trkpt>
      <trkpt lat="-6.609437" lon="106.94843">
        <ele>942.81</ele>
        <time>2024-06-26T05:49:49.889Z</time>
      </trkpt>
      <trkpt lat="-6.609137" lon="106.948366">
        <ele>932.68</ele>
        <time>2024-06-26T05:50:42.039Z</time>
      </trkpt>
      <trkpt lat="-6.6091628463052245" lon="106.94823481677781">
        <ele>934.7687583707452</ele>
        <time>2024-06-26T05:51:04.631Z</time>
      </trkpt>
      <trkpt lat="-6.609137" lon="106.948366">
        <ele>932.68</ele>
        <time>2024-06-26T05:51:27.223Z</time>
      </trkpt>
      <trkpt lat="-6.608918" lon="106.948323">
        <ele>928.07</ele>
        <time>2024-06-26T05:52:04.860Z</time>
      </trkpt>
      <trkpt lat="-6.60867" lon="106.948274">
        <ele>928.39</ele>
        <time>2024-06-26T05:52:47.491Z</time>
      </trkpt>
      <trkpt lat="-6.608525" lon="106.948332">
        <ele>927.43</ele>
        <time>2024-06-26T05:53:13.809Z</time>
      </trkpt>
      <trkpt lat="-6.608475" lon="106.94849">
        <ele>923.98</ele>
        <time>2024-06-26T05:53:41.594Z</time>
      </trkpt>
      <trkpt lat="-6.608341" lon="106.948551">
        <ele>920.71</ele>
        <time>2024-06-26T05:54:06.400Z</time>
      </trkpt>
      <trkpt lat="-6.607898" lon="106.948673">
        <ele>911.58</ele>
        <time>2024-06-26T05:55:23.871Z</time>
      </trkpt>
      <trkpt lat="-6.607491" lon="106.948838">
        <ele>906.08</ele>
        <time>2024-06-26T05:56:37.882Z</time>
      </trkpt>
      <trkpt lat="-6.607179" lon="106.948876">
        <ele>907.24</ele>
        <time>2024-06-26T05:57:30.894Z</time>
      </trkpt>
      <trkpt lat="-6.607025" lon="106.948865">
        <ele>908.55</ele>
        <time>2024-06-26T05:57:56.936Z</time>
      </trkpt>
      <trkpt lat="-6.606417" lon="106.948896">
        <ele>911.73</ele>
        <time>2024-06-26T05:59:39.625Z</time>
      </trkpt>
      <trkpt lat="-6.606035" lon="106.948825">
        <ele>912.62</ele>
        <time>2024-06-26T06:00:45.150Z</time>
      </trkpt>
      <trkpt lat="-6.605531" lon="106.94872">
        <ele>919.19</ele>
        <time>2024-06-26T06:02:11.967Z</time>
      </trkpt>
      <trkpt lat="-6.604957" lon="106.948578">
        <ele>924.23</ele>
        <time>2024-06-26T06:03:51.671Z</time>
      </trkpt>
      <trkpt lat="-6.604625" lon="106.948558">
        <ele>925.06</ele>
        <time>2024-06-26T06:04:47.773Z</time>
      </trkpt>
      <trkpt lat="-6.604467" lon="106.948659">
        <ele>924.44</ele>
        <time>2024-06-26T06:05:19.343Z</time>
      </trkpt>
      <trkpt lat="-6.604322" lon="106.948818">
        <ele>923.54</ele>
        <time>2024-06-26T06:05:55.510Z</time>
      </trkpt>
      <trkpt lat="-6.604128" lon="106.948879">
        <ele>920.6</ele>
        <time>2024-06-26T06:06:29.793Z</time>
      </trkpt>
      <trkpt lat="-6.603829" lon="106.948889">
        <ele>916.84</ele>
        <time>2024-06-26T06:07:20.256Z</time>
      </trkpt>
      <trkpt lat="-6.603607" lon="106.948771">
        <ele>912.31</ele>
        <time>2024-06-26T06:08:02.602Z</time>
      </trkpt>
      <trkpt lat="-6.603289" lon="106.948707">
        <ele>907.1</ele>
        <time>2024-06-26T06:08:57.304Z</time>
      </trkpt>
      <trkpt lat="-6.603089" lon="106.948762">
        <ele>906.5</ele>
        <time>2024-06-26T06:09:32.276Z</time>
      </trkpt>
      <trkpt lat="-6.602889" lon="106.948818">
        <ele>902.7</ele>
        <time>2024-06-26T06:10:07.292Z</time>
      </trkpt>
      <trkpt lat="-6.602493" lon="106.949031">
        <ele>884.29</ele>
        <time>2024-06-26T06:11:23.027Z</time>
      </trkpt>
      <trkpt lat="-6.602218" lon="106.949244">
        <ele>870.7</ele>
        <time>2024-06-26T06:12:21.555Z</time>
      </trkpt>
      <trkpt lat="-6.601899" lon="106.949376">
        <ele>856.15</ele>
        <time>2024-06-26T06:13:19.732Z</time>
      </trkpt>
      <trkpt lat="-6.601684" lon="106.949401">
        <ele>850.09</ele>
        <time>2024-06-26T06:13:56.239Z</time>
      </trkpt>
      <trkpt lat="-6.601469" lon="106.949426">
        <ele>847.59</ele>
        <time>2024-06-26T06:14:32.746Z</time>
      </trkpt>
      <trkpt lat="-6.601023" lon="106.94947">
        <ele>845.74</ele>
        <time>2024-06-26T06:15:48.338Z</time>
      </trkpt>
      <trkpt lat="-6.600734" lon="106.949372">
        <ele>841.65</ele>
        <time>2024-06-26T06:16:39.778Z</time>
      </trkpt>
      <trkpt lat="-6.60046" lon="106.949306">
        <ele>838.05</ele>
        <time>2024-06-26T06:17:27.301Z</time>
      </trkpt>
      <trkpt lat="-6.600187" lon="106.949241">
        <ele>830.94</ele>
        <time>2024-06-26T06:18:14.621Z</time>
      </trkpt>
      <trkpt lat="-6.599764" lon="106.949224">
        <ele>822.27</ele>
        <time>2024-06-26T06:19:26.030Z</time>
      </trkpt>
      <trkpt lat="-6.59937" lon="106.949209">
        <ele>811.58</ele>
        <time>2024-06-26T06:20:32.538Z</time>
      </trkpt>
      <trkpt lat="-6.599267" lon="106.949249">
        <ele>810.24</ele>
        <time>2024-06-26T06:20:51.160Z</time>
      </trkpt>
      <trkpt lat="-6.599213" lon="106.94919">
        <ele>807.57</ele>
        <time>2024-06-26T06:21:04.602Z</time>
      </trkpt>
      <trkpt lat="-6.599184" lon="106.949083">
        <ele>802.71</ele>
        <time>2024-06-26T06:21:23.186Z</time>
      </trkpt>
      <trkpt lat="-6.598963" lon="106.948935">
        <ele>795.26</ele>
        <time>2024-06-26T06:22:07.960Z</time>
      </trkpt>
      <trkpt lat="-6.598736" lon="106.94875">
        <ele>789.09</ele>
        <time>2024-06-26T06:22:57.226Z</time>
      </trkpt>
      <trkpt lat="-6.59844" lon="106.948508">
        <ele>777.79</ele>
        <time>2024-06-26T06:24:01.548Z</time>
      </trkpt>
      <trkpt lat="-6.598198" lon="106.948353">
        <ele>766.65</ele>
        <time>2024-06-26T06:24:49.931Z</time>
      </trkpt>
      <trkpt lat="-6.598086" lon="106.948326">
        <ele>764.07</ele>
        <time>2024-06-26T06:25:09.357Z</time>
      </trkpt>
      <trkpt lat="-6.597998" lon="106.948187">
        <ele>754.2</ele>
        <time>2024-06-26T06:25:36.976Z</time>
      </trkpt>
      <trkpt lat="-6.59783" lon="106.947916">
        <ele>738.09</ele>
        <time>2024-06-26T06:26:30.502Z</time>
      </trkpt>
      <trkpt lat="-6.597702" lon="106.947803">
        <ele>730.71</ele>
        <time>2024-06-26T06:26:59.219Z</time>
      </trkpt>
      <trkpt lat="-6.597521" lon="106.947755">
        <ele>727</ele>
        <time>2024-06-26T06:27:30.792Z</time>
      </trkpt>
      <trkpt lat="-6.597183" lon="106.947699">
        <ele>716.82</ele>
        <time>2024-06-26T06:28:28.573Z</time>
      </trkpt>
      <trkpt lat="-6.596877" lon="106.947656">
        <ele>706.65</ele>
        <time>2024-06-26T06:29:20.690Z</time>
      </trkpt>
      <trkpt lat="-6.596695" lon="106.947672">
        <ele>703.43</ele>
        <time>2024-06-26T06:29:51.506Z</time>
      </trkpt>
      <trkpt lat="-6.59657" lon="106.947763">
        <ele>704.81</ele>
        <time>2024-06-26T06:30:17.527Z</time>
      </trkpt>
      <trkpt lat="-6.596464" lon="106.947811">
        <ele>702.97</ele>
        <time>2024-06-26T06:30:37.132Z</time>
      </trkpt>
      <trkpt lat="-6.596322" lon="106.947742">
        <ele>694.23</ele>
        <time>2024-06-26T06:31:03.729Z</time>
      </trkpt>
      <trkpt lat="-6.596117" lon="106.947615">
        <ele>682.8</ele>
        <time>2024-06-26T06:31:44.332Z</time>
      </trkpt>
      <trkpt lat="-6.595933" lon="106.947428">
        <ele>672.57</ele>
        <time>2024-06-26T06:32:28.436Z</time>
      </trkpt>
      <trkpt lat="-6.595755" lon="106.947358">
        <ele>668.14</ele>
        <time>2024-06-26T06:33:00.671Z</time>
      </trkpt>
      <trkpt lat="-6.595548" lon="106.947311">
        <ele>665.11</ele>
        <time>2024-06-26T06:33:36.465Z</time>
      </trkpt>
      <trkpt lat="-6.595342" lon="106.947264">
        <ele>665.03</ele>
        <time>2024-06-26T06:34:12.094Z</time>
      </trkpt>
      <trkpt lat="-6.595027" lon="106.947154">
        <ele>668.1</ele>
        <time>2024-06-26T06:35:08.334Z</time>
      </trkpt>
      <trkpt lat="-6.594748" lon="106.947092">
        <ele>672.63</ele>
        <time>2024-06-26T06:35:56.529Z</time>
      </trkpt>
      <trkpt lat="-6.594481" lon="106.947135">
        <ele>670.82</ele>
        <time>2024-06-26T06:36:42.139Z</time>
      </trkpt>
      <trkpt lat="-6.594121" lon="106.947248">
        <ele>664.06</ele>
        <time>2024-06-26T06:37:45.747Z</time>
      </trkpt>
      <trkpt lat="-6.593844" lon="106.947275">
        <ele>660.03</ele>
        <time>2024-06-26T06:38:32.690Z</time>
      </trkpt>
      <trkpt lat="-6.593607" lon="106.94739">
        <ele>651.22</ele>
        <time>2024-06-26T06:39:17.069Z</time>
      </trkpt>
      <trkpt lat="-6.593455" lon="106.947527">
        <ele>642.47</ele>
        <time>2024-06-26T06:39:51.483Z</time>
      </trkpt>
      <trkpt lat="-6.59324" lon="106.947565">
        <ele>634</ele>
        <time>2024-06-26T06:40:28.304Z</time>
      </trkpt>
      <trkpt lat="-6.593085" lon="106.947599">
        <ele>627.01</ele>
        <time>2024-06-26T06:40:55.063Z</time>
      </trkpt>
      <trkpt lat="-6.593016" lon="106.947565">
        <ele>624.93</ele>
        <time>2024-06-26T06:41:08.021Z</time>
      </trkpt>
      <trkpt lat="-6.593042" lon="106.94746">
        <ele>627.33</ele>
        <time>2024-06-26T06:41:26.153Z</time>
      </trkpt>
      <trkpt lat="-6.593053" lon="106.947339">
        <ele>628.17</ele>
        <time>2024-06-26T06:41:46.513Z</time>
      </trkpt>
      <trkpt lat="-6.592941" lon="106.947291">
        <ele>621.68</ele>
        <time>2024-06-26T06:42:07.046Z</time>
      </trkpt>
      <trkpt lat="-6.592787" lon="106.94731">
        <ele>612.8</ele>
        <time>2024-06-26T06:42:33.217Z</time>
      </trkpt>
      <trkpt lat="-6.592709" lon="106.94743">
        <ele>609.77</ele>
        <time>2024-06-26T06:42:57.246Z</time>
      </trkpt>
      <trkpt lat="-6.5924" lon="106.947768">
        <ele>592.45</ele>
        <time>2024-06-26T06:44:14.217Z</time>
      </trkpt>
      <trkpt lat="-6.592235" lon="106.948031">
        <ele>581.21</ele>
        <time>2024-06-26T06:45:06.339Z</time>
      </trkpt>
      <trkpt lat="-6.592006" lon="106.948206">
        <ele>571.56</ele>
        <time>2024-06-26T06:45:54.836Z</time>
      </trkpt>
      <trkpt lat="-6.591902" lon="106.948258">
        <ele>568.84</ele>
        <time>2024-06-26T06:46:14.423Z</time>
      </trkpt>
      <trkpt lat="-6.59189077730359" lon="106.94823481677781">
        <ele>567.9125072881337</ele>
        <time>2024-06-26T06:46:18.705Z</time>
      </trkpt>
      <trkpt lat="-6.591902" lon="106.948258">
        <ele>568.84</ele>
        <time>2024-06-26T06:46:22.987Z</time>
      </trkpt>
      <trkpt lat="-6.591777" lon="106.948321">
        <ele>565.55</ele>
        <time>2024-06-26T06:46:46.352Z</time>
      </trkpt>
      <trkpt lat="-6.591745" lon="106.948442">
        <ele>564.61</ele>
        <time>2024-06-26T06:47:07.142Z</time>
      </trkpt>
      <trkpt lat="-6.591857" lon="106.94867">
        <ele>563.54</ele>
        <time>2024-06-26T06:47:49.375Z</time>
      </trkpt>
      <trkpt lat="-6.591987" lon="106.948731">
        <ele>563.59</ele>
        <time>2024-06-26T06:48:13.348Z</time>
      </trkpt>
      <trkpt lat="-6.592286" lon="106.948654">
        <ele>562.55</ele>
        <time>2024-06-26T06:49:04.934Z</time>
      </trkpt>
      <trkpt lat="-6.592416" lon="106.948683">
        <ele>561.06</ele>
        <time>2024-06-26T06:49:27.190Z</time>
      </trkpt>
      <trkpt lat="-6.592544" lon="106.948898">
        <ele>555.07</ele>
        <time>2024-06-26T06:50:08.809Z</time>
      </trkpt>
      <trkpt lat="-6.592504" lon="106.949174">
        <ele>550.87</ele>
        <time>2024-06-26T06:50:55.121Z</time>
      </trkpt>
      <trkpt lat="-6.592485" lon="106.949506">
        <ele>547.57</ele>
        <time>2024-06-26T06:51:50.338Z</time>
      </trkpt>
      <trkpt lat="-6.592541" lon="106.949686">
        <ele>545.14</ele>
        <time>2024-06-26T06:52:21.657Z</time>
      </trkpt>
      <trkpt lat="-6.592517" lon="106.949772">
        <ele>543.71</ele>
        <time>2024-06-26T06:52:36.489Z</time>
      </trkpt>
      <trkpt lat="-6.592009" lon="106.950102">
        <ele>534.82</ele>
        <time>2024-06-26T06:54:17.544Z</time>
      </trkpt>
      <trkpt lat="-6.591822" lon="106.950097">
        <ele>535.34</ele>
        <time>2024-06-26T06:54:48.811Z</time>
      </trkpt>
      <trkpt lat="-6.591692" lon="106.950162">
        <ele>533.82</ele>
        <time>2024-06-26T06:55:13.072Z</time>
      </trkpt>
      <trkpt lat="-6.591581" lon="106.950276">
        <ele>532.02</ele>
        <time>2024-06-26T06:55:39.577Z</time>
      </trkpt>
      <trkpt lat="-6.591601" lon="106.950457">
        <ele>526.17</ele>
        <time>2024-06-26T06:56:09.816Z</time>
      </trkpt>
      <trkpt lat="-6.591632" lon="106.950535">
        <ele>523.44</ele>
        <time>2024-06-26T06:56:23.765Z</time>
      </trkpt>
      <trkpt lat="-6.591561" lon="106.950614">
        <ele>521.99</ele>
        <time>2024-06-26T06:56:41.454Z</time>
      </trkpt>
      <trkpt lat="-6.591369" lon="106.950742">
        <ele>519.6</ele>
        <time>2024-06-26T06:57:19.945Z</time>
      </trkpt>
      <trkpt lat="-6.591234" lon="106.950808">
        <ele>517.15</ele>
        <time>2024-06-26T06:57:45.030Z</time>
      </trkpt>
      <trkpt lat="-6.591127" lon="106.950808">
        <ele>516.56</ele>
        <time>2024-06-26T06:58:02.914Z</time>
      </trkpt>
      <trkpt lat="-6.591046" lon="106.950771">
        <ele>517.13</ele>
        <time>2024-06-26T06:58:17.781Z</time>
      </trkpt>
      <trkpt lat="-6.590969" lon="106.950677">
        <ele>519.97</ele>
        <time>2024-06-26T06:58:38.011Z</time>
      </trkpt>
      <trkpt lat="-6.590865" lon="106.950593">
        <ele>519.04</ele>
        <time>2024-06-26T06:59:00.298Z</time>
      </trkpt>
      <trkpt lat="-6.590748" lon="106.950456">
        <ele>517.95</ele>
        <time>2024-06-26T06:59:30.296Z</time>
      </trkpt>
      <trkpt lat="-6.590559" lon="106.950353">
        <ele>512.81</ele>
        <time>2024-06-26T07:00:06.219Z</time>
      </trkpt>
      <trkpt lat="-6.590502" lon="106.9503">
        <ele>511.41</ele>
        <time>2024-06-26T07:00:19.188Z</time>
      </trkpt>
      <trkpt lat="-6.590379" lon="106.950115">
        <ele>509.58</ele>
        <time>2024-06-26T07:00:56.151Z</time>
      </trkpt>
      <trkpt lat="-6.590193" lon="106.949635">
        <ele>503.67</ele>
        <time>2024-06-26T07:02:21.700Z</time>
      </trkpt>
      <trkpt lat="-6.590544" lon="106.949316">
        <ele>501.32</ele>
        <time>2024-06-26T07:03:40.741Z</time>
      </trkpt>
      <trkpt lat="-6.590791" lon="106.949006">
        <ele>499.41</ele>
        <time>2024-06-26T07:04:46.725Z</time>
      </trkpt>
      <trkpt lat="-6.590815" lon="106.948965">
        <ele>499.18</ele>
        <time>2024-06-26T07:04:54.626Z</time>
      </trkpt>
      <trkpt lat="-6.590823" lon="106.948914">
        <ele>498.96</ele>
        <time>2024-06-26T07:05:03.199Z</time>
      </trkpt>
      <trkpt lat="-6.590811" lon="106.948818">
        <ele>498.61</ele>
        <time>2024-06-26T07:05:19.264Z</time>
      </trkpt>
      <trkpt lat="-6.590778" lon="106.948715">
        <ele>498.26</ele>
        <time>2024-06-26T07:05:37.233Z</time>
      </trkpt>
      <trkpt lat="-6.590765" lon="106.948635">
        <ele>497.94</ele>
        <time>2024-06-26T07:05:50.692Z</time>
      </trkpt>
      <trkpt lat="-6.590796" lon="106.948392">
        <ele>496.77</ele>
        <time>2024-06-26T07:06:31.371Z</time>
      </trkpt>
      <trkpt lat="-6.59078" lon="106.948305">
        <ele>496.4</ele>
        <time>2024-06-26T07:06:46.062Z</time>
      </trkpt>
      <trkpt lat="-6.590742" lon="106.948228">
        <ele>496.12</ele>
        <time>2024-06-26T07:07:00.338Z</time>
      </trkpt>
      <trkpt lat="-6.590652" lon="106.948098">
        <ele>495.65</ele>
        <time>2024-06-26T07:07:26.648Z</time>
      </trkpt>
      <trkpt lat="-6.590618" lon="106.948031">
        <ele>495.39</ele>
        <time>2024-06-26T07:07:39.140Z</time>
      </trkpt>
      <trkpt lat="-6.590603" lon="106.947965">
        <ele>495.1</ele>
        <time>2024-06-26T07:07:50.381Z</time>
      </trkpt>
      <trkpt lat="-6.590605" lon="106.947922">
        <ele>494.89</ele>
        <time>2024-06-26T07:07:57.528Z</time>
      </trkpt>
      <trkpt lat="-6.590632" lon="106.947865">
        <ele>494.58</ele>
        <time>2024-06-26T07:08:08.013Z</time>
      </trkpt>
      <trkpt lat="-6.590711" lon="106.947791">
        <ele>494.11</ele>
        <time>2024-06-26T07:08:26.050Z</time>
      </trkpt>
      <trkpt lat="-6.590812" lon="106.947729">
        <ele>493.65</ele>
        <time>2024-06-26T07:08:45.823Z</time>
      </trkpt>
      <trkpt lat="-6.590924" lon="106.947573">
        <ele>492.73</ele>
        <time>2024-06-26T07:09:17.782Z</time>
      </trkpt>
      <trkpt lat="-6.590975" lon="106.947489">
        <ele>492.25</ele>
        <time>2024-06-26T07:09:34.128Z</time>
      </trkpt>
      <trkpt lat="-6.591013" lon="106.947412">
        <ele>491.82</ele>
        <time>2024-06-26T07:09:48.404Z</time>
      </trkpt>
      <trkpt lat="-6.591044" lon="106.947276">
        <ele>491.13</ele>
        <time>2024-06-26T07:10:11.572Z</time>
      </trkpt>
      <trkpt lat="-6.591117" lon="106.947071">
        <ele>490.04</ele>
        <time>2024-06-26T07:10:47.731Z</time>
      </trkpt>
      <trkpt lat="-6.591268" lon="106.946784">
        <ele>488.44</ele>
        <time>2024-06-26T07:11:41.656Z</time>
      </trkpt>
      <trkpt lat="-6.591472" lon="106.946458">
        <ele>486.56</ele>
        <time>2024-06-26T07:12:45.630Z</time>
      </trkpt>
      <trkpt lat="-6.591485" lon="106.946416">
        <ele>486.35</ele>
        <time>2024-06-26T07:12:52.934Z</time>
      </trkpt>
      <trkpt lat="-6.591486" lon="106.946383">
        <ele>486.18</ele>
        <time>2024-06-26T07:12:58.415Z</time>
      </trkpt>
      <trkpt lat="-6.591479" lon="106.946351">
        <ele>486.05</ele>
        <time>2024-06-26T07:13:03.855Z</time>
      </trkpt>
      <trkpt lat="-6.591411" lon="106.946223">
        <ele>485.55</ele>
        <time>2024-06-26T07:13:27.956Z</time>
      </trkpt>
      <trkpt lat="-6.591362" lon="106.946075">
        <ele>484.97</ele>
        <time>2024-06-26T07:13:53.859Z</time>
      </trkpt>
      <trkpt lat="-6.591337" lon="106.945836">
        <ele>483.98</ele>
        <time>2024-06-26T07:14:33.762Z</time>
      </trkpt>
      <trkpt lat="-6.591348" lon="106.94577">
        <ele>483.68</ele>
        <time>2024-06-26T07:14:44.873Z</time>
      </trkpt>
      <trkpt lat="-6.591374" lon="106.945708">
        <ele>483.35</ele>
        <time>2024-06-26T07:14:56.047Z</time>
      </trkpt>
      <trkpt lat="-6.591494" lon="106.945542">
        <ele>482.34</ele>
        <time>2024-06-26T07:15:30.135Z</time>
      </trkpt>
      <trkpt lat="-6.591721" lon="106.945253">
        <ele>480.52</ele>
        <time>2024-06-26T07:16:31.309Z</time>
      </trkpt>
      <trkpt lat="-6.591845" lon="106.94511">
        <ele>479.58</ele>
        <time>2024-06-26T07:17:02.826Z</time>
      </trkpt>
      <trkpt lat="-6.591831" lon="106.944953">
        <ele>479.68</ele>
        <time>2024-06-26T07:17:28.999Z</time>
      </trkpt>
      <trkpt lat="-6.591857" lon="106.944905">
        <ele>480.56</ele>
        <time>2024-06-26T07:17:38.076Z</time>
      </trkpt>
      <trkpt lat="-6.591878" lon="106.944833">
        <ele>481.75</ele>
        <time>2024-06-26T07:17:50.535Z</time>
      </trkpt>
      <trkpt lat="-6.591927" lon="106.94446">
        <ele>487.61</ele>
        <time>2024-06-26T07:18:53.007Z</time>
      </trkpt>
      <trkpt lat="-6.591927" lon="106.944349">
        <ele>489.31</ele>
        <time>2024-06-26T07:19:11.437Z</time>
      </trkpt>
      <trkpt lat="-6.591905" lon="106.944133">
        <ele>492.63</ele>
        <time>2024-06-26T07:19:47.490Z</time>
      </trkpt>
      <trkpt lat="-6.591902" lon="106.944036">
        <ele>494.08</ele>
        <time>2024-06-26T07:20:03.603Z</time>
      </trkpt>
      <trkpt lat="-6.591924" lon="106.943934">
        <ele>495.51</ele>
        <time>2024-06-26T07:20:20.933Z</time>
      </trkpt>
      <trkpt lat="-6.592022" lon="106.943686">
        <ele>498.32</ele>
        <time>2024-06-26T07:21:05.249Z</time>
      </trkpt>
      <trkpt lat="-6.592029" lon="106.943618">
        <ele>499.05</ele>
        <time>2024-06-26T07:21:16.600Z</time>
      </trkpt>
      <trkpt lat="-6.592021" lon="106.943558">
        <ele>499.73</ele>
        <time>2024-06-26T07:21:26.651Z</time>
      </trkpt>
      <trkpt lat="-6.591987" lon="106.943488">
        <ele>500.68</ele>
        <time>2024-06-26T07:21:39.588Z</time>
      </trkpt>
      <trkpt lat="-6.591947" lon="106.943445">
        <ele>501.42</ele>
        <time>2024-06-26T07:21:49.369Z</time>
      </trkpt>
      <trkpt lat="-6.591803" lon="106.943329">
        <ele>503.86</ele>
        <time>2024-06-26T07:22:20.196Z</time>
      </trkpt>
      <trkpt lat="-6.591505" lon="106.943198">
        <ele>508.59</ele>
        <time>2024-06-26T07:23:14.548Z</time>
      </trkpt>
      <trkpt lat="-6.591494" lon="106.943175">
        <ele>509.01</ele>
        <time>2024-06-26T07:23:18.786Z</time>
      </trkpt>
      <trkpt lat="-6.591516" lon="106.943136">
        <ele>510.05</ele>
        <time>2024-06-26T07:23:26.232Z</time>
      </trkpt>
      <trkpt lat="-6.591597" lon="106.942847">
        <ele>515.5</ele>
        <time>2024-06-26T07:24:16.091Z</time>
      </trkpt>
      <trkpt lat="-6.591649" lon="106.942496">
        <ele>519.37</ele>
        <time>2024-06-26T07:25:15.016Z</time>
      </trkpt>
      <trkpt lat="-6.591657" lon="106.942366">
        <ele>520.37</ele>
        <time>2024-06-26T07:25:36.642Z</time>
      </trkpt>
      <trkpt lat="-6.591658" lon="106.942199">
        <ele>521.38</ele>
        <time>2024-06-26T07:26:04.371Z</time>
      </trkpt>
      <trkpt lat="-6.591632" lon="106.942134">
        <ele>521.12</ele>
        <time>2024-06-26T07:26:16.005Z</time>
      </trkpt>
      <trkpt lat="-6.591548" lon="106.94202">
        <ele>519.35</ele>
        <time>2024-06-26T07:26:39.572Z</time>
      </trkpt>
      <trkpt lat="-6.591529" lon="106.941956">
        <ele>518.85</ele>
        <time>2024-06-26T07:26:50.663Z</time>
      </trkpt>
      <trkpt lat="-6.591545" lon="106.941878">
        <ele>518.72</ele>
        <time>2024-06-26T07:27:03.887Z</time>
      </trkpt>
      <trkpt lat="-6.591617" lon="106.941744">
        <ele>518.43</ele>
        <time>2024-06-26T07:27:29.182Z</time>
      </trkpt>
      <trkpt lat="-6.591658" lon="106.941705">
        <ele>518.35</ele>
        <time>2024-06-26T07:27:38.610Z</time>
      </trkpt>
      <trkpt lat="-6.591795" lon="106.941627">
        <ele>519.76</ele>
        <time>2024-06-26T07:28:04.917Z</time>
      </trkpt>
      <trkpt lat="-6.591838" lon="106.94159">
        <ele>519.9</ele>
        <time>2024-06-26T07:28:14.372Z</time>
      </trkpt>
      <trkpt lat="-6.591866" lon="106.941546">
        <ele>519.54</ele>
        <time>2024-06-26T07:28:23.048Z</time>
      </trkpt>
      <trkpt lat="-6.591912" lon="106.941434">
        <ele>517.99</ele>
        <time>2024-06-26T07:28:43.171Z</time>
      </trkpt>
      <trkpt lat="-6.59195" lon="106.941302">
        <ele>515.95</ele>
        <time>2024-06-26T07:29:05.990Z</time>
      </trkpt>
      <trkpt lat="-6.591973" lon="106.941125">
        <ele>512.93</ele>
        <time>2024-06-26T07:29:35.629Z</time>
      </trkpt>
      <trkpt lat="-6.591974" lon="106.94106">
        <ele>511.82</ele>
        <time>2024-06-26T07:29:46.423Z</time>
      </trkpt>
      <trkpt lat="-6.592031" lon="106.940804">
        <ele>507.83</ele>
        <time>2024-06-26T07:30:29.984Z</time>
      </trkpt>
      <trkpt lat="-6.592134" lon="106.940431">
        <ele>502.32</ele>
        <time>2024-06-26T07:31:34.266Z</time>
      </trkpt>
      <trkpt lat="-6.592182" lon="106.940337">
        <ele>502.12</ele>
        <time>2024-06-26T07:31:51.815Z</time>
      </trkpt>
      <trkpt lat="-6.592231" lon="106.940277">
        <ele>502.8</ele>
        <time>2024-06-26T07:32:04.711Z</time>
      </trkpt>
      <trkpt lat="-6.592292" lon="106.940155">
        <ele>503.72</ele>
        <time>2024-06-26T07:32:27.389Z</time>
      </trkpt>
      <trkpt lat="-6.59233" lon="106.939989">
        <ele>503.64</ele>
        <time>2024-06-26T07:32:55.674Z</time>
      </trkpt>
      <trkpt lat="-6.592346" lon="106.939974">
        <ele>503.96</ele>
        <time>2024-06-26T07:32:59.328Z</time>
      </trkpt>
      <trkpt lat="-6.592402" lon="106.939961">
        <ele>505.65</ele>
        <time>2024-06-26T07:33:08.933Z</time>
      </trkpt>
      <trkpt lat="-6.592419" lon="106.939946">
        <ele>506.12</ele>
        <time>2024-06-26T07:33:12.711Z</time>
      </trkpt>
      <trkpt lat="-6.59243" lon="106.9399">
        <ele>506.34</ele>
        <time>2024-06-26T07:33:20.567Z</time>
      </trkpt>
      <trkpt lat="-6.592434" lon="106.939781">
        <ele>505.96</ele>
        <time>2024-06-26T07:33:40.337Z</time>
      </trkpt>
      <trkpt lat="-6.592442" lon="106.939745">
        <ele>506.03</ele>
        <time>2024-06-26T07:33:46.462Z</time>
      </trkpt>
      <trkpt lat="-6.592458" lon="106.939714">
        <ele>506.43</ele>
        <time>2024-06-26T07:33:52.262Z</time>
      </trkpt>
      <trkpt lat="-6.59264" lon="106.939519">
        <ele>511.02</ele>
        <time>2024-06-26T07:34:36.689Z</time>
      </trkpt>
      <trkpt lat="-6.592675" lon="106.939493">
        <ele>511.79</ele>
        <time>2024-06-26T07:34:43.959Z</time>
      </trkpt>
      <trkpt lat="-6.592769" lon="106.93938">
        <ele>513.54</ele>
        <time>2024-06-26T07:35:08.431Z</time>
      </trkpt>
      <trkpt lat="-6.592824" lon="106.939327">
        <ele>514.36</ele>
        <time>2024-06-26T07:35:21.157Z</time>
      </trkpt>
      <trkpt lat="-6.592885" lon="106.939282">
        <ele>514.66</ele>
        <time>2024-06-26T07:35:33.797Z</time>
      </trkpt>
      <trkpt lat="-6.593264" lon="106.939089">
        <ele>516.77</ele>
        <time>2024-06-26T07:36:44.790Z</time>
      </trkpt>
      <trkpt lat="-6.593393" lon="106.939003">
        <ele>517.02</ele>
        <time>2024-06-26T07:37:10.651Z</time>
      </trkpt>
      <trkpt lat="-6.59346" lon="106.938937">
        <ele>517</ele>
        <time>2024-06-26T07:37:26.319Z</time>
      </trkpt>
      <trkpt lat="-6.593535" lon="106.938899">
        <ele>517</ele>
        <time>2024-06-26T07:37:40.353Z</time>
      </trkpt>
      <trkpt lat="-6.593598" lon="106.938853">
        <ele>517</ele>
        <time>2024-06-26T07:37:53.361Z</time>
      </trkpt>
      <trkpt lat="-6.593698" lon="106.93876">
        <ele>517.58</ele>
        <time>2024-06-26T07:38:16.116Z</time>
      </trkpt>
      <trkpt lat="-6.593718" lon="106.93868">
        <ele>518.61</ele>
        <time>2024-06-26T07:38:29.813Z</time>
      </trkpt>
      <trkpt lat="-6.593794" lon="106.938507">
        <ele>520.28</ele>
        <time>2024-06-26T07:39:01.221Z</time>
      </trkpt>
      <trkpt lat="-6.593825" lon="106.938413">
        <ele>520.92</ele>
        <time>2024-06-26T07:39:17.666Z</time>
      </trkpt>
      <trkpt lat="-6.593854" lon="106.938318">
        <ele>521.62</ele>
        <time>2024-06-26T07:39:34.167Z</time>
      </trkpt>
      <trkpt lat="-6.593898" lon="106.938095">
        <ele>523.38</ele>
        <time>2024-06-26T07:40:11.917Z</time>
      </trkpt>
      <trkpt lat="-6.593866" lon="106.937915">
        <ele>522.74</ele>
        <time>2024-06-26T07:40:42.279Z</time>
      </trkpt>
      <trkpt lat="-6.593878" lon="106.937747">
        <ele>523.03</ele>
        <time>2024-06-26T07:41:10.246Z</time>
      </trkpt>
      <trkpt lat="-6.593862" lon="106.937727">
        <ele>522.66</ele>
        <time>2024-06-26T07:41:14.509Z</time>
      </trkpt>
      <trkpt lat="-6.593855" lon="106.937638">
        <ele>522.48</ele>
        <time>2024-06-26T07:41:29.332Z</time>
      </trkpt>
      <trkpt lat="-6.593857" lon="106.937576">
        <ele>522.74</ele>
        <time>2024-06-26T07:41:39.632Z</time>
      </trkpt>
      <trkpt lat="-6.593912" lon="106.937412">
        <ele>525.23</ele>
        <time>2024-06-26T07:42:08.372Z</time>
      </trkpt>
      <trkpt lat="-6.5939" lon="106.937367">
        <ele>525.74</ele>
        <time>2024-06-26T07:42:16.108Z</time>
      </trkpt>
      <trkpt lat="-6.593757" lon="106.937233">
        <ele>525.53</ele>
        <time>2024-06-26T07:42:48.763Z</time>
      </trkpt>
      <trkpt lat="-6.59373" lon="106.937194">
        <ele>525.76</ele>
        <time>2024-06-26T07:42:56.656Z</time>
      </trkpt>
      <trkpt lat="-6.593684" lon="106.937075">
        <ele>526.88</ele>
        <time>2024-06-26T07:43:17.858Z</time>
      </trkpt>
      <trkpt lat="-6.593611" lon="106.936962">
        <ele>526.76</ele>
        <time>2024-06-26T07:43:40.239Z</time>
      </trkpt>
      <trkpt lat="-6.59335" lon="106.936675">
        <ele>522.43</ele>
        <time>2024-06-26T07:44:44.846Z</time>
      </trkpt>
      <trkpt lat="-6.593164" lon="106.936488">
        <ele>519.17</ele>
        <time>2024-06-26T07:45:28.785Z</time>
      </trkpt>
      <trkpt lat="-6.593095" lon="106.936398">
        <ele>518.17</ele>
        <time>2024-06-26T07:45:47.661Z</time>
      </trkpt>
      <trkpt lat="-6.593073" lon="106.936352">
        <ele>517.85</ele>
        <time>2024-06-26T07:45:56.138Z</time>
      </trkpt>
      <trkpt lat="-6.593049" lon="106.936252">
        <ele>517.8</ele>
        <time>2024-06-26T07:46:13.219Z</time>
      </trkpt>
      <trkpt lat="-6.593058" lon="106.935981">
        <ele>519.31</ele>
        <time>2024-06-26T07:46:58.241Z</time>
      </trkpt>
      <trkpt lat="-6.593047" lon="106.935921">
        <ele>519.29</ele>
        <time>2024-06-26T07:47:08.371Z</time>
      </trkpt>
      <trkpt lat="-6.593011" lon="106.935813">
        <ele>518.79</ele>
        <time>2024-06-26T07:47:27.286Z</time>
      </trkpt>
      <trkpt lat="-6.592931" lon="106.935636">
        <ele>517.25</ele>
        <time>2024-06-26T07:47:59.574Z</time>
      </trkpt>
      <trkpt lat="-6.593227" lon="106.935607">
        <ele>517.87</ele>
        <time>2024-06-26T07:48:49.283Z</time>
      </trkpt>
      <trkpt lat="-6.593295" lon="106.935622">
        <ele>517.72</ele>
        <time>2024-06-26T07:49:00.918Z</time>
      </trkpt>
      <trkpt lat="-6.593316" lon="106.935641">
        <ele>518.08</ele>
        <time>2024-06-26T07:49:05.637Z</time>
      </trkpt>
      <trkpt lat="-6.593357" lon="106.935792">
        <ele>521.74</ele>
        <time>2024-06-26T07:49:31.629Z</time>
      </trkpt>
      <trkpt lat="-6.593372" lon="106.935818">
        <ele>522.39</ele>
        <time>2024-06-26T07:49:36.621Z</time>
      </trkpt>
      <trkpt lat="-6.59342" lon="106.935886">
        <ele>523.98</ele>
        <time>2024-06-26T07:49:50.472Z</time>
      </trkpt>
      <trkpt lat="-6.593474" lon="106.935932">
        <ele>524.85</ele>
        <time>2024-06-26T07:50:02.295Z</time>
      </trkpt>
      <trkpt lat="-6.593526" lon="106.935951">
        <ele>525.44</ele>
        <time>2024-06-26T07:50:11.541Z</time>
      </trkpt>
      <trkpt lat="-6.593618" lon="106.935928">
        <ele>525.06</ele>
        <time>2024-06-26T07:50:27.385Z</time>
      </trkpt>
      <trkpt lat="-6.593793" lon="106.935913">
        <ele>524.74</ele>
        <time>2024-06-26T07:50:56.741Z</time>
      </trkpt>
      <trkpt lat="-6.594018" lon="106.935942">
        <ele>526.99</ele>
        <time>2024-06-26T07:51:34.656Z</time>
      </trkpt>
      <trkpt lat="-6.594206" lon="106.935939">
        <ele>527.85</ele>
        <time>2024-06-26T07:52:06.083Z</time>
      </trkpt>
      <trkpt lat="-6.594338" lon="106.935945">
        <ele>529.42</ele>
        <time>2024-06-26T07:52:28.168Z</time>
      </trkpt>
      <trkpt lat="-6.594462" lon="106.936024">
        <ele>532.33</ele>
        <time>2024-06-26T07:52:52.696Z</time>
      </trkpt>
      <trkpt lat="-6.594533" lon="106.936008">
        <ele>533.05</ele>
        <time>2024-06-26T07:53:04.857Z</time>
      </trkpt>
      <trkpt lat="-6.594568" lon="106.936013">
        <ele>533.61</ele>
        <time>2024-06-26T07:53:10.765Z</time>
      </trkpt>
      <trkpt lat="-6.594632" lon="106.935914">
        <ele>533.57</ele>
        <time>2024-06-26T07:53:30.377Z</time>
      </trkpt>
      <trkpt lat="-6.59485" lon="106.936086">
        <ele>541.65</ele>
        <time>2024-06-26T07:54:16.673Z</time>
      </trkpt>
      <trkpt lat="-6.594944" lon="106.936042">
        <ele>543.83</ele>
        <time>2024-06-26T07:54:34.000Z</time>
      </trkpt>
      <trkpt lat="-6.594956" lon="106.935936">
        <ele>541.5</ele>
        <time>2024-06-26T07:54:51.714Z</time>
      </trkpt>
      <trkpt lat="-6.594978" lon="106.935825">
        <ele>539.53</ele>
        <time>2024-06-26T07:55:10.507Z</time>
      </trkpt>
      <trkpt lat="-6.594978" lon="106.935768">
        <ele>538.4</ele>
        <time>2024-06-26T07:55:19.971Z</time>
      </trkpt>
      <trkpt lat="-6.595021" lon="106.935599">
        <ele>535.39</ele>
        <time>2024-06-26T07:55:48.937Z</time>
      </trkpt>
      <trkpt lat="-6.595033" lon="106.935524">
        <ele>533.88</ele>
        <time>2024-06-26T07:56:01.550Z</time>
      </trkpt>
      <trkpt lat="-6.595061" lon="106.935428">
        <ele>532.17</ele>
        <time>2024-06-26T07:56:18.162Z</time>
      </trkpt>
      <trkpt lat="-6.595181" lon="106.935191">
        <ele>527.08</ele>
        <time>2024-06-26T07:57:02.330Z</time>
      </trkpt>
      <trkpt lat="-6.595254" lon="106.935141">
        <ele>526.84</ele>
        <time>2024-06-26T07:57:17.088Z</time>
      </trkpt>
      <trkpt lat="-6.595282" lon="106.935081">
        <ele>525.65</ele>
        <time>2024-06-26T07:57:28.095Z</time>
      </trkpt>
      <trkpt lat="-6.595254" lon="106.935141">
        <ele>526.84</ele>
        <time>2024-06-26T07:57:39.102Z</time>
      </trkpt>
      <trkpt lat="-6.595181" lon="106.935191">
        <ele>527.08</ele>
        <time>2024-06-26T07:57:53.860Z</time>
      </trkpt>
      <trkpt lat="-6.595061" lon="106.935428">
        <ele>532.17</ele>
        <time>2024-06-26T07:58:38.028Z</time>
      </trkpt>
      <trkpt lat="-6.595311" lon="106.935401">
        <ele>535.61</ele>
        <time>2024-06-26T07:59:20.054Z</time>
      </trkpt>
      <trkpt lat="-6.595432" lon="106.935344">
        <ele>536.63</ele>
        <time>2024-06-26T07:59:42.383Z</time>
      </trkpt>
      <trkpt lat="-6.59551" lon="106.935301">
        <ele>536.98</ele>
        <time>2024-06-26T07:59:57.247Z</time>
      </trkpt>
      <trkpt lat="-6.59567" lon="106.935158">
        <ele>534.55</ele>
        <time>2024-06-26T08:00:33.009Z</time>
      </trkpt>
      <trkpt lat="-6.595927" lon="106.935018">
        <ele>527.76</ele>
        <time>2024-06-26T08:01:21.852Z</time>
      </trkpt>
      <trkpt lat="-6.595977" lon="106.935024">
        <ele>526.44</ele>
        <time>2024-06-26T08:01:30.268Z</time>
      </trkpt>
      <trkpt lat="-6.596031" lon="106.935056">
        <ele>525.88</ele>
        <time>2024-06-26T08:01:40.741Z</time>
      </trkpt>
      <trkpt lat="-6.596055" lon="106.935111">
        <ele>526.83</ele>
        <time>2024-06-26T08:01:50.715Z</time>
      </trkpt>
      <trkpt lat="-6.596126" lon="106.935191">
        <ele>526.61</ele>
        <time>2024-06-26T08:02:08.527Z</time>
      </trkpt>
      <trkpt lat="-6.596333" lon="106.935348">
        <ele>525.41</ele>
        <time>2024-06-26T08:02:51.847Z</time>
      </trkpt>
      <trkpt lat="-6.596402" lon="106.935373">
        <ele>525.51</ele>
        <time>2024-06-26T08:03:04.104Z</time>
      </trkpt>
      <trkpt lat="-6.596482" lon="106.935364">
        <ele>525.22</ele>
        <time>2024-06-26T08:03:17.559Z</time>
      </trkpt>
      <trkpt lat="-6.596546" lon="106.935344">
        <ele>525.06</ele>
        <time>2024-06-26T08:03:28.760Z</time>
      </trkpt>
      <trkpt lat="-6.596641" lon="106.935331">
        <ele>525.49</ele>
        <time>2024-06-26T08:03:44.785Z</time>
      </trkpt>
      <trkpt lat="-6.596743" lon="106.935346">
        <ele>527.38</ele>
        <time>2024-06-26T08:04:02.014Z</time>
      </trkpt>
      <trkpt lat="-6.596813" lon="106.935363">
        <ele>529.37</ele>
        <time>2024-06-26T08:04:14.049Z</time>
      </trkpt>
      <trkpt lat="-6.596883" lon="106.935385">
        <ele>532.36</ele>
        <time>2024-06-26T08:04:26.306Z</time>
      </trkpt>
      <trkpt lat="-6.596928" lon="106.93541">
        <ele>535.2</ele>
        <time>2024-06-26T08:04:34.897Z</time>
      </trkpt>
      <trkpt lat="-6.596962" lon="106.935409">
        <ele>535.91</ele>
        <time>2024-06-26T08:04:40.582Z</time>
      </trkpt>
      <trkpt lat="-6.5971" lon="106.93532">
        <ele>535.78</ele>
        <time>2024-06-26T08:05:07.976Z</time>
      </trkpt>
      <trkpt lat="-6.597187" lon="106.935293">
        <ele>537.41</ele>
        <time>2024-06-26T08:05:23.193Z</time>
      </trkpt>
      <trkpt lat="-6.59734" lon="106.935295">
        <ele>541.04</ele>
        <time>2024-06-26T08:05:48.768Z</time>
      </trkpt>
      <trkpt lat="-6.597379" lon="106.935285">
        <ele>541.5</ele>
        <time>2024-06-26T08:05:55.494Z</time>
      </trkpt>
      <trkpt lat="-6.597393" lon="106.93525">
        <ele>540.92</ele>
        <time>2024-06-26T08:06:01.758Z</time>
      </trkpt>
      <trkpt lat="-6.597387" lon="106.935077">
        <ele>540.35</ele>
        <time>2024-06-26T08:06:30.500Z</time>
      </trkpt>
      <trkpt lat="-6.597365" lon="106.935036">
        <ele>540.19</ele>
        <time>2024-06-26T08:06:38.237Z</time>
      </trkpt>
      <trkpt lat="-6.597214" lon="106.934859">
        <ele>539.63</ele>
        <time>2024-06-26T08:07:16.976Z</time>
      </trkpt>
      <trkpt lat="-6.596986" lon="106.934623">
        <ele>533.54</ele>
        <time>2024-06-26T08:08:11.637Z</time>
      </trkpt>
      <trkpt lat="-6.59696" lon="106.934576">
        <ele>532.71</ele>
        <time>2024-06-26T08:08:20.569Z</time>
      </trkpt>
      <trkpt lat="-6.596956" lon="106.934347">
        <ele>534.18</ele>
        <time>2024-06-26T08:08:58.598Z</time>
      </trkpt>
      <trkpt lat="-6.596936" lon="106.934276">
        <ele>533.67</ele>
        <time>2024-06-26T08:09:10.851Z</time>
      </trkpt>
      <trkpt lat="-6.596879" lon="106.934176">
        <ele>531.93</ele>
        <time>2024-06-26T08:09:29.994Z</time>
      </trkpt>
      <trkpt lat="-6.596721" lon="106.934039">
        <ele>528.98</ele>
        <time>2024-06-26T08:10:04.849Z</time>
      </trkpt>
      <trkpt lat="-6.596409" lon="106.933838">
        <ele>528</ele>
        <time>2024-06-26T08:11:06.763Z</time>
      </trkpt>
      <trkpt lat="-6.596296" lon="106.933803">
        <ele>527.16</ele>
        <time>2024-06-26T08:11:26.524Z</time>
      </trkpt>
      <trkpt lat="-6.596209" lon="106.933789">
        <ele>526.5</ele>
        <time>2024-06-26T08:11:41.250Z</time>
      </trkpt>
      <trkpt lat="-6.596081" lon="106.933797">
        <ele>524.82</ele>
        <time>2024-06-26T08:12:02.686Z</time>
      </trkpt>
      <trkpt lat="-6.595975" lon="106.933829">
        <ele>523.07</ele>
        <time>2024-06-26T08:12:21.183Z</time>
      </trkpt>
      <trkpt lat="-6.595859" lon="106.933844">
        <ele>521.84</ele>
        <time>2024-06-26T08:12:40.731Z</time>
      </trkpt>
      <trkpt lat="-6.595744" lon="106.933834">
        <ele>521.33</ele>
        <time>2024-06-26T08:13:00.024Z</time>
      </trkpt>
      <trkpt lat="-6.595646" lon="106.933786">
        <ele>521.28</ele>
        <time>2024-06-26T08:13:18.240Z</time>
      </trkpt>
      <trkpt lat="-6.59547" lon="106.933735">
        <ele>519.71</ele>
        <time>2024-06-26T08:13:48.852Z</time>
      </trkpt>
      <trkpt lat="-6.595171" lon="106.93363">
        <ele>515.06</ele>
        <time>2024-06-26T08:14:41.782Z</time>
      </trkpt>
      <trkpt lat="-6.595057" lon="106.9336">
        <ele>511.81</ele>
        <time>2024-06-26T08:15:01.477Z</time>
      </trkpt>
      <trkpt lat="-6.594927" lon="106.933516">
        <ele>508.3</ele>
        <time>2024-06-26T08:15:27.297Z</time>
      </trkpt>
      <trkpt lat="-6.59485" lon="106.933385">
        <ele>506.81</ele>
        <time>2024-06-26T08:15:52.570Z</time>
      </trkpt>
      <trkpt lat="-6.594862" lon="106.933199">
        <ele>507.03</ele>
        <time>2024-06-26T08:16:23.518Z</time>
      </trkpt>
      <trkpt lat="-6.594937" lon="106.933038">
        <ele>507.05</ele>
        <time>2024-06-26T08:16:53.044Z</time>
      </trkpt>
      <trkpt lat="-6.59499" lon="106.932839">
        <ele>503.84</ele>
        <time>2024-06-26T08:17:27.253Z</time>
      </trkpt>
      <trkpt lat="-6.594975" lon="106.932752">
        <ele>502.09</ele>
        <time>2024-06-26T08:17:41.914Z</time>
      </trkpt>
      <trkpt lat="-6.594917" lon="106.932692">
        <ele>500.87</ele>
        <time>2024-06-26T08:17:55.814Z</time>
      </trkpt>
      <trkpt lat="-6.594873" lon="106.932665">
        <ele>500.47</ele>
        <time>2024-06-26T08:18:04.427Z</time>
      </trkpt>
      <trkpt lat="-6.594708" lon="106.932684">
        <ele>498.69</ele>
        <time>2024-06-26T08:18:32.186Z</time>
      </trkpt>
      <trkpt lat="-6.594654" lon="106.932633">
        <ele>499.28</ele>
        <time>2024-06-26T08:18:44.562Z</time>
      </trkpt>
      <trkpt lat="-6.594513" lon="106.932535">
        <ele>500.91</ele>
        <time>2024-06-26T08:19:13.201Z</time>
      </trkpt>
      <trkpt lat="-6.594237" lon="106.932241">
        <ele>506.51</ele>
        <time>2024-06-26T08:20:20.366Z</time>
      </trkpt>
      <trkpt lat="-6.594093" lon="106.932132">
        <ele>507.65</ele>
        <time>2024-06-26T08:20:50.480Z</time>
      </trkpt>
      <trkpt lat="-6.593951" lon="106.932037">
        <ele>507.54</ele>
        <time>2024-06-26T08:21:18.978Z</time>
      </trkpt>
      <trkpt lat="-6.593679" lon="106.931906">
        <ele>502.61</ele>
        <time>2024-06-26T08:22:09.377Z</time>
      </trkpt>
      <trkpt lat="-6.593626" lon="106.931702">
        <ele>505.96</ele>
        <time>2024-06-26T08:22:44.388Z</time>
      </trkpt>
      <trkpt lat="-6.593658" lon="106.931463">
        <ele>510.39</ele>
        <time>2024-06-26T08:23:24.430Z</time>
      </trkpt>
      <trkpt lat="-6.593953" lon="106.931415">
        <ele>519.77</ele>
        <time>2024-06-26T08:24:14.378Z</time>
      </trkpt>
      <trkpt lat="-6.594248" lon="106.931366">
        <ele>525.09</ele>
        <time>2024-06-26T08:25:04.353Z</time>
      </trkpt>
      <trkpt lat="-6.594373" lon="106.93133">
        <ele>527.54</ele>
        <time>2024-06-26T08:25:26.084Z</time>
      </trkpt>
      <trkpt lat="-6.594531" lon="106.931334">
        <ele>531.38</ele>
        <time>2024-06-26T08:25:52.501Z</time>
      </trkpt>
      <trkpt lat="-6.594628" lon="106.931257">
        <ele>532.74</ele>
        <time>2024-06-26T08:26:13.148Z</time>
      </trkpt>
      <trkpt lat="-6.595233" lon="106.931362">
        <ele>544.31</ele>
        <time>2024-06-26T08:27:55.763Z</time>
      </trkpt>
      <trkpt lat="-6.595326" lon="106.93148">
        <ele>544.92</ele>
        <time>2024-06-26T08:28:20.773Z</time>
      </trkpt>
      <trkpt lat="-6.595504" lon="106.931468">
        <ele>545.43</ele>
        <time>2024-06-26T08:28:50.591Z</time>
      </trkpt>
      <trkpt lat="-6.595779" lon="106.931314">
        <ele>550.93</ele>
        <time>2024-06-26T08:29:43.190Z</time>
      </trkpt>
      <trkpt lat="-6.596041" lon="106.931291">
        <ele>554.11</ele>
        <time>2024-06-26T08:30:27.148Z</time>
      </trkpt>
      <trkpt lat="-6.596304" lon="106.931269">
        <ele>555.17</ele>
        <time>2024-06-26T08:31:11.259Z</time>
      </trkpt>
      <trkpt lat="-6.59638" lon="106.931167">
        <ele>555.48</ele>
        <time>2024-06-26T08:31:32.429Z</time>
      </trkpt>
      <trkpt lat="-6.596835" lon="106.931005">
        <ele>556.83</ele>
        <time>2024-06-26T08:32:53.097Z</time>
      </trkpt>
      <trkpt lat="-6.597063" lon="106.930923">
        <ele>560.02</ele>
        <time>2024-06-26T08:33:33.565Z</time>
      </trkpt>
      <trkpt lat="-6.597422" lon="106.930854">
        <ele>568.53</ele>
        <time>2024-06-26T08:34:34.654Z</time>
      </trkpt>
      <trkpt lat="-6.597528" lon="106.930917">
        <ele>572.99</ele>
        <time>2024-06-26T08:34:55.229Z</time>
      </trkpt>
      <trkpt lat="-6.597643" lon="106.930962">
        <ele>576.95</ele>
        <time>2024-06-26T08:35:15.852Z</time>
      </trkpt>
      <trkpt lat="-6.597715" lon="106.930963">
        <ele>579.06</ele>
        <time>2024-06-26T08:35:27.887Z</time>
      </trkpt>
      <trkpt lat="-6.597735" lon="106.931012">
        <ele>580.21</ele>
        <time>2024-06-26T08:35:36.682Z</time>
      </trkpt>
      <trkpt lat="-6.597814" lon="106.931058">
        <ele>583.1</ele>
        <time>2024-06-26T08:35:51.936Z</time>
      </trkpt>
      <trkpt lat="-6.598028" lon="106.931038">
        <ele>591</ele>
        <time>2024-06-26T08:36:27.859Z</time>
      </trkpt>
      <trkpt lat="-6.598033" lon="106.931055">
        <ele>591.23</ele>
        <time>2024-06-26T08:36:30.802Z</time>
      </trkpt>
      <trkpt lat="-6.598013" lon="106.931099">
        <ele>589.73</ele>
        <time>2024-06-26T08:36:38.836Z</time>
      </trkpt>
      <trkpt lat="-6.598063" lon="106.931119">
        <ele>591.12</ele>
        <time>2024-06-26T08:36:47.828Z</time>
      </trkpt>
      <trkpt lat="-6.59842" lon="106.930988">
        <ele>608</ele>
        <time>2024-06-26T08:37:51.340Z</time>
      </trkpt>
      <trkpt lat="-6.598516" lon="106.930932">
        <ele>612.46</ele>
        <time>2024-06-26T08:38:09.885Z</time>
      </trkpt>
      <trkpt lat="-6.598562" lon="106.930857">
        <ele>613.88</ele>
        <time>2024-06-26T08:38:24.520Z</time>
      </trkpt>
      <trkpt lat="-6.598624" lon="106.930841">
        <ele>614.94</ele>
        <time>2024-06-26T08:38:35.218Z</time>
      </trkpt>
      <trkpt lat="-6.59874" lon="106.930821">
        <ele>615.96</ele>
        <time>2024-06-26T08:38:54.889Z</time>
      </trkpt>
      <trkpt lat="-6.598898" lon="106.930842">
        <ele>616.59</ele>
        <time>2024-06-26T08:39:21.527Z</time>
      </trkpt>
      <trkpt lat="-6.599085" lon="106.930851">
        <ele>617.61</ele>
        <time>2024-06-26T08:39:52.819Z</time>
      </trkpt>
      <trkpt lat="-6.599237" lon="106.93077">
        <ele>619.95</ele>
        <time>2024-06-26T08:40:21.565Z</time>
      </trkpt>
      <trkpt lat="-6.599444" lon="106.93078">
        <ele>623.36</ele>
        <time>2024-06-26T08:40:56.204Z</time>
      </trkpt>
      <trkpt lat="-6.599564" lon="106.93068">
        <ele>627.84</ele>
        <time>2024-06-26T08:41:22.242Z</time>
      </trkpt>
      <trkpt lat="-6.599658" lon="106.930657">
        <ele>630.43</ele>
        <time>2024-06-26T08:41:38.411Z</time>
      </trkpt>
      <trkpt lat="-6.59973" lon="106.93049">
        <ele>634.87</ele>
        <time>2024-06-26T08:42:08.638Z</time>
      </trkpt>
      <trkpt lat="-6.600075" lon="106.930436">
        <ele>641.42</ele>
        <time>2024-06-26T08:43:06.996Z</time>
      </trkpt>
      <trkpt lat="-6.60067" lon="106.930174">
        <ele>660.04</ele>
        <time>2024-06-26T08:44:55.546Z</time>
      </trkpt>
      <trkpt lat="-6.600794" lon="106.930002">
        <ele>665.07</ele>
        <time>2024-06-26T08:45:30.833Z</time>
      </trkpt>
      <trkpt lat="-6.60099" lon="106.929886">
        <ele>669.61</ele>
        <time>2024-06-26T08:46:08.836Z</time>
      </trkpt>
      <trkpt lat="-6.601384" lon="106.92984">
        <ele>681.48</ele>
        <time>2024-06-26T08:47:15.133Z</time>
      </trkpt>
      <trkpt lat="-6.601583" lon="106.929803">
        <ele>686.65</ele>
        <time>2024-06-26T08:47:48.957Z</time>
      </trkpt>
      <trkpt lat="-6.601661" lon="106.929745">
        <ele>688.62</ele>
        <time>2024-06-26T08:48:05.165Z</time>
      </trkpt>
      <trkpt lat="-6.601866" lon="106.929747">
        <ele>691.38</ele>
        <time>2024-06-26T08:48:39.431Z</time>
      </trkpt>
      <trkpt lat="-6.601981" lon="106.929719">
        <ele>693.24</ele>
        <time>2024-06-26T08:48:59.207Z</time>
      </trkpt>
      <trkpt lat="-6.602182" lon="106.929573">
        <ele>697.18</ele>
        <time>2024-06-26T08:49:40.636Z</time>
      </trkpt>
      <trkpt lat="-6.602223" lon="106.929571">
        <ele>697.8</ele>
        <time>2024-06-26T08:49:47.497Z</time>
      </trkpt>
      <trkpt lat="-6.602394" lon="106.929467">
        <ele>700.93</ele>
        <time>2024-06-26T08:50:20.890Z</time>
      </trkpt>
      <trkpt lat="-6.60255" lon="106.929327">
        <ele>703.95</ele>
        <time>2024-06-26T08:50:55.822Z</time>
      </trkpt>
      <trkpt lat="-6.602758" lon="106.929295">
        <ele>709.56</ele>
        <time>2024-06-26T08:51:30.992Z</time>
      </trkpt>
      <trkpt lat="-6.602993" lon="106.929235">
        <ele>717.92</ele>
        <time>2024-06-26T08:52:11.515Z</time>
      </trkpt>
      <trkpt lat="-6.60309" lon="106.929174">
        <ele>721.46</ele>
        <time>2024-06-26T08:52:30.631Z</time>
      </trkpt>
      <trkpt lat="-6.603285" lon="106.929135">
        <ele>730.42</ele>
        <time>2024-06-26T08:53:03.861Z</time>
      </trkpt>
      <trkpt lat="-6.603408" lon="106.929142">
        <ele>737.6</ele>
        <time>2024-06-26T08:53:24.452Z</time>
      </trkpt>
      <trkpt lat="-6.603567" lon="106.929012">
        <ele>745.44</ele>
        <time>2024-06-26T08:53:58.689Z</time>
      </trkpt>
      <trkpt lat="-6.6037" lon="106.92903">
        <ele>752.17</ele>
        <time>2024-06-26T08:54:21.119Z</time>
      </trkpt>
      <trkpt lat="-6.603825" lon="106.928984">
        <ele>757.25</ele>
        <time>2024-06-26T08:54:43.364Z</time>
      </trkpt>
      <trkpt lat="-6.603984" lon="106.928956">
        <ele>763.83</ele>
        <time>2024-06-26T08:55:10.343Z</time>
      </trkpt>
      <trkpt lat="-6.604244" lon="106.928803">
        <ele>770.78</ele>
        <time>2024-06-26T08:56:00.681Z</time>
      </trkpt>
      <trkpt lat="-6.604504" lon="106.92865">
        <ele>774.69</ele>
        <time>2024-06-26T08:56:51.019Z</time>
      </trkpt>
      <trkpt lat="-6.604569" lon="106.928573">
        <ele>776.04</ele>
        <time>2024-06-26T08:57:07.796Z</time>
      </trkpt>
      <trkpt lat="-6.604622" lon="106.928476">
        <ele>779.21</ele>
        <time>2024-06-26T08:57:26.177Z</time>
      </trkpt>
      <trkpt lat="-6.604656" lon="106.928388">
        <ele>781.46</ele>
        <time>2024-06-26T08:57:41.854Z</time>
      </trkpt>
      <trkpt lat="-6.604684" lon="106.928276">
        <ele>783.27</ele>
        <time>2024-06-26T08:58:01.030Z</time>
      </trkpt>
      <trkpt lat="-6.604807" lon="106.928185">
        <ele>786.43</ele>
        <time>2024-06-26T08:58:26.544Z</time>
      </trkpt>
      <trkpt lat="-6.60491" lon="106.92815">
        <ele>788.65</ele>
        <time>2024-06-26T08:58:44.714Z</time>
      </trkpt>
      <trkpt lat="-6.604963" lon="106.928103">
        <ele>789.54</ele>
        <time>2024-06-26T08:58:56.519Z</time>
      </trkpt>
      <trkpt lat="-6.605025" lon="106.928062">
        <ele>790.74</ele>
        <time>2024-06-26T08:59:08.918Z</time>
      </trkpt>
      <trkpt lat="-6.605128" lon="106.928019">
        <ele>793.39</ele>
        <time>2024-06-26T08:59:27.555Z</time>
      </trkpt>
      <trkpt lat="-6.605214" lon="106.927959">
        <ele>796.33</ele>
        <time>2024-06-26T08:59:45.044Z</time>
      </trkpt>
      <trkpt lat="-6.605287" lon="106.92788">
        <ele>800.06</ele>
        <time>2024-06-26T09:00:02.958Z</time>
      </trkpt>
      <trkpt lat="-6.605438" lon="106.927848">
        <ele>803.23</ele>
        <time>2024-06-26T09:00:28.750Z</time>
      </trkpt>
      <trkpt lat="-6.605524" lon="106.927819">
        <ele>804.84</ele>
        <time>2024-06-26T09:00:43.909Z</time>
      </trkpt>
      <trkpt lat="-6.605565" lon="106.927779">
        <ele>806.02</ele>
        <time>2024-06-26T09:00:53.452Z</time>
      </trkpt>
      <trkpt lat="-6.605561" lon="106.927644">
        <ele>810.78</ele>
        <time>2024-06-26T09:01:15.877Z</time>
      </trkpt>
      <trkpt lat="-6.605601" lon="106.927434">
        <ele>813.98</ele>
        <time>2024-06-26T09:01:51.380Z</time>
      </trkpt>
      <trkpt lat="-6.605704" lon="106.927303">
        <ele>814.87</ele>
        <time>2024-06-26T09:02:19.119Z</time>
      </trkpt>
      <trkpt lat="-6.605842" lon="106.927241">
        <ele>814.75</ele>
        <time>2024-06-26T09:02:44.378Z</time>
      </trkpt>
      <trkpt lat="-6.605968" lon="106.927198">
        <ele>815.68</ele>
        <time>2024-06-26T09:03:06.615Z</time>
      </trkpt>
      <trkpt lat="-6.606009" lon="106.927162">
        <ele>816.44</ele>
        <time>2024-06-26T09:03:15.708Z</time>
      </trkpt>
      <trkpt lat="-6.606078" lon="106.927076">
        <ele>816.42</ele>
        <time>2024-06-26T09:03:34.063Z</time>
      </trkpt>
      <trkpt lat="-6.60615" lon="106.926977">
        <ele>816.56</ele>
        <time>2024-06-26T09:03:54.435Z</time>
      </trkpt>
      <trkpt lat="-6.60621" lon="106.926876">
        <ele>816.32</ele>
        <time>2024-06-26T09:04:13.974Z</time>
      </trkpt>
      <trkpt lat="-6.606275" lon="106.926814">
        <ele>816.63</ele>
        <time>2024-06-26T09:04:28.941Z</time>
      </trkpt>
      <trkpt lat="-6.606452" lon="106.926683">
        <ele>821.23</ele>
        <time>2024-06-26T09:05:05.661Z</time>
      </trkpt>
      <trkpt lat="-6.606526" lon="106.926661">
        <ele>823.76</ele>
        <time>2024-06-26T09:05:18.558Z</time>
      </trkpt>
      <trkpt lat="-6.60665" lon="106.926667">
        <ele>827.38</ele>
        <time>2024-06-26T09:05:39.308Z</time>
      </trkpt>
      <trkpt lat="-6.606801" lon="106.926649">
        <ele>832.04</ele>
        <time>2024-06-26T09:06:04.723Z</time>
      </trkpt>
      <trkpt lat="-6.606887" lon="106.926649">
        <ele>833.69</ele>
        <time>2024-06-26T09:06:19.097Z</time>
      </trkpt>
      <trkpt lat="-6.606946" lon="106.926657">
        <ele>833.83</ele>
        <time>2024-06-26T09:06:29.047Z</time>
      </trkpt>
      <trkpt lat="-6.607011" lon="106.926677">
        <ele>833.93</ele>
        <time>2024-06-26T09:06:40.407Z</time>
      </trkpt>
      <trkpt lat="-6.607151" lon="106.926744">
        <ele>832.41</ele>
        <time>2024-06-26T09:07:06.317Z</time>
      </trkpt>
      <trkpt lat="-6.607274" lon="106.926743">
        <ele>830.14</ele>
        <time>2024-06-26T09:07:26.876Z</time>
      </trkpt>
      <trkpt lat="-6.607225" lon="106.9267">
        <ele>831.34</ele>
        <time>2024-06-26T09:07:37.741Z</time>
      </trkpt>
      <trkpt lat="-6.60712" lon="106.926641">
        <ele>833.31</ele>
        <time>2024-06-26T09:07:57.840Z</time>
      </trkpt>
      <trkpt lat="-6.607333" lon="106.926258">
        <ele>804</ele>
        <time>2024-06-26T09:09:10.720Z</time>
      </trkpt>
      <trkpt lat="-6.60725" lon="106.926212">
        <ele>804</ele>
        <time>2024-06-26T10:20:02.106Z</time>
      </trkpt>
      <trkpt lat="-6.607203" lon="106.926198">
        <ele>805</ele>
        <time>2024-06-26T10:20:12.106Z</time>
      </trkpt>
      <trkpt lat="-6.607148" lon="106.926187">
        <ele>806</ele>
        <time>2024-06-26T10:20:24.106Z</time>
      </trkpt>
      <trkpt lat="-6.607132" lon="106.926178">
        <ele>806</ele>
        <time>2024-06-26T10:20:28.106Z</time>
      </trkpt>
      <trkpt lat="-6.607118" lon="106.926163">
        <ele>806</ele>
        <time>2024-06-26T10:20:33.106Z</time>
      </trkpt>
      <trkpt lat="-6.607103" lon="106.92614">
        <ele>806</ele>
        <time>2024-06-26T10:20:38.106Z</time>
      </trkpt>
      <trkpt lat="-6.607085" lon="106.926128">
        <ele>807</ele>
        <time>2024-06-26T10:20:43.106Z</time>
      </trkpt>
      <trkpt lat="-6.607063" lon="106.926125">
        <ele>807</ele>
        <time>2024-06-26T10:20:48.106Z</time>
      </trkpt>
      <trkpt lat="-6.607025" lon="106.926147">
        <ele>809</ele>
        <time>2024-06-26T10:20:57.106Z</time>
      </trkpt>
      <trkpt lat="-6.60698" lon="106.926155">
        <ele>810</ele>
        <time>2024-06-26T10:21:07.106Z</time>
      </trkpt>
      <trkpt lat="-6.606933" lon="106.92616">
        <ele>811</ele>
        <time>2024-06-26T10:21:17.106Z</time>
      </trkpt>
      <trkpt lat="-6.606907" lon="106.926157">
        <ele>812</ele>
        <time>2024-06-26T10:21:23.106Z</time>
      </trkpt>
      <trkpt lat="-6.606885" lon="106.926145">
        <ele>812</ele>
        <time>2024-06-26T10:21:28.106Z</time>
      </trkpt>
      <trkpt lat="-6.60687" lon="106.92616">
        <ele>813</ele>
        <time>2024-06-26T10:21:33.106Z</time>
      </trkpt>
      <trkpt lat="-6.606858" lon="106.926178">
        <ele>813</ele>
        <time>2024-06-26T10:21:37.106Z</time>
      </trkpt>
      <trkpt lat="-6.606843" lon="106.92619">
        <ele>813</ele>
        <time>2024-06-26T10:21:42.106Z</time>
      </trkpt>
      <trkpt lat="-6.606813" lon="106.926188">
        <ele>814</ele>
        <time>2024-06-26T10:21:48.106Z</time>
      </trkpt>
      <trkpt lat="-6.606812" lon="106.926207">
        <ele>814</ele>
        <time>2024-06-26T10:21:52.106Z</time>
      </trkpt>
      <trkpt lat="-6.606818" lon="106.926232">
        <ele>814</ele>
        <time>2024-06-26T10:21:58.106Z</time>
      </trkpt>
      <trkpt lat="-6.6068382" lon="106.9262586">
        <ele>814</ele>
        <time>2024-06-26T10:22:05.106Z</time>
      </trkpt>
      <trkpt lat="-6.606803" lon="106.926227">
        <ele>815</ele>
        <time>2024-06-26T10:22:15.106Z</time>
      </trkpt>
      <trkpt lat="-6.606798" lon="106.926207">
        <ele>815</ele>
        <time>2024-06-26T10:22:19.106Z</time>
      </trkpt>
      <trkpt lat="-6.606763" lon="106.926162">
        <ele>815</ele>
        <time>2024-06-26T10:22:31.106Z</time>
      </trkpt>
      <trkpt lat="-6.60671" lon="106.926118">
        <ele>817</ele>
        <time>2024-06-26T10:22:46.106Z</time>
      </trkpt>
      <trkpt lat="-6.606693" lon="106.926097">
        <ele>817</ele>
        <time>2024-06-26T10:22:52.106Z</time>
      </trkpt>
      <trkpt lat="-6.606685" lon="106.926077">
        <ele>817</ele>
        <time>2024-06-26T10:22:55.106Z</time>
      </trkpt>
      <trkpt lat="-6.606638" lon="106.926023">
        <ele>817</ele>
        <time>2024-06-26T10:23:06.106Z</time>
      </trkpt>
      <trkpt lat="-6.60662" lon="106.92598">
        <ele>816</ele>
        <time>2024-06-26T10:23:13.106Z</time>
      </trkpt>
      <trkpt lat="-6.606587" lon="106.925883">
        <ele>815</ele>
        <time>2024-06-26T10:23:30.106Z</time>
      </trkpt>
      <trkpt lat="-6.606577" lon="106.925833">
        <ele>815</ele>
        <time>2024-06-26T10:23:38.106Z</time>
      </trkpt>
      <trkpt lat="-6.606588" lon="106.925787">
        <ele>814</ele>
        <time>2024-06-26T10:23:45.106Z</time>
      </trkpt>
      <trkpt lat="-6.60659" lon="106.925718">
        <ele>811</ele>
        <time>2024-06-26T10:23:56.106Z</time>
      </trkpt>
      <trkpt lat="-6.606602" lon="106.92567">
        <ele>810</ele>
        <time>2024-06-26T10:24:04.106Z</time>
      </trkpt>
      <trkpt lat="-6.606625" lon="106.92563">
        <ele>809</ele>
        <time>2024-06-26T10:24:11.106Z</time>
      </trkpt>
      <trkpt lat="-6.606628" lon="106.925603">
        <ele>808</ele>
        <time>2024-06-26T10:24:15.106Z</time>
      </trkpt>
      <trkpt lat="-6.606622" lon="106.925577">
        <ele>807</ele>
        <time>2024-06-26T10:24:19.106Z</time>
      </trkpt>
      <trkpt lat="-6.606568" lon="106.925455">
        <ele>801</ele>
        <time>2024-06-26T10:24:40.106Z</time>
      </trkpt>
      <trkpt lat="-6.606563" lon="106.925435">
        <ele>801</ele>
        <time>2024-06-26T10:24:43.106Z</time>
      </trkpt>
      <trkpt lat="-6.606552" lon="106.925418">
        <ele>800</ele>
        <time>2024-06-26T10:24:47.106Z</time>
      </trkpt>
      <trkpt lat="-6.606517" lon="106.925392">
        <ele>799</ele>
        <time>2024-06-26T10:24:53.106Z</time>
      </trkpt>
      <trkpt lat="-6.606442" lon="106.925298">
        <ele>796</ele>
        <time>2024-06-26T10:25:06.106Z</time>
      </trkpt>
      <trkpt lat="-6.606418" lon="106.925283">
        <ele>795</ele>
        <time>2024-06-26T10:25:08.106Z</time>
      </trkpt>
      <trkpt lat="-6.6064" lon="106.925263">
        <ele>795</ele>
        <time>2024-06-26T10:25:11.106Z</time>
      </trkpt>
      <trkpt lat="-6.60638" lon="106.925248">
        <ele>794</ele>
        <time>2024-06-26T10:25:13.106Z</time>
      </trkpt>
      <trkpt lat="-6.606358" lon="106.925235">
        <ele>794</ele>
        <time>2024-06-26T10:25:15.106Z</time>
      </trkpt>
      <trkpt lat="-6.60631" lon="106.925218">
        <ele>794</ele>
        <time>2024-06-26T10:25:20.106Z</time>
      </trkpt>
      <trkpt lat="-6.606285" lon="106.925205">
        <ele>794</ele>
        <time>2024-06-26T10:25:22.106Z</time>
      </trkpt>
      <trkpt lat="-6.606242" lon="106.925173">
        <ele>793</ele>
        <time>2024-06-26T10:25:27.106Z</time>
      </trkpt>
      <trkpt lat="-6.606197" lon="106.925148">
        <ele>793</ele>
        <time>2024-06-26T10:25:31.106Z</time>
      </trkpt>
      <trkpt lat="-6.60617" lon="106.925143">
        <ele>793</ele>
        <time>2024-06-26T10:25:34.106Z</time>
      </trkpt>
      <trkpt lat="-6.606105" lon="106.925112">
        <ele>794</ele>
        <time>2024-06-26T10:25:40.106Z</time>
      </trkpt>
      <trkpt lat="-6.606065" lon="106.925082">
        <ele>794</ele>
        <time>2024-06-26T10:25:45.106Z</time>
      </trkpt>
      <trkpt lat="-6.606045" lon="106.925063">
        <ele>794</ele>
        <time>2024-06-26T10:25:47.106Z</time>
      </trkpt>
      <trkpt lat="-6.605975" lon="106.925028">
        <ele>795</ele>
        <time>2024-06-26T10:25:54.106Z</time>
      </trkpt>
      <trkpt lat="-6.60596" lon="106.92501">
        <ele>795</ele>
        <time>2024-06-26T10:25:56.106Z</time>
      </trkpt>
      <trkpt lat="-6.605922" lon="106.924985">
        <ele>795</ele>
        <time>2024-06-26T10:26:00.106Z</time>
      </trkpt>
      <trkpt lat="-6.6059" lon="106.92498">
        <ele>795</ele>
        <time>2024-06-26T10:26:02.106Z</time>
      </trkpt>
      <trkpt lat="-6.605885" lon="106.924963">
        <ele>795</ele>
        <time>2024-06-26T10:26:04.106Z</time>
      </trkpt>
      <trkpt lat="-6.605865" lon="106.924952">
        <ele>795</ele>
        <time>2024-06-26T10:26:06.106Z</time>
      </trkpt>
      <trkpt lat="-6.605818" lon="106.924895">
        <ele>793</ele>
        <time>2024-06-26T10:26:15.106Z</time>
      </trkpt>
      <trkpt lat="-6.605695" lon="106.924812">
        <ele>787</ele>
        <time>2024-06-26T10:26:36.106Z</time>
      </trkpt>
      <trkpt lat="-6.60566" lon="106.924782">
        <ele>786</ele>
        <time>2024-06-26T10:26:43.106Z</time>
      </trkpt>
      <trkpt lat="-6.605605" lon="106.92471">
        <ele>784</ele>
        <time>2024-06-26T10:26:56.106Z</time>
      </trkpt>
      <trkpt lat="-6.605602" lon="106.92467">
        <ele>783</ele>
        <time>2024-06-26T10:27:02.106Z</time>
      </trkpt>
      <trkpt lat="-6.605583" lon="106.924635">
        <ele>782</ele>
        <time>2024-06-26T10:27:07.106Z</time>
      </trkpt>
      <trkpt lat="-6.605565" lon="106.924618">
        <ele>781</ele>
        <time>2024-06-26T10:27:11.106Z</time>
      </trkpt>
      <trkpt lat="-6.605523" lon="106.924597">
        <ele>781</ele>
        <time>2024-06-26T10:27:18.106Z</time>
      </trkpt>
      <trkpt lat="-6.605478" lon="106.924605">
        <ele>780</ele>
        <time>2024-06-26T10:27:25.106Z</time>
      </trkpt>
      <trkpt lat="-6.605387" lon="106.92458">
        <ele>780</ele>
        <time>2024-06-26T10:27:38.106Z</time>
      </trkpt>
      <trkpt lat="-6.605285" lon="106.92458">
        <ele>779</ele>
        <time>2024-06-26T10:27:53.106Z</time>
      </trkpt>
      <trkpt lat="-6.605218" lon="106.924518">
        <ele>779</ele>
        <time>2024-06-26T10:28:06.106Z</time>
      </trkpt>
      <trkpt lat="-6.605177" lon="106.924435">
        <ele>779</ele>
        <time>2024-06-26T10:28:19.106Z</time>
      </trkpt>
      <trkpt lat="-6.605113" lon="106.924368">
        <ele>780</ele>
        <time>2024-06-26T10:28:32.106Z</time>
      </trkpt>
      <trkpt lat="-6.605098" lon="106.924302">
        <ele>781</ele>
        <time>2024-06-26T10:28:41.106Z</time>
      </trkpt>
      <trkpt lat="-6.605078" lon="106.92426">
        <ele>782</ele>
        <time>2024-06-26T10:28:47.106Z</time>
      </trkpt>
      <trkpt lat="-6.605072" lon="106.924238">
        <ele>782</ele>
        <time>2024-06-26T10:28:50.106Z</time>
      </trkpt>
      <trkpt lat="-6.60505" lon="106.924202">
        <ele>783</ele>
        <time>2024-06-26T10:28:56.106Z</time>
      </trkpt>
      <trkpt lat="-6.605018" lon="106.92417">
        <ele>785</ele>
        <time>2024-06-26T10:29:02.106Z</time>
      </trkpt>
      <trkpt lat="-6.604992" lon="106.924138">
        <ele>784</ele>
        <time>2024-06-26T10:29:08.106Z</time>
      </trkpt>
      <trkpt lat="-6.604973" lon="106.924132">
        <ele>783</ele>
        <time>2024-06-26T10:29:10.106Z</time>
      </trkpt>
      <trkpt lat="-6.604932" lon="106.92407">
        <ele>779</ele>
        <time>2024-06-26T10:29:21.106Z</time>
      </trkpt>
      <trkpt lat="-6.604865" lon="106.924002">
        <ele>774</ele>
        <time>2024-06-26T10:29:34.106Z</time>
      </trkpt>
      <trkpt lat="-6.604832" lon="106.923963">
        <ele>772</ele>
        <time>2024-06-26T10:29:40.106Z</time>
      </trkpt>
      <trkpt lat="-6.604808" lon="106.923908">
        <ele>770</ele>
        <time>2024-06-26T10:29:49.106Z</time>
      </trkpt>
      <trkpt lat="-6.604785" lon="106.923875">
        <ele>768</ele>
        <time>2024-06-26T10:29:54.106Z</time>
      </trkpt>
      <trkpt lat="-6.604773" lon="106.92385">
        <ele>767</ele>
        <time>2024-06-26T10:29:58.106Z</time>
      </trkpt>
      <trkpt lat="-6.604742" lon="106.92381">
        <ele>765</ele>
        <time>2024-06-26T10:30:05.106Z</time>
      </trkpt>
      <trkpt lat="-6.604683" lon="106.923758">
        <ele>763</ele>
        <time>2024-06-26T10:30:16.106Z</time>
      </trkpt>
      <trkpt lat="-6.604657" lon="106.923727">
        <ele>762</ele>
        <time>2024-06-26T10:30:21.106Z</time>
      </trkpt>
      <trkpt lat="-6.604602" lon="106.92368">
        <ele>760</ele>
        <time>2024-06-26T10:30:32.106Z</time>
      </trkpt>
      <trkpt lat="-6.60459" lon="106.923665">
        <ele>760</ele>
        <time>2024-06-26T10:30:34.106Z</time>
      </trkpt>
      <trkpt lat="-6.604563" lon="106.923608">
        <ele>759</ele>
        <time>2024-06-26T10:30:43.106Z</time>
      </trkpt>
      <trkpt lat="-6.604558" lon="106.923587">
        <ele>758</ele>
        <time>2024-06-26T10:30:46.106Z</time>
      </trkpt>
      <trkpt lat="-6.604548" lon="106.923565">
        <ele>758</ele>
        <time>2024-06-26T10:30:49.106Z</time>
      </trkpt>
      <trkpt lat="-6.604543" lon="106.923537">
        <ele>758</ele>
        <time>2024-06-26T10:30:53.106Z</time>
      </trkpt>
      <trkpt lat="-6.604542" lon="106.923502">
        <ele>757</ele>
        <time>2024-06-26T10:30:58.106Z</time>
      </trkpt>
      <trkpt lat="-6.604535" lon="106.923477">
        <ele>757</ele>
        <time>2024-06-26T10:31:02.106Z</time>
      </trkpt>
      <trkpt lat="-6.604507" lon="106.92342">
        <ele>756</ele>
        <time>2024-06-26T10:31:11.106Z</time>
      </trkpt>
      <trkpt lat="-6.60449" lon="106.923345">
        <ele>756</ele>
        <time>2024-06-26T10:31:21.106Z</time>
      </trkpt>
      <trkpt lat="-6.604485" lon="106.923285">
        <ele>755</ele>
        <time>2024-06-26T10:31:30.106Z</time>
      </trkpt>
      <trkpt lat="-6.60447" lon="106.923235">
        <ele>755</ele>
        <time>2024-06-26T10:31:37.106Z</time>
      </trkpt>
      <trkpt lat="-6.604433" lon="106.923175">
        <ele>754</ele>
        <time>2024-06-26T10:31:47.106Z</time>
      </trkpt>
      <trkpt lat="-6.604385" lon="106.923072">
        <ele>754</ele>
        <time>2024-06-26T10:31:59.106Z</time>
      </trkpt>
      <trkpt lat="-6.604372" lon="106.923027">
        <ele>753</ele>
        <time>2024-06-26T10:32:04.106Z</time>
      </trkpt>
      <trkpt lat="-6.604363" lon="106.923007">
        <ele>753</ele>
        <time>2024-06-26T10:32:06.106Z</time>
      </trkpt>
      <trkpt lat="-6.604362" lon="106.922985">
        <ele>753</ele>
        <time>2024-06-26T10:32:08.106Z</time>
      </trkpt>
      <trkpt lat="-6.604355" lon="106.922958">
        <ele>753</ele>
        <time>2024-06-26T10:32:11.106Z</time>
      </trkpt>
      <trkpt lat="-6.604317" lon="106.922883">
        <ele>753</ele>
        <time>2024-06-26T10:32:19.106Z</time>
      </trkpt>
      <trkpt lat="-6.604303" lon="106.92284">
        <ele>753</ele>
        <time>2024-06-26T10:32:24.106Z</time>
      </trkpt>
      <trkpt lat="-6.60428" lon="106.922728">
        <ele>753</ele>
        <time>2024-06-26T10:32:35.106Z</time>
      </trkpt>
      <trkpt lat="-6.604278" lon="106.922702">
        <ele>753</ele>
        <time>2024-06-26T10:32:38.106Z</time>
      </trkpt>
      <trkpt lat="-6.60428" lon="106.922652">
        <ele>752</ele>
        <time>2024-06-26T10:32:43.106Z</time>
      </trkpt>
      <trkpt lat="-6.604272" lon="106.922568">
        <ele>752</ele>
        <time>2024-06-26T10:32:51.106Z</time>
      </trkpt>
      <trkpt lat="-6.604263" lon="106.922552">
        <ele>752</ele>
        <time>2024-06-26T10:32:53.106Z</time>
      </trkpt>
      <trkpt lat="-6.604262" lon="106.922533">
        <ele>752</ele>
        <time>2024-06-26T10:32:55.106Z</time>
      </trkpt>
      <trkpt lat="-6.604253" lon="106.922515">
        <ele>752</ele>
        <time>2024-06-26T10:32:57.106Z</time>
      </trkpt>
      <trkpt lat="-6.604243" lon="106.922478">
        <ele>752</ele>
        <time>2024-06-26T10:33:00.106Z</time>
      </trkpt>
      <trkpt lat="-6.60417" lon="106.922382">
        <ele>754</ele>
        <time>2024-06-26T10:33:13.106Z</time>
      </trkpt>
      <trkpt lat="-6.604145" lon="106.922378">
        <ele>754</ele>
        <time>2024-06-26T10:33:16.106Z</time>
      </trkpt>
      <trkpt lat="-6.604127" lon="106.922363">
        <ele>754</ele>
        <time>2024-06-26T10:33:18.106Z</time>
      </trkpt>
      <trkpt lat="-6.604103" lon="106.92235">
        <ele>753</ele>
        <time>2024-06-26T10:33:22.106Z</time>
      </trkpt>
      <trkpt lat="-6.604072" lon="106.92232">
        <ele>753</ele>
        <time>2024-06-26T10:33:27.106Z</time>
      </trkpt>
      <trkpt lat="-6.604013" lon="106.922228">
        <ele>752</ele>
        <time>2024-06-26T10:33:40.106Z</time>
      </trkpt>
      <trkpt lat="-6.604" lon="106.922215">
        <ele>752</ele>
        <time>2024-06-26T10:33:42.106Z</time>
      </trkpt>
      <trkpt lat="-6.603943" lon="106.92219">
        <ele>752</ele>
        <time>2024-06-26T10:33:49.106Z</time>
      </trkpt>
      <trkpt lat="-6.603927" lon="106.922177">
        <ele>752</ele>
        <time>2024-06-26T10:33:51.106Z</time>
      </trkpt>
      <trkpt lat="-6.603872" lon="106.922107">
        <ele>752</ele>
        <time>2024-06-26T10:34:02.106Z</time>
      </trkpt>
      <trkpt lat="-6.603825" lon="106.922022">
        <ele>753</ele>
        <time>2024-06-26T10:34:13.106Z</time>
      </trkpt>
      <trkpt lat="-6.603747" lon="106.921938">
        <ele>754</ele>
        <time>2024-06-26T10:34:27.106Z</time>
      </trkpt>
      <trkpt lat="-6.603698" lon="106.92188">
        <ele>755</ele>
        <time>2024-06-26T10:34:36.106Z</time>
      </trkpt>
      <trkpt lat="-6.603678" lon="106.921868">
        <ele>755</ele>
        <time>2024-06-26T10:34:38.106Z</time>
      </trkpt>
      <trkpt lat="-6.603658" lon="106.92185">
        <ele>755</ele>
        <time>2024-06-26T10:34:42.106Z</time>
      </trkpt>
      <trkpt lat="-6.603612" lon="106.921798">
        <ele>757</ele>
        <time>2024-06-26T10:34:52.106Z</time>
      </trkpt>
      <trkpt lat="-6.603593" lon="106.921782">
        <ele>757</ele>
        <time>2024-06-26T10:34:56.106Z</time>
      </trkpt>
      <trkpt lat="-6.603475" lon="106.921708">
        <ele>760</ele>
        <time>2024-06-26T10:35:23.106Z</time>
      </trkpt>
      <trkpt lat="-6.603437" lon="106.921668">
        <ele>761</ele>
        <time>2024-06-26T10:35:33.106Z</time>
      </trkpt>
      <trkpt lat="-6.603417" lon="106.921627">
        <ele>762</ele>
        <time>2024-06-26T10:35:42.106Z</time>
      </trkpt>
      <trkpt lat="-6.603385" lon="106.921585">
        <ele>763</ele>
        <time>2024-06-26T10:35:51.106Z</time>
      </trkpt>
      <trkpt lat="-6.603357" lon="106.921528">
        <ele>764</ele>
        <time>2024-06-26T10:36:03.106Z</time>
      </trkpt>
      <trkpt lat="-6.603347" lon="106.921497">
        <ele>765</ele>
        <time>2024-06-26T10:36:09.106Z</time>
      </trkpt>
      <trkpt lat="-6.603327" lon="106.921473">
        <ele>765</ele>
        <time>2024-06-26T10:36:15.106Z</time>
      </trkpt>
      <trkpt lat="-6.603315" lon="106.92144">
        <ele>766</ele>
        <time>2024-06-26T10:36:22.106Z</time>
      </trkpt>
      <trkpt lat="-6.603295" lon="106.921412">
        <ele>766</ele>
        <time>2024-06-26T10:36:28.106Z</time>
      </trkpt>
      <trkpt lat="-6.603277" lon="106.921395">
        <ele>766</ele>
        <time>2024-06-26T10:36:33.106Z</time>
      </trkpt>
      <trkpt lat="-6.603232" lon="106.921377">
        <ele>765</ele>
        <time>2024-06-26T10:36:42.106Z</time>
      </trkpt>
      <trkpt lat="-6.603215" lon="106.921365">
        <ele>765</ele>
        <time>2024-06-26T10:36:46.106Z</time>
      </trkpt>
      <trkpt lat="-6.603202" lon="106.921347">
        <ele>765</ele>
        <time>2024-06-26T10:36:50.106Z</time>
      </trkpt>
      <trkpt lat="-6.603165" lon="106.921287">
        <ele>765</ele>
        <time>2024-06-26T10:37:03.106Z</time>
      </trkpt>
      <trkpt lat="-6.60315" lon="106.921237">
        <ele>766</ele>
        <time>2024-06-26T10:37:13.106Z</time>
      </trkpt>
      <trkpt lat="-6.603128" lon="106.92113">
        <ele>767</ele>
        <time>2024-06-26T10:37:33.106Z</time>
      </trkpt>
      <trkpt lat="-6.603125" lon="106.9211">
        <ele>767</ele>
        <time>2024-06-26T10:37:38.106Z</time>
      </trkpt>
      <trkpt lat="-6.603102" lon="106.92103">
        <ele>768</ele>
        <time>2024-06-26T10:37:51.106Z</time>
      </trkpt>
      <trkpt lat="-6.603082" lon="106.920938">
        <ele>769</ele>
        <time>2024-06-26T10:38:08.106Z</time>
      </trkpt>
      <trkpt lat="-6.603083" lon="106.920917">
        <ele>770</ele>
        <time>2024-06-26T10:38:12.106Z</time>
      </trkpt>
      <trkpt lat="-6.603078" lon="106.920895">
        <ele>770</ele>
        <time>2024-06-26T10:38:16.106Z</time>
      </trkpt>
      <trkpt lat="-6.60308" lon="106.920865">
        <ele>770</ele>
        <time>2024-06-26T10:38:21.106Z</time>
      </trkpt>
      <trkpt lat="-6.603073" lon="106.920807">
        <ele>771</ele>
        <time>2024-06-26T10:38:32.106Z</time>
      </trkpt>
      <trkpt lat="-6.60308" lon="106.920778">
        <ele>772</ele>
        <time>2024-06-26T10:38:37.106Z</time>
      </trkpt>
      <trkpt lat="-6.603105" lon="106.920745">
        <ele>772</ele>
        <time>2024-06-26T10:38:45.106Z</time>
      </trkpt>
      <trkpt lat="-6.60309" lon="106.920702">
        <ele>772</ele>
        <time>2024-06-26T10:38:53.106Z</time>
      </trkpt>
      <trkpt lat="-6.603082" lon="106.920648">
        <ele>773</ele>
        <time>2024-06-26T10:39:02.106Z</time>
      </trkpt>
      <trkpt lat="-6.603048" lon="106.920552">
        <ele>774</ele>
        <time>2024-06-26T10:39:21.106Z</time>
      </trkpt>
      <trkpt lat="-6.602995" lon="106.920467">
        <ele>774</ele>
        <time>2024-06-26T10:39:38.106Z</time>
      </trkpt>
      <trkpt lat="-6.602915" lon="106.920402">
        <ele>775</ele>
        <time>2024-06-26T10:39:54.106Z</time>
      </trkpt>
      <trkpt lat="-6.602833" lon="106.920348">
        <ele>776</ele>
        <time>2024-06-26T10:40:07.106Z</time>
      </trkpt>
      <trkpt lat="-6.602755" lon="106.920173">
        <ele>778</ele>
        <time>2024-06-26T10:40:33.106Z</time>
      </trkpt>
      <trkpt lat="-6.6027" lon="106.920097">
        <ele>780</ele>
        <time>2024-06-26T10:40:45.106Z</time>
      </trkpt>
      <trkpt lat="-6.602675" lon="106.919997">
        <ele>782</ele>
        <time>2024-06-26T10:40:59.106Z</time>
      </trkpt>
      <trkpt lat="-6.602618" lon="106.919908">
        <ele>781</ele>
        <time>2024-06-26T10:41:14.106Z</time>
      </trkpt>
      <trkpt lat="-6.602542" lon="106.919853">
        <ele>780</ele>
        <time>2024-06-26T10:41:26.106Z</time>
      </trkpt>
      <trkpt lat="-6.602473" lon="106.919782">
        <ele>778</ele>
        <time>2024-06-26T10:41:42.106Z</time>
      </trkpt>
      <trkpt lat="-6.602373" lon="106.91976">
        <ele>773</ele>
        <time>2024-06-26T10:42:00.106Z</time>
      </trkpt>
      <trkpt lat="-6.602288" lon="106.919727">
        <ele>769</ele>
        <time>2024-06-26T10:42:16.106Z</time>
      </trkpt>
      <trkpt lat="-6.602197" lon="106.919673">
        <ele>765</ele>
        <time>2024-06-26T10:42:35.106Z</time>
      </trkpt>
      <trkpt lat="-6.602118" lon="106.919617">
        <ele>762</ele>
        <time>2024-06-26T10:42:52.106Z</time>
      </trkpt>
      <trkpt lat="-6.602035" lon="106.91958">
        <ele>759</ele>
        <time>2024-06-26T10:43:09.106Z</time>
      </trkpt>
      <trkpt lat="-6.602022" lon="106.919565">
        <ele>759</ele>
        <time>2024-06-26T10:43:12.106Z</time>
      </trkpt>
      <trkpt lat="-6.601925" lon="106.91954">
        <ele>756</ele>
        <time>2024-06-26T10:43:30.106Z</time>
      </trkpt>
      <trkpt lat="-6.601835" lon="106.919483">
        <ele>753</ele>
        <time>2024-06-26T10:43:49.106Z</time>
      </trkpt>
      <trkpt lat="-6.601697" lon="106.919347">
        <ele>751</ele>
        <time>2024-06-26T10:44:19.106Z</time>
      </trkpt>
      <trkpt lat="-6.601647" lon="106.919268">
        <ele>751</ele>
        <time>2024-06-26T10:44:32.106Z</time>
      </trkpt>
      <trkpt lat="-6.601563" lon="106.919235">
        <ele>749</ele>
        <time>2024-06-26T10:44:46.106Z</time>
      </trkpt>
      <trkpt lat="-6.601552" lon="106.91922">
        <ele>749</ele>
        <time>2024-06-26T10:44:48.106Z</time>
      </trkpt>
      <trkpt lat="-6.601482" lon="106.919168">
        <ele>748</ele>
        <time>2024-06-26T10:45:01.106Z</time>
      </trkpt>
      <trkpt lat="-6.60145" lon="106.919128">
        <ele>746</ele>
        <time>2024-06-26T10:45:08.106Z</time>
      </trkpt>
      <trkpt lat="-6.601412" lon="106.919107">
        <ele>745</ele>
        <time>2024-06-26T10:45:15.106Z</time>
      </trkpt>
      <trkpt lat="-6.601367" lon="106.919077">
        <ele>743</ele>
        <time>2024-06-26T10:45:23.106Z</time>
      </trkpt>
      <trkpt lat="-6.601273" lon="106.919008">
        <ele>740</ele>
        <time>2024-06-26T10:45:39.106Z</time>
      </trkpt>
      <trkpt lat="-6.601242" lon="106.918977">
        <ele>739</ele>
        <time>2024-06-26T10:45:46.106Z</time>
      </trkpt>
      <trkpt lat="-6.601228" lon="106.918957">
        <ele>739</ele>
        <time>2024-06-26T10:45:49.106Z</time>
      </trkpt>
      <trkpt lat="-6.601207" lon="106.918917">
        <ele>738</ele>
        <time>2024-06-26T10:45:56.106Z</time>
      </trkpt>
      <trkpt lat="-6.60117" lon="106.918895">
        <ele>738</ele>
        <time>2024-06-26T10:46:03.106Z</time>
      </trkpt>
      <trkpt lat="-6.601153" lon="106.918875">
        <ele>738</ele>
        <time>2024-06-26T10:46:07.106Z</time>
      </trkpt>
      <trkpt lat="-6.601133" lon="106.918862">
        <ele>738</ele>
        <time>2024-06-26T10:46:11.106Z</time>
      </trkpt>
      <trkpt lat="-6.60112" lon="106.918845">
        <ele>738</ele>
        <time>2024-06-26T10:46:14.106Z</time>
      </trkpt>
      <trkpt lat="-6.601087" lon="106.918818">
        <ele>738</ele>
        <time>2024-06-26T10:46:21.106Z</time>
      </trkpt>
      <trkpt lat="-6.60107" lon="106.9188">
        <ele>738</ele>
        <time>2024-06-26T10:46:25.106Z</time>
      </trkpt>
      <trkpt lat="-6.601037" lon="106.918752">
        <ele>738</ele>
        <time>2024-06-26T10:46:35.106Z</time>
      </trkpt>
      <trkpt lat="-6.601008" lon="106.918722">
        <ele>739</ele>
        <time>2024-06-26T10:46:41.106Z</time>
      </trkpt>
      <trkpt lat="-6.601" lon="106.918703">
        <ele>739</ele>
        <time>2024-06-26T10:46:45.106Z</time>
      </trkpt>
      <trkpt lat="-6.600975" lon="106.918673">
        <ele>740</ele>
        <time>2024-06-26T10:46:51.106Z</time>
      </trkpt>
      <trkpt lat="-6.600942" lon="106.918643">
        <ele>741</ele>
        <time>2024-06-26T10:46:58.106Z</time>
      </trkpt>
      <trkpt lat="-6.600925" lon="106.918623">
        <ele>742</ele>
        <time>2024-06-26T10:47:02.106Z</time>
      </trkpt>
      <trkpt lat="-6.600887" lon="106.918595">
        <ele>743</ele>
        <time>2024-06-26T10:47:10.106Z</time>
      </trkpt>
      <trkpt lat="-6.60085" lon="106.91856">
        <ele>745</ele>
        <time>2024-06-26T10:47:18.106Z</time>
      </trkpt>
      <trkpt lat="-6.600785" lon="106.918557">
        <ele>745</ele>
        <time>2024-06-26T10:47:29.106Z</time>
      </trkpt>
      <trkpt lat="-6.600693" lon="106.918535">
        <ele>744</ele>
        <time>2024-06-26T10:47:44.106Z</time>
      </trkpt>
      <trkpt lat="-6.600615" lon="106.918477">
        <ele>745</ele>
        <time>2024-06-26T10:48:00.106Z</time>
      </trkpt>
      <trkpt lat="-6.600523" lon="106.918467">
        <ele>744</ele>
        <time>2024-06-26T10:48:12.106Z</time>
      </trkpt>
      <trkpt lat="-6.600422" lon="106.918463">
        <ele>744</ele>
        <time>2024-06-26T10:48:23.106Z</time>
      </trkpt>
      <trkpt lat="-6.600323" lon="106.918477">
        <ele>742</ele>
        <time>2024-06-26T10:48:34.106Z</time>
      </trkpt>
      <trkpt lat="-6.600232" lon="106.91844">
        <ele>743</ele>
        <time>2024-06-26T10:48:45.106Z</time>
      </trkpt>
      <trkpt lat="-6.600072" lon="106.918333">
        <ele>746</ele>
        <time>2024-06-26T10:49:06.106Z</time>
      </trkpt>
      <trkpt lat="-6.599982" lon="106.918307">
        <ele>746</ele>
        <time>2024-06-26T10:49:16.106Z</time>
      </trkpt>
      <trkpt lat="-6.599953" lon="106.918303">
        <ele>745</ele>
        <time>2024-06-26T10:49:19.106Z</time>
      </trkpt>
      <trkpt lat="-6.59992" lon="106.918303">
        <ele>745</ele>
        <time>2024-06-26T10:49:23.106Z</time>
      </trkpt>
      <trkpt lat="-6.599868" lon="106.918317">
        <ele>746</ele>
        <time>2024-06-26T10:49:29.106Z</time>
      </trkpt>
      <trkpt lat="-6.599808" lon="106.91832">
        <ele>746</ele>
        <time>2024-06-26T10:49:35.106Z</time>
      </trkpt>
      <trkpt lat="-6.59976" lon="106.91832">
        <ele>745</ele>
        <time>2024-06-26T10:49:38.106Z</time>
      </trkpt>
      <trkpt lat="-6.599712" lon="106.918308">
        <ele>745</ele>
        <time>2024-06-26T10:49:42.106Z</time>
      </trkpt>
      <trkpt lat="-6.599683" lon="106.91831">
        <ele>745</ele>
        <time>2024-06-26T10:49:44.106Z</time>
      </trkpt>
      <trkpt lat="-6.599618" lon="106.918328">
        <ele>745</ele>
        <time>2024-06-26T10:49:49.106Z</time>
      </trkpt>
      <trkpt lat="-6.59954" lon="106.918385">
        <ele>743</ele>
        <time>2024-06-26T10:49:56.106Z</time>
      </trkpt>
      <trkpt lat="-6.599507" lon="106.918405">
        <ele>741</ele>
        <time>2024-06-26T10:49:59.106Z</time>
      </trkpt>
      <trkpt lat="-6.599482" lon="106.918415">
        <ele>741</ele>
        <time>2024-06-26T10:50:01.106Z</time>
      </trkpt>
      <trkpt lat="-6.599445" lon="106.918413">
        <ele>741</ele>
        <time>2024-06-26T10:50:04.106Z</time>
      </trkpt>
      <trkpt lat="-6.599422" lon="106.918403">
        <ele>741</ele>
        <time>2024-06-26T10:50:05.106Z</time>
      </trkpt>
      <trkpt lat="-6.5994" lon="106.918388">
        <ele>742</ele>
        <time>2024-06-26T10:50:07.106Z</time>
      </trkpt>
      <trkpt lat="-6.59938" lon="106.918382">
        <ele>743</ele>
        <time>2024-06-26T10:50:09.106Z</time>
      </trkpt>
      <trkpt lat="-6.599355" lon="106.918368">
        <ele>743</ele>
        <time>2024-06-26T10:50:11.106Z</time>
      </trkpt>
      <trkpt lat="-6.599337" lon="106.918365">
        <ele>743</ele>
        <time>2024-06-26T10:50:12.106Z</time>
      </trkpt>
      <trkpt lat="-6.599312" lon="106.918355">
        <ele>744</ele>
        <time>2024-06-26T10:50:14.106Z</time>
      </trkpt>
      <trkpt lat="-6.599288" lon="106.918353">
        <ele>744</ele>
        <time>2024-06-26T10:50:16.106Z</time>
      </trkpt>
      <trkpt lat="-6.599263" lon="106.918355">
        <ele>744</ele>
        <time>2024-06-26T10:50:18.106Z</time>
      </trkpt>
      <trkpt lat="-6.59917" lon="106.918383">
        <ele>742</ele>
        <time>2024-06-26T10:50:25.106Z</time>
      </trkpt>
      <trkpt lat="-6.599137" lon="106.918403">
        <ele>740</ele>
        <time>2024-06-26T10:50:28.106Z</time>
      </trkpt>
      <trkpt lat="-6.599118" lon="106.918422">
        <ele>739</ele>
        <time>2024-06-26T10:50:30.106Z</time>
      </trkpt>
      <trkpt lat="-6.599097" lon="106.918435">
        <ele>737</ele>
        <time>2024-06-26T10:50:31.106Z</time>
      </trkpt>
      <trkpt lat="-6.59903" lon="106.91844">
        <ele>736</ele>
        <time>2024-06-26T10:50:39.106Z</time>
      </trkpt>
      <trkpt lat="-6.598963" lon="106.918437">
        <ele>735</ele>
        <time>2024-06-26T10:50:50.106Z</time>
      </trkpt>
      <trkpt lat="-6.598918" lon="106.91843">
        <ele>734</ele>
        <time>2024-06-26T10:50:56.106Z</time>
      </trkpt>
      <trkpt lat="-6.598877" lon="106.918435">
        <ele>733</ele>
        <time>2024-06-26T10:51:03.106Z</time>
      </trkpt>
      <trkpt lat="-6.59886" lon="106.918445">
        <ele>732</ele>
        <time>2024-06-26T10:51:06.106Z</time>
      </trkpt>
      <trkpt lat="-6.598843" lon="106.91845">
        <ele>731</ele>
        <time>2024-06-26T10:51:08.106Z</time>
      </trkpt>
      <trkpt lat="-6.598762" lon="106.9185">
        <ele>727</ele>
        <time>2024-06-26T10:51:23.106Z</time>
      </trkpt>
      <trkpt lat="-6.598728" lon="106.918532">
        <ele>725</ele>
        <time>2024-06-26T10:51:30.106Z</time>
      </trkpt>
      <trkpt lat="-6.598712" lon="106.91854">
        <ele>724</ele>
        <time>2024-06-26T10:51:33.106Z</time>
      </trkpt>
      <trkpt lat="-6.59869" lon="106.918557">
        <ele>723</ele>
        <time>2024-06-26T10:51:37.106Z</time>
      </trkpt>
      <trkpt lat="-6.59867" lon="106.918562">
        <ele>723</ele>
        <time>2024-06-26T10:51:40.106Z</time>
      </trkpt>
      <trkpt lat="-6.598645" lon="106.918563">
        <ele>722</ele>
        <time>2024-06-26T10:51:44.106Z</time>
      </trkpt>
      <trkpt lat="-6.598625" lon="106.91857">
        <ele>721</ele>
        <time>2024-06-26T10:51:47.106Z</time>
      </trkpt>
      <trkpt lat="-6.598607" lon="106.918568">
        <ele>721</ele>
        <time>2024-06-26T10:51:50.106Z</time>
      </trkpt>
      <trkpt lat="-6.598565" lon="106.918548">
        <ele>721</ele>
        <time>2024-06-26T10:51:57.106Z</time>
      </trkpt>
      <trkpt lat="-6.598525" lon="106.918523">
        <ele>722</ele>
        <time>2024-06-26T10:52:04.106Z</time>
      </trkpt>
      <trkpt lat="-6.598485" lon="106.918508">
        <ele>722</ele>
        <time>2024-06-26T10:52:10.106Z</time>
      </trkpt>
      <trkpt lat="-6.598383" lon="106.91846">
        <ele>721</ele>
        <time>2024-06-26T10:52:27.106Z</time>
      </trkpt>
      <trkpt lat="-6.598322" lon="106.918458">
        <ele>720</ele>
        <time>2024-06-26T10:52:36.106Z</time>
      </trkpt>
      <trkpt lat="-6.598258" lon="106.918467">
        <ele>718</ele>
        <time>2024-06-26T10:52:41.106Z</time>
      </trkpt>
      <trkpt lat="-6.598218" lon="106.91846">
        <ele>717</ele>
        <time>2024-06-26T10:52:44.106Z</time>
      </trkpt>
      <trkpt lat="-6.598192" lon="106.918463">
        <ele>717</ele>
        <time>2024-06-26T10:52:46.106Z</time>
      </trkpt>
      <trkpt lat="-6.598148" lon="106.918457">
        <ele>716</ele>
        <time>2024-06-26T10:52:49.106Z</time>
      </trkpt>
      <trkpt lat="-6.598125" lon="106.918462">
        <ele>715</ele>
        <time>2024-06-26T10:52:51.106Z</time>
      </trkpt>
      <trkpt lat="-6.598105" lon="106.918457">
        <ele>715</ele>
        <time>2024-06-26T10:52:52.106Z</time>
      </trkpt>
      <trkpt lat="-6.598065" lon="106.918455">
        <ele>714</ele>
        <time>2024-06-26T10:52:55.106Z</time>
      </trkpt>
      <trkpt lat="-6.598042" lon="106.918457">
        <ele>713</ele>
        <time>2024-06-26T10:52:57.106Z</time>
      </trkpt>
      <trkpt lat="-6.598015" lon="106.918453">
        <ele>712</ele>
        <time>2024-06-26T10:52:59.106Z</time>
      </trkpt>
      <trkpt lat="-6.597992" lon="106.918455">
        <ele>712</ele>
        <time>2024-06-26T10:53:01.106Z</time>
      </trkpt>
      <trkpt lat="-6.597973" lon="106.918463">
        <ele>711</ele>
        <time>2024-06-26T10:53:02.106Z</time>
      </trkpt>
      <trkpt lat="-6.597993" lon="106.918463">
        <ele>711</ele>
        <time>2024-06-26T10:53:04.106Z</time>
      </trkpt>
      <trkpt lat="-6.59801" lon="106.918473">
        <ele>711</ele>
        <time>2024-06-26T10:53:05.106Z</time>
      </trkpt>
      <trkpt lat="-6.598023" lon="106.918458">
        <ele>712</ele>
        <time>2024-06-26T10:53:07.106Z</time>
      </trkpt>
      <trkpt lat="-6.598027" lon="106.918435">
        <ele>713</ele>
        <time>2024-06-26T10:53:08.106Z</time>
      </trkpt>
      <trkpt lat="-6.59803" lon="106.918347">
        <ele>717</ele>
        <time>2024-06-26T10:53:15.106Z</time>
      </trkpt>
      <trkpt lat="-6.59802" lon="106.91829">
        <ele>716</ele>
        <time>2024-06-26T10:53:19.106Z</time>
      </trkpt>
      <trkpt lat="-6.598023" lon="106.918245">
        <ele>716</ele>
        <time>2024-06-26T10:53:22.106Z</time>
      </trkpt>
      <trkpt lat="-6.59802" lon="106.91822">
        <ele>715</ele>
        <time>2024-06-26T10:53:24.106Z</time>
      </trkpt>
      <trkpt lat="-6.597995" lon="106.918173">
        <ele>714</ele>
        <time>2024-06-26T10:53:28.106Z</time>
      </trkpt>
      <trkpt lat="-6.597977" lon="106.918163">
        <ele>713</ele>
        <time>2024-06-26T10:53:29.106Z</time>
      </trkpt>
      <trkpt lat="-6.597907" lon="106.918148">
        <ele>711</ele>
        <time>2024-06-26T10:53:35.106Z</time>
      </trkpt>
      <trkpt lat="-6.597862" lon="106.918158">
        <ele>710</ele>
        <time>2024-06-26T10:53:41.106Z</time>
      </trkpt>
      <trkpt lat="-6.597842" lon="106.918167">
        <ele>710</ele>
        <time>2024-06-26T10:53:44.106Z</time>
      </trkpt>
      <trkpt lat="-6.597802" lon="106.918167">
        <ele>709</ele>
        <time>2024-06-26T10:53:51.106Z</time>
      </trkpt>
      <trkpt lat="-6.59778" lon="106.918172">
        <ele>708</ele>
        <time>2024-06-26T10:53:54.106Z</time>
      </trkpt>
      <trkpt lat="-6.597747" lon="106.918197">
        <ele>708</ele>
        <time>2024-06-26T10:54:01.106Z</time>
      </trkpt>
      <trkpt lat="-6.597727" lon="106.918205">
        <ele>707</ele>
        <time>2024-06-26T10:54:04.106Z</time>
      </trkpt>
      <trkpt lat="-6.597692" lon="106.91823">
        <ele>707</ele>
        <time>2024-06-26T10:54:11.106Z</time>
      </trkpt>
      <trkpt lat="-6.597672" lon="106.918238">
        <ele>707</ele>
        <time>2024-06-26T10:54:14.106Z</time>
      </trkpt>
      <trkpt lat="-6.597633" lon="106.918243">
        <ele>706</ele>
        <time>2024-06-26T10:54:21.106Z</time>
      </trkpt>
      <trkpt lat="-6.597622" lon="106.91826">
        <ele>706</ele>
        <time>2024-06-26T10:54:24.106Z</time>
      </trkpt>
      <trkpt lat="-6.59758" lon="106.91828">
        <ele>705</ele>
        <time>2024-06-26T10:54:31.106Z</time>
      </trkpt>
      <trkpt lat="-6.597555" lon="106.918282">
        <ele>704</ele>
        <time>2024-06-26T10:54:35.106Z</time>
      </trkpt>
      <trkpt lat="-6.597537" lon="106.91828">
        <ele>704</ele>
        <time>2024-06-26T10:54:38.106Z</time>
      </trkpt>
      <trkpt lat="-6.597515" lon="106.91827">
        <ele>703</ele>
        <time>2024-06-26T10:54:42.106Z</time>
      </trkpt>
      <trkpt lat="-6.597497" lon="106.918268">
        <ele>703</ele>
        <time>2024-06-26T10:54:45.106Z</time>
      </trkpt>
      <trkpt lat="-6.597457" lon="106.91829">
        <ele>702</ele>
        <time>2024-06-26T10:54:52.106Z</time>
      </trkpt>
      <trkpt lat="-6.597442" lon="106.91828">
        <ele>701</ele>
        <time>2024-06-26T10:54:55.106Z</time>
      </trkpt>
      <trkpt lat="-6.597377" lon="106.91829">
        <ele>699</ele>
        <time>2024-06-26T10:55:05.106Z</time>
      </trkpt>
      <trkpt lat="-6.597357" lon="106.918287">
        <ele>699</ele>
        <time>2024-06-26T10:55:08.106Z</time>
      </trkpt>
      <trkpt lat="-6.59733" lon="106.918293">
        <ele>698</ele>
        <time>2024-06-26T10:55:13.106Z</time>
      </trkpt>
      <trkpt lat="-6.597308" lon="106.918302">
        <ele>698</ele>
        <time>2024-06-26T10:55:16.106Z</time>
      </trkpt>
      <trkpt lat="-6.59724" lon="106.918298">
        <ele>695</ele>
        <time>2024-06-26T10:55:27.106Z</time>
      </trkpt>
      <trkpt lat="-6.59722" lon="106.9183">
        <ele>695</ele>
        <time>2024-06-26T10:55:30.106Z</time>
      </trkpt>
      <trkpt lat="-6.597192" lon="106.918292">
        <ele>694</ele>
        <time>2024-06-26T10:55:35.106Z</time>
      </trkpt>
      <trkpt lat="-6.597093" lon="106.918247">
        <ele>690</ele>
        <time>2024-06-26T10:55:54.106Z</time>
      </trkpt>
      <trkpt lat="-6.597013" lon="106.918295">
        <ele>688</ele>
        <time>2024-06-26T10:56:11.106Z</time>
      </trkpt>
      <trkpt lat="-6.596997" lon="106.918388">
        <ele>687</ele>
        <time>2024-06-26T10:56:29.106Z</time>
      </trkpt>
      <trkpt lat="-6.59698" lon="106.9184">
        <ele>686</ele>
        <time>2024-06-26T10:56:33.106Z</time>
      </trkpt>
      <trkpt lat="-6.596937" lon="106.918407">
        <ele>684</ele>
        <time>2024-06-26T10:56:41.106Z</time>
      </trkpt>
      <trkpt lat="-6.596913" lon="106.918403">
        <ele>683</ele>
        <time>2024-06-26T10:56:45.106Z</time>
      </trkpt>
      <trkpt lat="-6.596887" lon="106.918388">
        <ele>683</ele>
        <time>2024-06-26T10:56:51.106Z</time>
      </trkpt>
      <trkpt lat="-6.596802" lon="106.91844">
        <ele>678</ele>
        <time>2024-06-26T10:57:10.106Z</time>
      </trkpt>
      <trkpt lat="-6.596718" lon="106.918472">
        <ele>674</ele>
        <time>2024-06-26T10:57:27.106Z</time>
      </trkpt>
      <trkpt lat="-6.596698" lon="106.918468">
        <ele>674</ele>
        <time>2024-06-26T10:57:31.106Z</time>
      </trkpt>
      <trkpt lat="-6.596673" lon="106.918472">
        <ele>673</ele>
        <time>2024-06-26T10:57:35.106Z</time>
      </trkpt>
      <trkpt lat="-6.596653" lon="106.918492">
        <ele>671</ele>
        <time>2024-06-26T10:57:41.106Z</time>
      </trkpt>
      <trkpt lat="-6.59658" lon="106.918548">
        <ele>666</ele>
        <time>2024-06-26T10:57:58.106Z</time>
      </trkpt>
      <trkpt lat="-6.596565" lon="106.918563">
        <ele>665</ele>
        <time>2024-06-26T10:58:02.106Z</time>
      </trkpt>
      <trkpt lat="-6.596548" lon="106.918573">
        <ele>664</ele>
        <time>2024-06-26T10:58:06.106Z</time>
      </trkpt>
      <trkpt lat="-6.59653" lon="106.918578">
        <ele>663</ele>
        <time>2024-06-26T10:58:09.106Z</time>
      </trkpt>
      <trkpt lat="-6.596493" lon="106.918575">
        <ele>662</ele>
        <time>2024-06-26T10:58:16.106Z</time>
      </trkpt>
      <trkpt lat="-6.596452" lon="106.918557">
        <ele>662</ele>
        <time>2024-06-26T10:58:24.106Z</time>
      </trkpt>
      <trkpt lat="-6.596432" lon="106.918552">
        <ele>661</ele>
        <time>2024-06-26T10:58:28.106Z</time>
      </trkpt>
      <trkpt lat="-6.596415" lon="106.918538">
        <ele>661</ele>
        <time>2024-06-26T10:58:32.106Z</time>
      </trkpt>
      <trkpt lat="-6.596393" lon="106.918532">
        <ele>661</ele>
        <time>2024-06-26T10:58:36.106Z</time>
      </trkpt>
      <trkpt lat="-6.596375" lon="106.918523">
        <ele>660</ele>
        <time>2024-06-26T10:58:40.106Z</time>
      </trkpt>
      <trkpt lat="-6.59634" lon="106.91854">
        <ele>658</ele>
        <time>2024-06-26T10:58:47.106Z</time>
      </trkpt>
      <trkpt lat="-6.596298" lon="106.918538">
        <ele>657</ele>
        <time>2024-06-26T10:58:54.106Z</time>
      </trkpt>
      <trkpt lat="-6.596283" lon="106.918525">
        <ele>657</ele>
        <time>2024-06-26T10:58:58.106Z</time>
      </trkpt>
      <trkpt lat="-6.59626" lon="106.918523">
        <ele>656</ele>
        <time>2024-06-26T10:59:02.106Z</time>
      </trkpt>
      <trkpt lat="-6.596105" lon="106.918535">
        <ele>650</ele>
        <time>2024-06-26T10:59:30.106Z</time>
      </trkpt>
      <trkpt lat="-6.59608" lon="106.918532">
        <ele>650</ele>
        <time>2024-06-26T10:59:35.106Z</time>
      </trkpt>
      <trkpt lat="-6.596042" lon="106.918518">
        <ele>649</ele>
        <time>2024-06-26T10:59:42.106Z</time>
      </trkpt>
      <trkpt lat="-6.596018" lon="106.918517">
        <ele>648</ele>
        <time>2024-06-26T10:59:47.106Z</time>
      </trkpt>
      <trkpt lat="-6.596" lon="106.91851">
        <ele>648</ele>
        <time>2024-06-26T10:59:50.106Z</time>
      </trkpt>
      <trkpt lat="-6.59598" lon="106.918512">
        <ele>647</ele>
        <time>2024-06-26T10:59:54.106Z</time>
      </trkpt>
      <trkpt lat="-6.595955" lon="106.91852">
        <ele>646</ele>
        <time>2024-06-26T10:59:59.106Z</time>
      </trkpt>
      <trkpt lat="-6.595853" lon="106.91856">
        <ele>641</ele>
        <time>2024-06-26T11:00:19.106Z</time>
      </trkpt>
      <trkpt lat="-6.59581" lon="106.918567">
        <ele>639</ele>
        <time>2024-06-26T11:00:27.106Z</time>
      </trkpt>
      <trkpt lat="-6.595787" lon="106.918578">
        <ele>638</ele>
        <time>2024-06-26T11:00:31.106Z</time>
      </trkpt>
      <trkpt lat="-6.595768" lon="106.918583">
        <ele>638</ele>
        <time>2024-06-26T11:00:35.106Z</time>
      </trkpt>
      <trkpt lat="-6.595752" lon="106.918595">
        <ele>637</ele>
        <time>2024-06-26T11:00:38.106Z</time>
      </trkpt>
      <trkpt lat="-6.595735" lon="106.9186">
        <ele>636</ele>
        <time>2024-06-26T11:00:42.106Z</time>
      </trkpt>
      <trkpt lat="-6.595717" lon="106.918617">
        <ele>635</ele>
        <time>2024-06-26T11:00:45.106Z</time>
      </trkpt>
      <trkpt lat="-6.595698" lon="106.918625">
        <ele>635</ele>
        <time>2024-06-26T11:00:48.106Z</time>
      </trkpt>
      <trkpt lat="-6.595677" lon="106.918627">
        <ele>634</ele>
        <time>2024-06-26T11:00:51.106Z</time>
      </trkpt>
      <trkpt lat="-6.59566" lon="106.918635">
        <ele>633</ele>
        <time>2024-06-26T11:00:53.106Z</time>
      </trkpt>
      <trkpt lat="-6.595643" lon="106.91862">
        <ele>633</ele>
        <time>2024-06-26T11:00:56.106Z</time>
      </trkpt>
      <trkpt lat="-6.595633" lon="106.9186">
        <ele>634</ele>
        <time>2024-06-26T11:00:59.106Z</time>
      </trkpt>
      <trkpt lat="-6.595678" lon="106.918528">
        <ele>637</ele>
        <time>2024-06-26T11:01:11.106Z</time>
      </trkpt>
      <trkpt lat="-6.595685" lon="106.91851">
        <ele>638</ele>
        <time>2024-06-26T11:01:13.106Z</time>
      </trkpt>
      <trkpt lat="-6.595715" lon="106.918492">
        <ele>639</ele>
        <time>2024-06-26T11:01:18.106Z</time>
      </trkpt>
      <trkpt lat="-6.595773" lon="106.91842">
        <ele>643</ele>
        <time>2024-06-26T11:01:31.106Z</time>
      </trkpt>
      <trkpt lat="-6.59585" lon="106.918248">
        <ele>646</ele>
        <time>2024-06-26T11:01:56.106Z</time>
      </trkpt>
      <trkpt lat="-6.595848" lon="106.918155">
        <ele>644</ele>
        <time>2024-06-26T11:02:08.106Z</time>
      </trkpt>
      <trkpt lat="-6.595837" lon="106.918122">
        <ele>643</ele>
        <time>2024-06-26T11:02:13.106Z</time>
      </trkpt>
      <trkpt lat="-6.595818" lon="106.918025">
        <ele>641</ele>
        <time>2024-06-26T11:02:26.106Z</time>
      </trkpt>
      <trkpt lat="-6.595817" lon="106.917932">
        <ele>639</ele>
        <time>2024-06-26T11:02:39.106Z</time>
      </trkpt>
      <trkpt lat="-6.59585" lon="106.917845">
        <ele>638</ele>
        <time>2024-06-26T11:02:53.106Z</time>
      </trkpt>
      <trkpt lat="-6.595883" lon="106.917778">
        <ele>638</ele>
        <time>2024-06-26T11:03:04.106Z</time>
      </trkpt>
      <trkpt lat="-6.595897" lon="106.917712">
        <ele>637</ele>
        <time>2024-06-26T11:03:14.106Z</time>
      </trkpt>
      <trkpt lat="-6.595917" lon="106.917675">
        <ele>637</ele>
        <time>2024-06-26T11:03:20.106Z</time>
      </trkpt>
      <trkpt lat="-6.59594" lon="106.917612">
        <ele>636</ele>
        <time>2024-06-26T11:03:29.106Z</time>
      </trkpt>
      <trkpt lat="-6.59594" lon="106.917592">
        <ele>636</ele>
        <time>2024-06-26T11:03:32.106Z</time>
      </trkpt>
      <trkpt lat="-6.59598" lon="106.917473">
        <ele>635</ele>
        <time>2024-06-26T11:03:50.106Z</time>
      </trkpt>
      <trkpt lat="-6.595983" lon="106.917455">
        <ele>634</ele>
        <time>2024-06-26T11:03:53.106Z</time>
      </trkpt>
      <trkpt lat="-6.59598" lon="106.917408">
        <ele>632</ele>
        <time>2024-06-26T11:04:00.106Z</time>
      </trkpt>
      <trkpt lat="-6.595973" lon="106.917387">
        <ele>632</ele>
        <time>2024-06-26T11:04:03.106Z</time>
      </trkpt>
      <trkpt lat="-6.595965" lon="106.917342">
        <ele>630</ele>
        <time>2024-06-26T11:04:10.106Z</time>
      </trkpt>
      <trkpt lat="-6.595962" lon="106.917298">
        <ele>628</ele>
        <time>2024-06-26T11:04:16.106Z</time>
      </trkpt>
      <trkpt lat="-6.595955" lon="106.91728">
        <ele>628</ele>
        <time>2024-06-26T11:04:19.106Z</time>
      </trkpt>
      <trkpt lat="-6.595958" lon="106.917238">
        <ele>626</ele>
        <time>2024-06-26T11:04:25.106Z</time>
      </trkpt>
      <trkpt lat="-6.595942" lon="106.917175">
        <ele>624</ele>
        <time>2024-06-26T11:04:35.106Z</time>
      </trkpt>
      <trkpt lat="-6.595948" lon="106.91715">
        <ele>623</ele>
        <time>2024-06-26T11:04:40.106Z</time>
      </trkpt>
      <trkpt lat="-6.595945" lon="106.917117">
        <ele>622</ele>
        <time>2024-06-26T11:04:45.106Z</time>
      </trkpt>
      <trkpt lat="-6.59597" lon="106.917063">
        <ele>621</ele>
        <time>2024-06-26T11:04:56.106Z</time>
      </trkpt>
      <trkpt lat="-6.596018" lon="106.916987">
        <ele>620</ele>
        <time>2024-06-26T11:05:11.106Z</time>
      </trkpt>
      <trkpt lat="-6.59607" lon="106.916937">
        <ele>621</ele>
        <time>2024-06-26T11:05:24.106Z</time>
      </trkpt>
      <trkpt lat="-6.596073" lon="106.91679">
        <ele>616</ele>
        <time>2024-06-26T11:05:49.106Z</time>
      </trkpt>
      <trkpt lat="-6.596045" lon="106.916703">
        <ele>613</ele>
        <time>2024-06-26T11:06:05.106Z</time>
      </trkpt>
      <trkpt lat="-6.596043" lon="106.916673">
        <ele>612</ele>
        <time>2024-06-26T11:06:10.106Z</time>
      </trkpt>
      <trkpt lat="-6.596047" lon="106.916652">
        <ele>611</ele>
        <time>2024-06-26T11:06:13.106Z</time>
      </trkpt>
      <trkpt lat="-6.596028" lon="106.916593">
        <ele>608</ele>
        <time>2024-06-26T11:06:24.106Z</time>
      </trkpt>
      <trkpt lat="-6.596025" lon="106.916562">
        <ele>607</ele>
        <time>2024-06-26T11:06:29.106Z</time>
      </trkpt>
      <trkpt lat="-6.595973" lon="106.916532">
        <ele>604</ele>
        <time>2024-06-26T11:06:40.106Z</time>
      </trkpt>
      <trkpt lat="-6.595882" lon="106.91651">
        <ele>600</ele>
        <time>2024-06-26T11:06:54.106Z</time>
      </trkpt>
      <trkpt lat="-6.595768" lon="106.916465">
        <ele>596</ele>
        <time>2024-06-26T11:07:11.106Z</time>
      </trkpt>
      <trkpt lat="-6.595628" lon="106.916377">
        <ele>593</ele>
        <time>2024-06-26T11:07:34.106Z</time>
      </trkpt>
      <trkpt lat="-6.595555" lon="106.916322">
        <ele>591</ele>
        <time>2024-06-26T11:07:46.106Z</time>
      </trkpt>
      <trkpt lat="-6.59549" lon="106.91625">
        <ele>590</ele>
        <time>2024-06-26T11:07:59.106Z</time>
      </trkpt>
      <trkpt lat="-6.595453" lon="106.916218">
        <ele>589</ele>
        <time>2024-06-26T11:08:06.106Z</time>
      </trkpt>
      <trkpt lat="-6.595387" lon="106.916193">
        <ele>589</ele>
        <time>2024-06-26T11:08:16.106Z</time>
      </trkpt>
      <trkpt lat="-6.595287" lon="106.916172">
        <ele>589</ele>
        <time>2024-06-26T11:08:30.106Z</time>
      </trkpt>
      <trkpt lat="-6.595238" lon="106.916138">
        <ele>589</ele>
        <time>2024-06-26T11:08:38.106Z</time>
      </trkpt>
      <trkpt lat="-6.595197" lon="106.91612">
        <ele>589</ele>
        <time>2024-06-26T11:08:44.106Z</time>
      </trkpt>
      <trkpt lat="-6.595148" lon="106.916102">
        <ele>589</ele>
        <time>2024-06-26T11:08:51.106Z</time>
      </trkpt>
      <trkpt lat="-6.59512" lon="106.916097">
        <ele>590</ele>
        <time>2024-06-26T11:08:55.106Z</time>
      </trkpt>
      <trkpt lat="-6.595068" lon="106.916077">
        <ele>590</ele>
        <time>2024-06-26T11:09:02.106Z</time>
      </trkpt>
      <trkpt lat="-6.594977" lon="106.916058">
        <ele>590</ele>
        <time>2024-06-26T11:09:15.106Z</time>
      </trkpt>
      <trkpt lat="-6.594883" lon="106.916043">
        <ele>590</ele>
        <time>2024-06-26T11:09:28.106Z</time>
      </trkpt>
      <trkpt lat="-6.59484" lon="106.916017">
        <ele>590</ele>
        <time>2024-06-26T11:09:34.106Z</time>
      </trkpt>
      <trkpt lat="-6.594778" lon="106.915988">
        <ele>591</ele>
        <time>2024-06-26T11:09:44.106Z</time>
      </trkpt>
      <trkpt lat="-6.594763" lon="106.915975">
        <ele>591</ele>
        <time>2024-06-26T11:09:46.106Z</time>
      </trkpt>
      <trkpt lat="-6.59475" lon="106.915957">
        <ele>591</ele>
        <time>2024-06-26T11:09:49.106Z</time>
      </trkpt>
      <trkpt lat="-6.594733" lon="106.915945">
        <ele>591</ele>
        <time>2024-06-26T11:09:52.106Z</time>
      </trkpt>
      <trkpt lat="-6.594707" lon="106.915908">
        <ele>591</ele>
        <time>2024-06-26T11:09:58.106Z</time>
      </trkpt>
      <trkpt lat="-6.594685" lon="106.915865">
        <ele>591</ele>
        <time>2024-06-26T11:10:05.106Z</time>
      </trkpt>
      <trkpt lat="-6.594668" lon="106.915822">
        <ele>592</ele>
        <time>2024-06-26T11:10:11.106Z</time>
      </trkpt>
      <trkpt lat="-6.594668" lon="106.915788">
        <ele>592</ele>
        <time>2024-06-26T11:10:16.106Z</time>
      </trkpt>
      <trkpt lat="-6.594673" lon="106.915743">
        <ele>592</ele>
        <time>2024-06-26T11:10:22.106Z</time>
      </trkpt>
      <trkpt lat="-6.594663" lon="106.9157">
        <ele>593</ele>
        <time>2024-06-26T11:10:28.106Z</time>
      </trkpt>
      <trkpt lat="-6.594667" lon="106.915613">
        <ele>594</ele>
        <time>2024-06-26T11:10:34.106Z</time>
      </trkpt>
      <trkpt lat="-6.59468" lon="106.915572">
        <ele>594</ele>
        <time>2024-06-26T11:10:38.106Z</time>
      </trkpt>
      <trkpt lat="-6.594712" lon="106.915507">
        <ele>594</ele>
        <time>2024-06-26T11:10:43.106Z</time>
      </trkpt>
      <trkpt lat="-6.59475" lon="106.915472">
        <ele>593</ele>
        <time>2024-06-26T11:10:47.106Z</time>
      </trkpt>
      <trkpt lat="-6.594813" lon="106.915398">
        <ele>593</ele>
        <time>2024-06-26T11:10:54.106Z</time>
      </trkpt>
      <trkpt lat="-6.5949" lon="106.915358">
        <ele>591</ele>
        <time>2024-06-26T11:11:01.106Z</time>
      </trkpt>
      <trkpt lat="-6.595068" lon="106.915267">
        <ele>586</ele>
        <time>2024-06-26T11:11:14.106Z</time>
      </trkpt>
      <trkpt lat="-6.595102" lon="106.915177">
        <ele>585</ele>
        <time>2024-06-26T11:11:21.106Z</time>
      </trkpt>
      <trkpt lat="-6.595123" lon="106.914898">
        <ele>584</ele>
        <time>2024-06-26T11:11:55.106Z</time>
      </trkpt>
      <trkpt lat="-6.595145" lon="106.914802">
        <ele>584</ele>
        <time>2024-06-26T11:12:09.106Z</time>
      </trkpt>
      <trkpt lat="-6.595198" lon="106.914722">
        <ele>583</ele>
        <time>2024-06-26T11:12:23.106Z</time>
      </trkpt>
      <trkpt lat="-6.595253" lon="106.914648">
        <ele>581</ele>
        <time>2024-06-26T11:12:36.106Z</time>
      </trkpt>
      <trkpt lat="-6.595325" lon="106.914593">
        <ele>579</ele>
        <time>2024-06-26T11:12:49.106Z</time>
      </trkpt>
      <trkpt lat="-6.595425" lon="106.914588">
        <ele>575</ele>
        <time>2024-06-26T11:13:03.106Z</time>
      </trkpt>
      <trkpt lat="-6.595512" lon="106.914548">
        <ele>571</ele>
        <time>2024-06-26T11:13:17.106Z</time>
      </trkpt>
      <trkpt lat="-6.595597" lon="106.91458">
        <ele>568</ele>
        <time>2024-06-26T11:13:31.106Z</time>
      </trkpt>
      <trkpt lat="-6.595688" lon="106.914543">
        <ele>564</ele>
        <time>2024-06-26T11:13:48.106Z</time>
      </trkpt>
      <trkpt lat="-6.595872" lon="106.914517">
        <ele>558</ele>
        <time>2024-06-26T11:14:19.106Z</time>
      </trkpt>
      <trkpt lat="-6.595885" lon="106.914498">
        <ele>557</ele>
        <time>2024-06-26T11:14:23.106Z</time>
      </trkpt>
      <trkpt lat="-6.595902" lon="106.914485">
        <ele>557</ele>
        <time>2024-06-26T11:14:27.106Z</time>
      </trkpt>
      <trkpt lat="-6.595948" lon="106.914458">
        <ele>555</ele>
        <time>2024-06-26T11:14:36.106Z</time>
      </trkpt>
      <trkpt lat="-6.596005" lon="106.914433">
        <ele>554</ele>
        <time>2024-06-26T11:14:46.106Z</time>
      </trkpt>
      <trkpt lat="-6.596018" lon="106.914415">
        <ele>554</ele>
        <time>2024-06-26T11:14:50.106Z</time>
      </trkpt>
      <trkpt lat="-6.59605" lon="106.91439">
        <ele>553</ele>
        <time>2024-06-26T11:14:57.106Z</time>
      </trkpt>
      <trkpt lat="-6.596063" lon="106.914368">
        <ele>552</ele>
        <time>2024-06-26T11:15:01.106Z</time>
      </trkpt>
      <trkpt lat="-6.59607" lon="106.914348">
        <ele>552</ele>
        <time>2024-06-26T11:15:05.106Z</time>
      </trkpt>
      <trkpt lat="-6.59609" lon="106.914338">
        <ele>551</ele>
        <time>2024-06-26T11:15:09.106Z</time>
      </trkpt>
      <trkpt lat="-6.596105" lon="106.914322">
        <ele>551</ele>
        <time>2024-06-26T11:15:12.106Z</time>
      </trkpt>
      <trkpt lat="-6.596128" lon="106.914245">
        <ele>549</ele>
        <time>2024-06-26T11:15:26.106Z</time>
      </trkpt>
      <trkpt lat="-6.596148" lon="106.91423">
        <ele>549</ele>
        <time>2024-06-26T11:15:30.106Z</time>
      </trkpt>
      <trkpt lat="-6.596235" lon="106.914223">
        <ele>546</ele>
        <time>2024-06-26T11:15:45.106Z</time>
      </trkpt>
      <trkpt lat="-6.596263" lon="106.914195">
        <ele>545</ele>
        <time>2024-06-26T11:15:51.106Z</time>
      </trkpt>
      <trkpt lat="-6.596333" lon="106.914263">
        <ele>544</ele>
        <time>2024-06-26T11:16:06.106Z</time>
      </trkpt>
      <trkpt lat="-6.596413" lon="106.914312">
        <ele>542</ele>
        <time>2024-06-26T11:16:20.106Z</time>
      </trkpt>
      <trkpt lat="-6.596498" lon="106.914282">
        <ele>539</ele>
        <time>2024-06-26T11:16:34.106Z</time>
      </trkpt>
      <trkpt lat="-6.59658" lon="106.914225">
        <ele>536</ele>
        <time>2024-06-26T11:16:49.106Z</time>
      </trkpt>
      <trkpt lat="-6.596658" lon="106.914197">
        <ele>533</ele>
        <time>2024-06-26T11:17:02.106Z</time>
      </trkpt>
      <trkpt lat="-6.59674" lon="106.91424">
        <ele>532</ele>
        <time>2024-06-26T11:17:17.106Z</time>
      </trkpt>
      <trkpt lat="-6.596832" lon="106.914213">
        <ele>530</ele>
        <time>2024-06-26T11:17:31.106Z</time>
      </trkpt>
      <trkpt lat="-6.596818" lon="106.914143">
        <ele>529</ele>
        <time>2024-06-26T11:17:42.106Z</time>
      </trkpt>
      <trkpt lat="-6.59682" lon="106.914032">
        <ele>531</ele>
        <time>2024-06-26T11:17:53.106Z</time>
      </trkpt>
      <trkpt lat="-6.596818" lon="106.913932">
        <ele>532</ele>
        <time>2024-06-26T11:18:02.106Z</time>
      </trkpt>
      <trkpt lat="-6.596852" lon="106.913845">
        <ele>532</ele>
        <time>2024-06-26T11:18:09.106Z</time>
      </trkpt>
      <trkpt lat="-6.596938" lon="106.913807">
        <ele>530</ele>
        <time>2024-06-26T11:18:17.106Z</time>
      </trkpt>
      <trkpt lat="-6.597032" lon="106.913775">
        <ele>528</ele>
        <time>2024-06-26T11:18:26.106Z</time>
      </trkpt>
      <trkpt lat="-6.597152" lon="106.913633">
        <ele>526</ele>
        <time>2024-06-26T11:18:42.106Z</time>
      </trkpt>
      <trkpt lat="-6.597227" lon="106.913562">
        <ele>524</ele>
        <time>2024-06-26T11:18:50.106Z</time>
      </trkpt>
      <trkpt lat="-6.597313" lon="106.913492">
        <ele>522</ele>
        <time>2024-06-26T11:19:04.106Z</time>
      </trkpt>
      <trkpt lat="-6.59738" lon="106.913422">
        <ele>521</ele>
        <time>2024-06-26T11:19:18.106Z</time>
      </trkpt>
      <trkpt lat="-6.597475" lon="106.913432">
        <ele>518</ele>
        <time>2024-06-26T11:19:33.106Z</time>
      </trkpt>
      <trkpt lat="-6.597565" lon="106.913465">
        <ele>515</ele>
        <time>2024-06-26T11:19:47.106Z</time>
      </trkpt>
      <trkpt lat="-6.597648" lon="106.913522">
        <ele>514</ele>
        <time>2024-06-26T11:20:02.106Z</time>
      </trkpt>
      <trkpt lat="-6.597645" lon="106.913425">
        <ele>513</ele>
        <time>2024-06-26T11:20:16.106Z</time>
      </trkpt>
      <trkpt lat="-6.597762" lon="106.913273">
        <ele>510</ele>
        <time>2024-06-26T11:20:44.106Z</time>
      </trkpt>
      <trkpt lat="-6.597853" lon="106.913223">
        <ele>507</ele>
        <time>2024-06-26T11:21:00.106Z</time>
      </trkpt>
      <trkpt lat="-6.597903" lon="106.913133">
        <ele>505</ele>
        <time>2024-06-26T11:21:17.106Z</time>
      </trkpt>
      <trkpt lat="-6.59796" lon="106.913063">
        <ele>503</ele>
        <time>2024-06-26T11:21:32.106Z</time>
      </trkpt>
      <trkpt lat="-6.598048" lon="106.91303">
        <ele>500</ele>
        <time>2024-06-26T11:21:47.106Z</time>
      </trkpt>
      <trkpt lat="-6.598122" lon="106.913085">
        <ele>498</ele>
        <time>2024-06-26T11:22:02.106Z</time>
      </trkpt>
      <trkpt lat="-6.59821" lon="106.913048">
        <ele>495</ele>
        <time>2024-06-26T11:22:18.106Z</time>
      </trkpt>
      <trkpt lat="-6.598302" lon="106.913037">
        <ele>492</ele>
        <time>2024-06-26T11:22:33.106Z</time>
      </trkpt>
      <trkpt lat="-6.598397" lon="106.913017">
        <ele>490</ele>
        <time>2024-06-26T11:22:49.106Z</time>
      </trkpt>
      <trkpt lat="-6.598508" lon="106.912878">
        <ele>486</ele>
        <time>2024-06-26T11:23:19.106Z</time>
      </trkpt>
      <trkpt lat="-6.598583" lon="106.912815">
        <ele>483</ele>
        <time>2024-06-26T11:23:36.106Z</time>
      </trkpt>
      <trkpt lat="-6.598675" lon="106.912783">
        <ele>481</ele>
        <time>2024-06-26T11:23:52.106Z</time>
      </trkpt>
      <trkpt lat="-6.598753" lon="106.912732">
        <ele>478</ele>
        <time>2024-06-26T11:24:09.106Z</time>
      </trkpt>
      <trkpt lat="-6.598833" lon="106.912687">
        <ele>475</ele>
        <time>2024-06-26T11:24:24.106Z</time>
      </trkpt>
      <trkpt lat="-6.598882" lon="106.912683">
        <ele>473</ele>
        <time>2024-06-26T11:24:33.106Z</time>
      </trkpt>
      <trkpt lat="-6.598918" lon="106.912665">
        <ele>472</ele>
        <time>2024-06-26T11:24:40.106Z</time>
      </trkpt>
      <trkpt lat="-6.598945" lon="106.912622">
        <ele>470</ele>
        <time>2024-06-26T11:24:49.106Z</time>
      </trkpt>
      <trkpt lat="-6.59896" lon="106.912607">
        <ele>470</ele>
        <time>2024-06-26T11:24:52.106Z</time>
      </trkpt>
      <trkpt lat="-6.599037" lon="106.91255">
        <ele>466</ele>
        <time>2024-06-26T11:25:09.106Z</time>
      </trkpt>
      <trkpt lat="-6.59907" lon="106.912517">
        <ele>464</ele>
        <time>2024-06-26T11:25:17.106Z</time>
      </trkpt>
      <trkpt lat="-6.599095" lon="106.912475">
        <ele>463</ele>
        <time>2024-06-26T11:25:25.106Z</time>
      </trkpt>
      <trkpt lat="-6.599158" lon="106.912402">
        <ele>461</ele>
        <time>2024-06-26T11:25:33.106Z</time>
      </trkpt>
      <trkpt lat="-6.599247" lon="106.912353">
        <ele>460</ele>
        <time>2024-06-26T11:25:40.106Z</time>
      </trkpt>
      <trkpt lat="-6.599342" lon="106.912323">
        <ele>460</ele>
        <time>2024-06-26T11:25:48.106Z</time>
      </trkpt>
      <trkpt lat="-6.59942" lon="106.912255">
        <ele>459</ele>
        <time>2024-06-26T11:25:55.106Z</time>
      </trkpt>
      <trkpt lat="-6.599457" lon="106.912153">
        <ele>457</ele>
        <time>2024-06-26T11:26:03.106Z</time>
      </trkpt>
      <trkpt lat="-6.599483" lon="106.912062">
        <ele>456</ele>
        <time>2024-06-26T11:26:10.106Z</time>
      </trkpt>
      <trkpt lat="-6.599502" lon="106.911973">
        <ele>454</ele>
        <time>2024-06-26T11:26:16.106Z</time>
      </trkpt>
      <trkpt lat="-6.599482" lon="106.911877">
        <ele>454</ele>
        <time>2024-06-26T11:26:23.106Z</time>
      </trkpt>
      <trkpt lat="-6.59942" lon="106.9118">
        <ele>454</ele>
        <time>2024-06-26T11:26:32.106Z</time>
      </trkpt>
      <trkpt lat="-6.599353" lon="106.911738">
        <ele>455</ele>
        <time>2024-06-26T11:26:40.106Z</time>
      </trkpt>
      <trkpt lat="-6.599305" lon="106.911662">
        <ele>456</ele>
        <time>2024-06-26T11:26:48.106Z</time>
      </trkpt>
      <trkpt lat="-6.599363" lon="106.911583">
        <ele>455</ele>
        <time>2024-06-26T11:26:57.106Z</time>
      </trkpt>
      <trkpt lat="-6.599433" lon="106.911515">
        <ele>453</ele>
        <time>2024-06-26T11:27:06.106Z</time>
      </trkpt>
      <trkpt lat="-6.599513" lon="106.911472">
        <ele>451</ele>
        <time>2024-06-26T11:27:14.106Z</time>
      </trkpt>
      <trkpt lat="-6.599548" lon="106.911387">
        <ele>451</ele>
        <time>2024-06-26T11:27:23.106Z</time>
      </trkpt>
      <trkpt lat="-6.599532" lon="106.911297">
        <ele>451</ele>
        <time>2024-06-26T11:27:31.106Z</time>
      </trkpt>
      <trkpt lat="-6.599553" lon="106.911197">
        <ele>451</ele>
        <time>2024-06-26T11:27:41.106Z</time>
      </trkpt>
      <trkpt lat="-6.599602" lon="106.911117">
        <ele>450</ele>
        <time>2024-06-26T11:27:55.106Z</time>
      </trkpt>
      <trkpt lat="-6.599648" lon="106.911022">
        <ele>448</ele>
        <time>2024-06-26T11:28:11.106Z</time>
      </trkpt>
      <trkpt lat="-6.599777" lon="106.910872">
        <ele>444</ele>
        <time>2024-06-26T11:28:41.106Z</time>
      </trkpt>
      <trkpt lat="-6.599832" lon="106.9108">
        <ele>441</ele>
        <time>2024-06-26T11:28:55.106Z</time>
      </trkpt>
      <trkpt lat="-6.59986" lon="106.910713">
        <ele>440</ele>
        <time>2024-06-26T11:29:09.106Z</time>
      </trkpt>
      <trkpt lat="-6.599895" lon="106.910628">
        <ele>438</ele>
        <time>2024-06-26T11:29:22.106Z</time>
      </trkpt>
      <trkpt lat="-6.60001" lon="106.91047">
        <ele>433</ele>
        <time>2024-06-26T11:29:52.106Z</time>
      </trkpt>
      <trkpt lat="-6.60009" lon="106.910412">
        <ele>430</ele>
        <time>2024-06-26T11:30:07.106Z</time>
      </trkpt>
      <trkpt lat="-6.60016" lon="106.91034">
        <ele>428</ele>
        <time>2024-06-26T11:30:23.106Z</time>
      </trkpt>
      <trkpt lat="-6.600205" lon="106.910255">
        <ele>427</ele>
        <time>2024-06-26T11:30:38.106Z</time>
      </trkpt>
      <trkpt lat="-6.60029" lon="106.910203">
        <ele>424</ele>
        <time>2024-06-26T11:30:53.106Z</time>
      </trkpt>
      <trkpt lat="-6.600343" lon="106.910128">
        <ele>422</ele>
        <time>2024-06-26T11:31:07.106Z</time>
      </trkpt>
      <trkpt lat="-6.600422" lon="106.910072">
        <ele>420</ele>
        <time>2024-06-26T11:31:22.106Z</time>
      </trkpt>
      <trkpt lat="-6.600522" lon="106.910062">
        <ele>417</ele>
        <time>2024-06-26T11:31:38.106Z</time>
      </trkpt>
      <trkpt lat="-6.600588" lon="106.909983">
        <ele>415</ele>
        <time>2024-06-26T11:31:50.106Z</time>
      </trkpt>
      <trkpt lat="-6.600577" lon="106.909882">
        <ele>414</ele>
        <time>2024-06-26T11:31:59.106Z</time>
      </trkpt>
      <trkpt lat="-6.60053" lon="106.90979">
        <ele>415</ele>
        <time>2024-06-26T11:32:08.106Z</time>
      </trkpt>
      <trkpt lat="-6.600493" lon="106.909695">
        <ele>415</ele>
        <time>2024-06-26T11:32:16.106Z</time>
      </trkpt>
      <trkpt lat="-6.600472" lon="106.909595">
        <ele>415</ele>
        <time>2024-06-26T11:32:25.106Z</time>
      </trkpt>
      <trkpt lat="-6.600468" lon="106.9095">
        <ele>414</ele>
        <time>2024-06-26T11:32:33.106Z</time>
      </trkpt>
      <trkpt lat="-6.600488" lon="106.909407">
        <ele>413</ele>
        <time>2024-06-26T11:32:41.106Z</time>
      </trkpt>
      <trkpt lat="-6.600463" lon="106.909307">
        <ele>413</ele>
        <time>2024-06-26T11:32:50.106Z</time>
      </trkpt>
      <trkpt lat="-6.60051" lon="106.909215">
        <ele>411</ele>
        <time>2024-06-26T11:33:01.106Z</time>
      </trkpt>
      <trkpt lat="-6.600485" lon="106.909117">
        <ele>410</ele>
        <time>2024-06-26T11:33:15.106Z</time>
      </trkpt>
      <trkpt lat="-6.600498" lon="106.90909">
        <ele>410</ele>
        <time>2024-06-26T11:33:20.106Z</time>
      </trkpt>
      <trkpt lat="-6.600578" lon="106.909047">
        <ele>407</ele>
        <time>2024-06-26T11:33:33.106Z</time>
      </trkpt>
      <trkpt lat="-6.600645" lon="106.908978">
        <ele>405</ele>
        <time>2024-06-26T11:33:47.106Z</time>
      </trkpt>
      <trkpt lat="-6.600745" lon="106.908953">
        <ele>402</ele>
        <time>2024-06-26T11:34:02.106Z</time>
      </trkpt>
      <trkpt lat="-6.600898" lon="106.908713">
        <ele>397</ele>
        <time>2024-06-26T11:34:43.106Z</time>
      </trkpt>
      <trkpt lat="-6.600923" lon="106.908618">
        <ele>396</ele>
        <time>2024-06-26T11:34:55.106Z</time>
      </trkpt>
      <trkpt lat="-6.600983" lon="106.90855">
        <ele>394</ele>
        <time>2024-06-26T11:35:02.106Z</time>
      </trkpt>
      <trkpt lat="-6.601062" lon="106.90837">
        <ele>391</ele>
        <time>2024-06-26T11:35:16.106Z</time>
      </trkpt>
      <trkpt lat="-6.601118" lon="106.908292">
        <ele>390</ele>
        <time>2024-06-26T11:35:23.106Z</time>
      </trkpt>
      <trkpt lat="-6.601135" lon="106.908235">
        <ele>389</ele>
        <time>2024-06-26T11:35:27.106Z</time>
      </trkpt>
      <trkpt lat="-6.601175" lon="106.908138">
        <ele>388</ele>
        <time>2024-06-26T11:35:35.106Z</time>
      </trkpt>
      <trkpt lat="-6.601153" lon="106.908042">
        <ele>388</ele>
        <time>2024-06-26T11:35:42.106Z</time>
      </trkpt>
      <trkpt lat="-6.601127" lon="106.907947">
        <ele>387</ele>
        <time>2024-06-26T11:35:49.106Z</time>
      </trkpt>
      <trkpt lat="-6.601123" lon="106.907852">
        <ele>386</ele>
        <time>2024-06-26T11:35:57.106Z</time>
      </trkpt>
      <trkpt lat="-6.601173" lon="106.907762">
        <ele>385</ele>
        <time>2024-06-26T11:36:06.106Z</time>
      </trkpt>
      <trkpt lat="-6.601162" lon="106.907658">
        <ele>384</ele>
        <time>2024-06-26T11:36:14.106Z</time>
      </trkpt>
      <trkpt lat="-6.601125" lon="106.907562">
        <ele>384</ele>
        <time>2024-06-26T11:36:23.106Z</time>
      </trkpt>
      <trkpt lat="-6.601073" lon="106.907477">
        <ele>384</ele>
        <time>2024-06-26T11:36:32.106Z</time>
      </trkpt>
      <trkpt lat="-6.601007" lon="106.907412">
        <ele>384</ele>
        <time>2024-06-26T11:36:39.106Z</time>
      </trkpt>
      <trkpt lat="-6.60097" lon="106.907322">
        <ele>383</ele>
        <time>2024-06-26T11:36:48.106Z</time>
      </trkpt>
      <trkpt lat="-6.6008894" lon="106.906826">
        <ele>379</ele>
        <time>2024-06-26T11:37:35.106Z</time>
      </trkpt>
      <trkpt lat="-6.6009626" lon="106.9067805">
        <ele>379</ele>
        <time>2024-06-26T11:37:44.106Z</time>
      </trkpt>
      <trkpt lat="-6.6009536" lon="106.9066698">
        <ele>378</ele>
        <time>2024-06-26T11:37:55.106Z</time>
      </trkpt>
      <trkpt lat="-6.600869" lon="106.906531">
        <ele>377</ele>
        <time>2024-06-26T11:38:11.106Z</time>
      </trkpt>
      <trkpt lat="-6.6008346" lon="106.9064884">
        <ele>377</ele>
        <time>2024-06-26T11:38:17.106Z</time>
      </trkpt>
    </trkseg>
  </trk>
</gpx>
