<?xml version="1.0" encoding="UTF-8"?>
<gpx creator="www.plotaroute.com" version="1.1" schemaLocation="http://www.topografix.com/GPX/1/1 http://www.topografix.com/GPX/1/1/gpx.xsd" xmlns="http://www.topografix.com/GPX/1/1" xmlns:xsi="http://www.w3.org/2001/XMLSchema-instance" xsi:schemaLocation="http://www.topografix.com/GPX/1/1 http://www.topografix.com/GPX/1/1/gpx.xsd http://www.garmin.com/xmlschemas/GpxExtensions/v3 http://www.garmin.com/xmlschemas/GpxExtensionsv3.xsd http://www.garmin.com/xmlschemas/TrackPointExtension/v1 http://www.garmin.com/xmlschemas/TrackPointExtensionv1.xsd http://www.garmin.com/xmlschemas/PowerExtension/v1 http://www.garmin.com/xmlschemas/PowerExtensionv1.xsd http://www.topografix.com/GPX/gpx_style/0/2 http://www.topografix.com/GPX/gpx_style/0/2/gpx_style.xsd" xmlns:gpxtpx="http://www.garmin.com/xmlschemas/TrackPointExtension/v1" xmlns:gpxx="http://www.garmin.com/xmlschemas/GpxExtensions/v3" xmlns:gpxpx="http://www.garmin.com/xmlschemas/PowerExtension/v1" xmlns:gpx_style="http://www.topografix.com/GPX/gpx_style/0/2">
  <metadata>
    <name>50K_LS</name>
    <desc>Route created on plotaroute.com</desc>
    <author>
      <name>gpx.studio</name>
      <link href="https://gpx.studio"/>
    </author>
  </metadata>
  <wpt lat="-6.6008346" lon="106.9064884">
    <time>2024-06-26T03:05:44.000Z</time>
    <name>FINISH</name>
    <cmt>FINISH</cmt>
    <desc>FINISH</desc>
    <sym>Flag, Blue</sym>
    <type>Waypoint</type>
  </wpt>
  <trk>
    <name>50K_LS</name>
    <trkseg>
      <trkpt lat="-6.600752" lon="106.906432">
        <ele>377</ele>
        <time>2024-06-26T00:00:00.000Z</time>
      </trkpt>
      <trkpt lat="-6.600782" lon="106.906463">
        <ele>377</ele>
        <time>2024-06-26T00:00:06.000Z</time>
      </trkpt>
      <trkpt lat="-6.6008" lon="106.906477">
        <ele>377</ele>
        <time>2024-06-26T00:00:09.000Z</time>
      </trkpt>
      <trkpt lat="-6.60081" lon="106.906502">
        <ele>377</ele>
        <time>2024-06-26T00:00:13.000Z</time>
      </trkpt>
      <trkpt lat="-6.600827" lon="106.906572">
        <ele>377</ele>
        <time>2024-06-26T00:00:23.000Z</time>
      </trkpt>
      <trkpt lat="-6.600843" lon="106.906592">
        <ele>377</ele>
        <time>2024-06-26T00:00:27.000Z</time>
      </trkpt>
      <trkpt lat="-6.600847" lon="106.90661">
        <ele>377</ele>
        <time>2024-06-26T00:00:29.000Z</time>
      </trkpt>
      <trkpt lat="-6.60086" lon="106.90663">
        <ele>378</ele>
        <time>2024-06-26T00:00:33.000Z</time>
      </trkpt>
      <trkpt lat="-6.600867" lon="106.906648">
        <ele>378</ele>
        <time>2024-06-26T00:00:36.000Z</time>
      </trkpt>
      <trkpt lat="-6.600888" lon="106.906662">
        <ele>378</ele>
        <time>2024-06-26T00:00:39.000Z</time>
      </trkpt>
      <trkpt lat="-6.600913" lon="106.906668">
        <ele>378</ele>
        <time>2024-06-26T00:00:43.000Z</time>
      </trkpt>
      <trkpt lat="-6.600925" lon="106.906687">
        <ele>378</ele>
        <time>2024-06-26T00:00:46.000Z</time>
      </trkpt>
      <trkpt lat="-6.600933" lon="106.906707">
        <ele>378</ele>
        <time>2024-06-26T00:00:49.000Z</time>
      </trkpt>
      <trkpt lat="-6.600952" lon="106.906732">
        <ele>378</ele>
        <time>2024-06-26T00:00:54.000Z</time>
      </trkpt>
      <trkpt lat="-6.600968" lon="106.906745">
        <ele>378</ele>
        <time>2024-06-26T00:00:57.000Z</time>
      </trkpt>
      <trkpt lat="-6.600972" lon="106.90677">
        <ele>378</ele>
        <time>2024-06-26T00:01:00.000Z</time>
      </trkpt>
      <trkpt lat="-6.60096" lon="106.90679">
        <ele>379</ele>
        <time>2024-06-26T00:01:04.000Z</time>
      </trkpt>
      <trkpt lat="-6.600957" lon="106.906828">
        <ele>379</ele>
        <time>2024-06-26T00:01:09.000Z</time>
      </trkpt>
      <trkpt lat="-6.600932" lon="106.906867">
        <ele>379</ele>
        <time>2024-06-26T00:01:16.000Z</time>
      </trkpt>
      <trkpt lat="-6.60092" lon="106.90693">
        <ele>380</ele>
        <time>2024-06-26T00:01:25.000Z</time>
      </trkpt>
      <trkpt lat="-6.60092" lon="106.90695">
        <ele>380</ele>
        <time>2024-06-26T00:01:28.000Z</time>
      </trkpt>
      <trkpt lat="-6.600933" lon="106.90702">
        <ele>381</ele>
        <time>2024-06-26T00:01:38.000Z</time>
      </trkpt>
      <trkpt lat="-6.60095" lon="106.907065">
        <ele>381</ele>
        <time>2024-06-26T00:01:45.000Z</time>
      </trkpt>
      <trkpt lat="-6.600952" lon="106.90711">
        <ele>382</ele>
        <time>2024-06-26T00:01:52.000Z</time>
      </trkpt>
      <trkpt lat="-6.600958" lon="106.907135">
        <ele>382</ele>
        <time>2024-06-26T00:01:55.000Z</time>
      </trkpt>
      <trkpt lat="-6.600957" lon="106.907232">
        <ele>383</ele>
        <time>2024-06-26T00:02:09.000Z</time>
      </trkpt>
      <trkpt lat="-6.600943" lon="106.907257">
        <ele>383</ele>
        <time>2024-06-26T00:02:13.000Z</time>
      </trkpt>
      <trkpt lat="-6.600932" lon="106.907302">
        <ele>383</ele>
        <time>2024-06-26T00:02:20.000Z</time>
      </trkpt>
      <trkpt lat="-6.60093" lon="106.907327">
        <ele>384</ele>
        <time>2024-06-26T00:02:23.000Z</time>
      </trkpt>
      <trkpt lat="-6.600937" lon="106.907365">
        <ele>384</ele>
        <time>2024-06-26T00:02:29.000Z</time>
      </trkpt>
      <trkpt lat="-6.60098" lon="106.907403">
        <ele>384</ele>
        <time>2024-06-26T00:02:37.000Z</time>
      </trkpt>
      <trkpt lat="-6.600995" lon="106.907423">
        <ele>384</ele>
        <time>2024-06-26T00:02:41.000Z</time>
      </trkpt>
      <trkpt lat="-6.601012" lon="106.907475">
        <ele>384</ele>
        <time>2024-06-26T00:02:49.000Z</time>
      </trkpt>
      <trkpt lat="-6.601035" lon="106.907525">
        <ele>385</ele>
        <time>2024-06-26T00:02:57.000Z</time>
      </trkpt>
      <trkpt lat="-6.601052" lon="106.907545">
        <ele>385</ele>
        <time>2024-06-26T00:03:00.000Z</time>
      </trkpt>
      <trkpt lat="-6.601062" lon="106.907583">
        <ele>385</ele>
        <time>2024-06-26T00:03:06.000Z</time>
      </trkpt>
      <trkpt lat="-6.601072" lon="106.907602">
        <ele>385</ele>
        <time>2024-06-26T00:03:09.000Z</time>
      </trkpt>
      <trkpt lat="-6.601088" lon="106.907615">
        <ele>385</ele>
        <time>2024-06-26T00:03:12.000Z</time>
      </trkpt>
      <trkpt lat="-6.601102" lon="106.90764">
        <ele>385</ele>
        <time>2024-06-26T00:03:16.000Z</time>
      </trkpt>
      <trkpt lat="-6.601102" lon="106.90766">
        <ele>385</ele>
        <time>2024-06-26T00:03:19.000Z</time>
      </trkpt>
      <trkpt lat="-6.601127" lon="106.90773">
        <ele>385</ele>
        <time>2024-06-26T00:03:30.000Z</time>
      </trkpt>
      <trkpt lat="-6.60112" lon="106.9078">
        <ele>386</ele>
        <time>2024-06-26T00:03:40.000Z</time>
      </trkpt>
      <trkpt lat="-6.60111" lon="106.90782">
        <ele>386</ele>
        <time>2024-06-26T00:03:43.000Z</time>
      </trkpt>
      <trkpt lat="-6.601078" lon="106.907852">
        <ele>387</ele>
        <time>2024-06-26T00:03:49.000Z</time>
      </trkpt>
      <trkpt lat="-6.601072" lon="106.907872">
        <ele>387</ele>
        <time>2024-06-26T00:03:52.000Z</time>
      </trkpt>
      <trkpt lat="-6.601072" lon="106.90789">
        <ele>387</ele>
        <time>2024-06-26T00:03:56.000Z</time>
      </trkpt>
      <trkpt lat="-6.60106" lon="106.907928">
        <ele>388</ele>
        <time>2024-06-26T00:04:03.000Z</time>
      </trkpt>
      <trkpt lat="-6.60106" lon="106.907948">
        <ele>388</ele>
        <time>2024-06-26T00:04:06.000Z</time>
      </trkpt>
      <trkpt lat="-6.601068" lon="106.907973">
        <ele>388</ele>
        <time>2024-06-26T00:04:11.000Z</time>
      </trkpt>
      <trkpt lat="-6.601082" lon="106.908">
        <ele>388</ele>
        <time>2024-06-26T00:04:16.000Z</time>
      </trkpt>
      <trkpt lat="-6.601102" lon="106.908057">
        <ele>388</ele>
        <time>2024-06-26T00:04:27.000Z</time>
      </trkpt>
      <trkpt lat="-6.6011" lon="106.908127">
        <ele>389</ele>
        <time>2024-06-26T00:04:40.000Z</time>
      </trkpt>
      <trkpt lat="-6.601092" lon="106.908147">
        <ele>389</ele>
        <time>2024-06-26T00:04:44.000Z</time>
      </trkpt>
      <trkpt lat="-6.601098" lon="106.908165">
        <ele>389</ele>
        <time>2024-06-26T00:04:47.000Z</time>
      </trkpt>
      <trkpt lat="-6.601085" lon="106.908223">
        <ele>390</ele>
        <time>2024-06-26T00:04:58.000Z</time>
      </trkpt>
      <trkpt lat="-6.601065" lon="106.908237">
        <ele>390</ele>
        <time>2024-06-26T00:05:02.000Z</time>
      </trkpt>
      <trkpt lat="-6.601048" lon="106.908255">
        <ele>391</ele>
        <time>2024-06-26T00:05:06.000Z</time>
      </trkpt>
      <trkpt lat="-6.601032" lon="106.90828">
        <ele>391</ele>
        <time>2024-06-26T00:05:12.000Z</time>
      </trkpt>
      <trkpt lat="-6.601022" lon="106.908307">
        <ele>391</ele>
        <time>2024-06-26T00:05:17.000Z</time>
      </trkpt>
      <trkpt lat="-6.601008" lon="106.908325">
        <ele>392</ele>
        <time>2024-06-26T00:05:21.000Z</time>
      </trkpt>
      <trkpt lat="-6.60099" lon="106.908332">
        <ele>392</ele>
        <time>2024-06-26T00:05:24.000Z</time>
      </trkpt>
      <trkpt lat="-6.600972" lon="106.908383">
        <ele>393</ele>
        <time>2024-06-26T00:05:34.000Z</time>
      </trkpt>
      <trkpt lat="-6.600963" lon="106.908422">
        <ele>393</ele>
        <time>2024-06-26T00:05:41.000Z</time>
      </trkpt>
      <trkpt lat="-6.600968" lon="106.90846">
        <ele>393</ele>
        <time>2024-06-26T00:05:48.000Z</time>
      </trkpt>
      <trkpt lat="-6.600943" lon="106.908518">
        <ele>394</ele>
        <time>2024-06-26T00:05:59.000Z</time>
      </trkpt>
      <trkpt lat="-6.600933" lon="106.908537">
        <ele>395</ele>
        <time>2024-06-26T00:06:03.000Z</time>
      </trkpt>
      <trkpt lat="-6.600917" lon="106.908557">
        <ele>395</ele>
        <time>2024-06-26T00:06:08.000Z</time>
      </trkpt>
      <trkpt lat="-6.6009" lon="106.908568">
        <ele>395</ele>
        <time>2024-06-26T00:06:11.000Z</time>
      </trkpt>
      <trkpt lat="-6.600863" lon="106.908607">
        <ele>396</ele>
        <time>2024-06-26T00:06:22.000Z</time>
      </trkpt>
      <trkpt lat="-6.60085" lon="106.908645">
        <ele>397</ele>
        <time>2024-06-26T00:06:32.000Z</time>
      </trkpt>
      <trkpt lat="-6.600843" lon="106.908683">
        <ele>397</ele>
        <time>2024-06-26T00:06:42.000Z</time>
      </trkpt>
      <trkpt lat="-6.60083" lon="106.908703">
        <ele>398</ele>
        <time>2024-06-26T00:06:48.000Z</time>
      </trkpt>
      <trkpt lat="-6.60081" lon="106.908703">
        <ele>398</ele>
        <time>2024-06-26T00:06:53.000Z</time>
      </trkpt>
      <trkpt lat="-6.600807" lon="106.908722">
        <ele>398</ele>
        <time>2024-06-26T00:06:57.000Z</time>
      </trkpt>
      <trkpt lat="-6.600797" lon="106.908742">
        <ele>399</ele>
        <time>2024-06-26T00:07:03.000Z</time>
      </trkpt>
      <trkpt lat="-6.600767" lon="106.908773">
        <ele>400</ele>
        <time>2024-06-26T00:07:14.000Z</time>
      </trkpt>
      <trkpt lat="-6.60076" lon="106.908793">
        <ele>400</ele>
        <time>2024-06-26T00:07:19.000Z</time>
      </trkpt>
      <trkpt lat="-6.600747" lon="106.908812">
        <ele>401</ele>
        <time>2024-06-26T00:07:25.000Z</time>
      </trkpt>
      <trkpt lat="-6.600728" lon="106.908812">
        <ele>401</ele>
        <time>2024-06-26T00:07:29.000Z</time>
      </trkpt>
      <trkpt lat="-6.600712" lon="106.908825">
        <ele>402</ele>
        <time>2024-06-26T00:07:35.000Z</time>
      </trkpt>
      <trkpt lat="-6.600688" lon="106.908825">
        <ele>402</ele>
        <time>2024-06-26T00:07:41.000Z</time>
      </trkpt>
      <trkpt lat="-6.600665" lon="106.908838">
        <ele>403</ele>
        <time>2024-06-26T00:07:47.000Z</time>
      </trkpt>
      <trkpt lat="-6.600628" lon="106.908882">
        <ele>404</ele>
        <time>2024-06-26T00:08:01.000Z</time>
      </trkpt>
      <trkpt lat="-6.600615" lon="106.908902">
        <ele>405</ele>
        <time>2024-06-26T00:08:07.000Z</time>
      </trkpt>
      <trkpt lat="-6.600608" lon="106.90892">
        <ele>405</ele>
        <time>2024-06-26T00:08:12.000Z</time>
      </trkpt>
      <trkpt lat="-6.600588" lon="106.908933">
        <ele>406</ele>
        <time>2024-06-26T00:08:18.000Z</time>
      </trkpt>
      <trkpt lat="-6.600567" lon="106.90894">
        <ele>406</ele>
        <time>2024-06-26T00:08:24.000Z</time>
      </trkpt>
      <trkpt lat="-6.600543" lon="106.908953">
        <ele>407</ele>
        <time>2024-06-26T00:08:31.000Z</time>
      </trkpt>
      <trkpt lat="-6.600507" lon="106.908978">
        <ele>408</ele>
        <time>2024-06-26T00:08:41.000Z</time>
      </trkpt>
      <trkpt lat="-6.6005" lon="106.908998">
        <ele>409</ele>
        <time>2024-06-26T00:08:47.000Z</time>
      </trkpt>
      <trkpt lat="-6.600483" lon="106.90901">
        <ele>409</ele>
        <time>2024-06-26T00:08:52.000Z</time>
      </trkpt>
      <trkpt lat="-6.600473" lon="106.909037">
        <ele>410</ele>
        <time>2024-06-26T00:08:59.000Z</time>
      </trkpt>
      <trkpt lat="-6.600462" lon="106.909055">
        <ele>410</ele>
        <time>2024-06-26T00:09:04.000Z</time>
      </trkpt>
      <trkpt lat="-6.600442" lon="106.909055">
        <ele>411</ele>
        <time>2024-06-26T00:09:09.000Z</time>
      </trkpt>
      <trkpt lat="-6.600427" lon="106.909075">
        <ele>411</ele>
        <time>2024-06-26T00:09:16.000Z</time>
      </trkpt>
      <trkpt lat="-6.600428" lon="106.909113">
        <ele>412</ele>
        <time>2024-06-26T00:09:25.000Z</time>
      </trkpt>
      <trkpt lat="-6.600417" lon="106.909132">
        <ele>412</ele>
        <time>2024-06-26T00:09:30.000Z</time>
      </trkpt>
      <trkpt lat="-6.60041" lon="106.909152">
        <ele>413</ele>
        <time>2024-06-26T00:09:36.000Z</time>
      </trkpt>
      <trkpt lat="-6.600407" lon="106.909215">
        <ele>413</ele>
        <time>2024-06-26T00:09:46.000Z</time>
      </trkpt>
      <trkpt lat="-6.600402" lon="106.909235">
        <ele>413</ele>
        <time>2024-06-26T00:09:48.000Z</time>
      </trkpt>
      <trkpt lat="-6.600392" lon="106.909253">
        <ele>414</ele>
        <time>2024-06-26T00:09:51.000Z</time>
      </trkpt>
      <trkpt lat="-6.600388" lon="106.909273">
        <ele>414</ele>
        <time>2024-06-26T00:09:54.000Z</time>
      </trkpt>
      <trkpt lat="-6.6004" lon="106.909337">
        <ele>414</ele>
        <time>2024-06-26T00:10:02.000Z</time>
      </trkpt>
      <trkpt lat="-6.600395" lon="106.909357">
        <ele>415</ele>
        <time>2024-06-26T00:10:04.000Z</time>
      </trkpt>
      <trkpt lat="-6.600407" lon="106.909395">
        <ele>415</ele>
        <time>2024-06-26T00:10:09.000Z</time>
      </trkpt>
      <trkpt lat="-6.60042" lon="106.909407">
        <ele>414</ele>
        <time>2024-06-26T00:10:12.000Z</time>
      </trkpt>
      <trkpt lat="-6.600427" lon="106.909433">
        <ele>414</ele>
        <time>2024-06-26T00:10:15.000Z</time>
      </trkpt>
      <trkpt lat="-6.600423" lon="106.909452">
        <ele>415</ele>
        <time>2024-06-26T00:10:17.000Z</time>
      </trkpt>
      <trkpt lat="-6.600422" lon="106.90951">
        <ele>415</ele>
        <time>2024-06-26T00:10:25.000Z</time>
      </trkpt>
      <trkpt lat="-6.600442" lon="106.909548">
        <ele>415</ele>
        <time>2024-06-26T00:10:30.000Z</time>
      </trkpt>
      <trkpt lat="-6.600443" lon="106.909567">
        <ele>415</ele>
        <time>2024-06-26T00:10:33.000Z</time>
      </trkpt>
      <trkpt lat="-6.60045" lon="106.909593">
        <ele>415</ele>
        <time>2024-06-26T00:10:36.000Z</time>
      </trkpt>
      <trkpt lat="-6.600442" lon="106.909618">
        <ele>416</ele>
        <time>2024-06-26T00:10:39.000Z</time>
      </trkpt>
      <trkpt lat="-6.600447" lon="106.909643">
        <ele>416</ele>
        <time>2024-06-26T00:10:42.000Z</time>
      </trkpt>
      <trkpt lat="-6.600443" lon="106.90967">
        <ele>416</ele>
        <time>2024-06-26T00:10:46.000Z</time>
      </trkpt>
      <trkpt lat="-6.600452" lon="106.909695">
        <ele>416</ele>
        <time>2024-06-26T00:10:49.000Z</time>
      </trkpt>
      <trkpt lat="-6.600473" lon="106.909733">
        <ele>416</ele>
        <time>2024-06-26T00:10:55.000Z</time>
      </trkpt>
      <trkpt lat="-6.600487" lon="106.909772">
        <ele>416</ele>
        <time>2024-06-26T00:11:00.000Z</time>
      </trkpt>
      <trkpt lat="-6.60049" lon="106.909792">
        <ele>416</ele>
        <time>2024-06-26T00:11:02.000Z</time>
      </trkpt>
      <trkpt lat="-6.600508" lon="106.909837">
        <ele>416</ele>
        <time>2024-06-26T00:11:09.000Z</time>
      </trkpt>
      <trkpt lat="-6.600538" lon="106.909868">
        <ele>415</ele>
        <time>2024-06-26T00:11:14.000Z</time>
      </trkpt>
      <trkpt lat="-6.600548" lon="106.909907">
        <ele>415</ele>
        <time>2024-06-26T00:11:19.000Z</time>
      </trkpt>
      <trkpt lat="-6.600543" lon="106.909925">
        <ele>416</ele>
        <time>2024-06-26T00:11:21.000Z</time>
      </trkpt>
      <trkpt lat="-6.60055" lon="106.909952">
        <ele>416</ele>
        <time>2024-06-26T00:11:24.000Z</time>
      </trkpt>
      <trkpt lat="-6.600563" lon="106.90997">
        <ele>416</ele>
        <time>2024-06-26T00:11:27.000Z</time>
      </trkpt>
      <trkpt lat="-6.600557" lon="106.910015">
        <ele>416</ele>
        <time>2024-06-26T00:11:31.000Z</time>
      </trkpt>
      <trkpt lat="-6.600543" lon="106.91004">
        <ele>417</ele>
        <time>2024-06-26T00:11:34.000Z</time>
      </trkpt>
      <trkpt lat="-6.600527" lon="106.91004">
        <ele>417</ele>
        <time>2024-06-26T00:11:35.000Z</time>
      </trkpt>
      <trkpt lat="-6.600543" lon="106.91013">
        <ele>418</ele>
        <time>2024-06-26T00:11:44.000Z</time>
      </trkpt>
      <trkpt lat="-6.60054" lon="106.910175">
        <ele>418</ele>
        <time>2024-06-26T00:11:48.000Z</time>
      </trkpt>
      <trkpt lat="-6.600543" lon="106.910213">
        <ele>418</ele>
        <time>2024-06-26T00:11:52.000Z</time>
      </trkpt>
      <trkpt lat="-6.600588" lon="106.910252">
        <ele>418</ele>
        <time>2024-06-26T00:11:58.000Z</time>
      </trkpt>
      <trkpt lat="-6.600655" lon="106.910317">
        <ele>417</ele>
        <time>2024-06-26T00:12:07.000Z</time>
      </trkpt>
      <trkpt lat="-6.60069" lon="106.910355">
        <ele>417</ele>
        <time>2024-06-26T00:12:12.000Z</time>
      </trkpt>
      <trkpt lat="-6.600705" lon="106.910387">
        <ele>417</ele>
        <time>2024-06-26T00:12:15.000Z</time>
      </trkpt>
      <trkpt lat="-6.600728" lon="106.9104">
        <ele>416</ele>
        <time>2024-06-26T00:12:18.000Z</time>
      </trkpt>
      <trkpt lat="-6.600752" lon="106.910405">
        <ele>416</ele>
        <time>2024-06-26T00:12:20.000Z</time>
      </trkpt>
      <trkpt lat="-6.60077" lon="106.9104">
        <ele>415</ele>
        <time>2024-06-26T00:12:22.000Z</time>
      </trkpt>
      <trkpt lat="-6.60079" lon="106.910405">
        <ele>415</ele>
        <time>2024-06-26T00:12:24.000Z</time>
      </trkpt>
      <trkpt lat="-6.600797" lon="106.910425">
        <ele>415</ele>
        <time>2024-06-26T00:12:26.000Z</time>
      </trkpt>
      <trkpt lat="-6.60082" lon="106.910463">
        <ele>415</ele>
        <time>2024-06-26T00:12:30.000Z</time>
      </trkpt>
      <trkpt lat="-6.60086" lon="106.910502">
        <ele>415</ele>
        <time>2024-06-26T00:12:36.000Z</time>
      </trkpt>
      <trkpt lat="-6.600893" lon="106.910527">
        <ele>415</ele>
        <time>2024-06-26T00:12:40.000Z</time>
      </trkpt>
      <trkpt lat="-6.600918" lon="106.91054">
        <ele>415</ele>
        <time>2024-06-26T00:12:42.000Z</time>
      </trkpt>
      <trkpt lat="-6.600948" lon="106.910547">
        <ele>415</ele>
        <time>2024-06-26T00:12:45.000Z</time>
      </trkpt>
      <trkpt lat="-6.601012" lon="106.910572">
        <ele>414</ele>
        <time>2024-06-26T00:12:52.000Z</time>
      </trkpt>
      <trkpt lat="-6.60103" lon="106.910585">
        <ele>414</ele>
        <time>2024-06-26T00:12:54.000Z</time>
      </trkpt>
      <trkpt lat="-6.601102" lon="106.910603">
        <ele>414</ele>
        <time>2024-06-26T00:13:00.000Z</time>
      </trkpt>
      <trkpt lat="-6.601123" lon="106.910623">
        <ele>414</ele>
        <time>2024-06-26T00:13:03.000Z</time>
      </trkpt>
      <trkpt lat="-6.601167" lon="106.910642">
        <ele>414</ele>
        <time>2024-06-26T00:13:07.000Z</time>
      </trkpt>
      <trkpt lat="-6.60119" lon="106.910648">
        <ele>414</ele>
        <time>2024-06-26T00:13:09.000Z</time>
      </trkpt>
      <trkpt lat="-6.601208" lon="106.910662">
        <ele>414</ele>
        <time>2024-06-26T00:13:12.000Z</time>
      </trkpt>
      <trkpt lat="-6.60125" lon="106.910675">
        <ele>413</ele>
        <time>2024-06-26T00:13:16.000Z</time>
      </trkpt>
      <trkpt lat="-6.601268" lon="106.910675">
        <ele>413</ele>
        <time>2024-06-26T00:13:17.000Z</time>
      </trkpt>
      <trkpt lat="-6.601315" lon="106.910687">
        <ele>413</ele>
        <time>2024-06-26T00:13:22.000Z</time>
      </trkpt>
      <trkpt lat="-6.601332" lon="106.91068">
        <ele>413</ele>
        <time>2024-06-26T00:13:23.000Z</time>
      </trkpt>
      <trkpt lat="-6.60135" lon="106.910687">
        <ele>413</ele>
        <time>2024-06-26T00:13:25.000Z</time>
      </trkpt>
      <trkpt lat="-6.601392" lon="106.910687">
        <ele>412</ele>
        <time>2024-06-26T00:13:29.000Z</time>
      </trkpt>
      <trkpt lat="-6.601412" lon="106.9107">
        <ele>412</ele>
        <time>2024-06-26T00:13:31.000Z</time>
      </trkpt>
      <trkpt lat="-6.601432" lon="106.9107">
        <ele>412</ele>
        <time>2024-06-26T00:13:33.000Z</time>
      </trkpt>
      <trkpt lat="-6.601452" lon="106.910707">
        <ele>412</ele>
        <time>2024-06-26T00:13:35.000Z</time>
      </trkpt>
      <trkpt lat="-6.601472" lon="106.91072">
        <ele>412</ele>
        <time>2024-06-26T00:13:37.000Z</time>
      </trkpt>
      <trkpt lat="-6.601487" lon="106.910738">
        <ele>412</ele>
        <time>2024-06-26T00:13:39.000Z</time>
      </trkpt>
      <trkpt lat="-6.601517" lon="106.910763">
        <ele>412</ele>
        <time>2024-06-26T00:13:43.000Z</time>
      </trkpt>
      <trkpt lat="-6.601553" lon="106.910783">
        <ele>412</ele>
        <time>2024-06-26T00:13:46.000Z</time>
      </trkpt>
      <trkpt lat="-6.6016" lon="106.910797">
        <ele>412</ele>
        <time>2024-06-26T00:13:51.000Z</time>
      </trkpt>
      <trkpt lat="-6.601617" lon="106.910808">
        <ele>412</ele>
        <time>2024-06-26T00:13:53.000Z</time>
      </trkpt>
      <trkpt lat="-6.60163" lon="106.910822">
        <ele>412</ele>
        <time>2024-06-26T00:13:54.000Z</time>
      </trkpt>
      <trkpt lat="-6.60165" lon="106.910828">
        <ele>412</ele>
        <time>2024-06-26T00:13:57.000Z</time>
      </trkpt>
      <trkpt lat="-6.60167" lon="106.91084">
        <ele>412</ele>
        <time>2024-06-26T00:14:01.000Z</time>
      </trkpt>
      <trkpt lat="-6.60169" lon="106.910847">
        <ele>412</ele>
        <time>2024-06-26T00:14:04.000Z</time>
      </trkpt>
      <trkpt lat="-6.60171" lon="106.910867">
        <ele>413</ele>
        <time>2024-06-26T00:14:08.000Z</time>
      </trkpt>
      <trkpt lat="-6.60173" lon="106.91088">
        <ele>413</ele>
        <time>2024-06-26T00:14:11.000Z</time>
      </trkpt>
      <trkpt lat="-6.601752" lon="106.910885">
        <ele>413</ele>
        <time>2024-06-26T00:14:14.000Z</time>
      </trkpt>
      <trkpt lat="-6.601778" lon="106.910885">
        <ele>413</ele>
        <time>2024-06-26T00:14:18.000Z</time>
      </trkpt>
      <trkpt lat="-6.60179" lon="106.910905">
        <ele>414</ele>
        <time>2024-06-26T00:14:22.000Z</time>
      </trkpt>
      <trkpt lat="-6.601857" lon="106.910937">
        <ele>415</ele>
        <time>2024-06-26T00:14:32.000Z</time>
      </trkpt>
      <trkpt lat="-6.601897" lon="106.910937">
        <ele>414</ele>
        <time>2024-06-26T00:14:38.000Z</time>
      </trkpt>
      <trkpt lat="-6.601937" lon="106.91095">
        <ele>415</ele>
        <time>2024-06-26T00:14:44.000Z</time>
      </trkpt>
      <trkpt lat="-6.60196" lon="106.910962">
        <ele>415</ele>
        <time>2024-06-26T00:14:48.000Z</time>
      </trkpt>
      <trkpt lat="-6.601998" lon="106.910962">
        <ele>415</ele>
        <time>2024-06-26T00:14:53.000Z</time>
      </trkpt>
      <trkpt lat="-6.602022" lon="106.910982">
        <ele>415</ele>
        <time>2024-06-26T00:14:58.000Z</time>
      </trkpt>
      <trkpt lat="-6.602045" lon="106.910988">
        <ele>415</ele>
        <time>2024-06-26T00:15:01.000Z</time>
      </trkpt>
      <trkpt lat="-6.602062" lon="106.910988">
        <ele>415</ele>
        <time>2024-06-26T00:15:04.000Z</time>
      </trkpt>
      <trkpt lat="-6.602092" lon="106.910982">
        <ele>415</ele>
        <time>2024-06-26T00:15:08.000Z</time>
      </trkpt>
      <trkpt lat="-6.602118" lon="106.910988">
        <ele>415</ele>
        <time>2024-06-26T00:15:12.000Z</time>
      </trkpt>
      <trkpt lat="-6.602137" lon="106.911">
        <ele>415</ele>
        <time>2024-06-26T00:15:15.000Z</time>
      </trkpt>
      <trkpt lat="-6.602157" lon="106.911">
        <ele>415</ele>
        <time>2024-06-26T00:15:18.000Z</time>
      </trkpt>
      <trkpt lat="-6.60218" lon="106.911007">
        <ele>415</ele>
        <time>2024-06-26T00:15:21.000Z</time>
      </trkpt>
      <trkpt lat="-6.602222" lon="106.911007">
        <ele>415</ele>
        <time>2024-06-26T00:15:28.000Z</time>
      </trkpt>
      <trkpt lat="-6.60224" lon="106.91102">
        <ele>415</ele>
        <time>2024-06-26T00:15:31.000Z</time>
      </trkpt>
      <trkpt lat="-6.60226" lon="106.911027">
        <ele>415</ele>
        <time>2024-06-26T00:15:34.000Z</time>
      </trkpt>
      <trkpt lat="-6.60228" lon="106.911027">
        <ele>415</ele>
        <time>2024-06-26T00:15:37.000Z</time>
      </trkpt>
      <trkpt lat="-6.602338" lon="106.911045">
        <ele>416</ele>
        <time>2024-06-26T00:15:45.000Z</time>
      </trkpt>
      <trkpt lat="-6.602358" lon="106.911072">
        <ele>417</ele>
        <time>2024-06-26T00:15:50.000Z</time>
      </trkpt>
      <trkpt lat="-6.602375" lon="106.911083">
        <ele>417</ele>
        <time>2024-06-26T00:15:53.000Z</time>
      </trkpt>
      <trkpt lat="-6.602395" lon="106.911083">
        <ele>417</ele>
        <time>2024-06-26T00:15:55.000Z</time>
      </trkpt>
      <trkpt lat="-6.60245" lon="106.911122">
        <ele>418</ele>
        <time>2024-06-26T00:16:01.000Z</time>
      </trkpt>
      <trkpt lat="-6.602458" lon="106.911142">
        <ele>419</ele>
        <time>2024-06-26T00:16:04.000Z</time>
      </trkpt>
      <trkpt lat="-6.60248" lon="106.911148">
        <ele>419</ele>
        <time>2024-06-26T00:16:06.000Z</time>
      </trkpt>
      <trkpt lat="-6.602508" lon="106.911187">
        <ele>421</ele>
        <time>2024-06-26T00:16:11.000Z</time>
      </trkpt>
      <trkpt lat="-6.60253" lon="106.911193">
        <ele>421</ele>
        <time>2024-06-26T00:16:13.000Z</time>
      </trkpt>
      <trkpt lat="-6.602547" lon="106.911218">
        <ele>422</ele>
        <time>2024-06-26T00:16:16.000Z</time>
      </trkpt>
      <trkpt lat="-6.602567" lon="106.911232">
        <ele>422</ele>
        <time>2024-06-26T00:16:18.000Z</time>
      </trkpt>
      <trkpt lat="-6.602613" lon="106.911243">
        <ele>422</ele>
        <time>2024-06-26T00:16:23.000Z</time>
      </trkpt>
      <trkpt lat="-6.60263" lon="106.911257">
        <ele>422</ele>
        <time>2024-06-26T00:16:25.000Z</time>
      </trkpt>
      <trkpt lat="-6.602678" lon="106.911257">
        <ele>422</ele>
        <time>2024-06-26T00:16:30.000Z</time>
      </trkpt>
      <trkpt lat="-6.6027" lon="106.911263">
        <ele>422</ele>
        <time>2024-06-26T00:16:32.000Z</time>
      </trkpt>
      <trkpt lat="-6.602837" lon="106.911263">
        <ele>420</ele>
        <time>2024-06-26T00:16:46.000Z</time>
      </trkpt>
      <trkpt lat="-6.602855" lon="106.911257">
        <ele>420</ele>
        <time>2024-06-26T00:16:48.000Z</time>
      </trkpt>
      <trkpt lat="-6.602877" lon="106.911238">
        <ele>418</ele>
        <time>2024-06-26T00:16:51.000Z</time>
      </trkpt>
      <trkpt lat="-6.602927" lon="106.911225">
        <ele>417</ele>
        <time>2024-06-26T00:16:56.000Z</time>
      </trkpt>
      <trkpt lat="-6.60297" lon="106.911225">
        <ele>417</ele>
        <time>2024-06-26T00:17:00.000Z</time>
      </trkpt>
      <trkpt lat="-6.603013" lon="106.911238">
        <ele>417</ele>
        <time>2024-06-26T00:17:05.000Z</time>
      </trkpt>
      <trkpt lat="-6.603058" lon="106.911243">
        <ele>417</ele>
        <time>2024-06-26T00:17:09.000Z</time>
      </trkpt>
      <trkpt lat="-6.603075" lon="106.911257">
        <ele>417</ele>
        <time>2024-06-26T00:17:12.000Z</time>
      </trkpt>
      <trkpt lat="-6.60313" lon="106.91127">
        <ele>417</ele>
        <time>2024-06-26T00:17:17.000Z</time>
      </trkpt>
      <trkpt lat="-6.60318" lon="106.91127">
        <ele>416</ele>
        <time>2024-06-26T00:17:21.000Z</time>
      </trkpt>
      <trkpt lat="-6.603202" lon="106.911277">
        <ele>416</ele>
        <time>2024-06-26T00:17:23.000Z</time>
      </trkpt>
      <trkpt lat="-6.603222" lon="106.911277">
        <ele>416</ele>
        <time>2024-06-26T00:17:25.000Z</time>
      </trkpt>
      <trkpt lat="-6.603248" lon="106.91127">
        <ele>415</ele>
        <time>2024-06-26T00:17:27.000Z</time>
      </trkpt>
      <trkpt lat="-6.60327" lon="106.911257">
        <ele>415</ele>
        <time>2024-06-26T00:17:29.000Z</time>
      </trkpt>
      <trkpt lat="-6.60333" lon="106.911263">
        <ele>414</ele>
        <time>2024-06-26T00:17:35.000Z</time>
      </trkpt>
      <trkpt lat="-6.603353" lon="106.911277">
        <ele>415</ele>
        <time>2024-06-26T00:17:37.000Z</time>
      </trkpt>
      <trkpt lat="-6.603373" lon="106.911282">
        <ele>415</ele>
        <time>2024-06-26T00:17:39.000Z</time>
      </trkpt>
      <trkpt lat="-6.603388" lon="106.911302">
        <ele>415</ele>
        <time>2024-06-26T00:17:41.000Z</time>
      </trkpt>
      <trkpt lat="-6.603408" lon="106.911308">
        <ele>415</ele>
        <time>2024-06-26T00:17:43.000Z</time>
      </trkpt>
      <trkpt lat="-6.60343" lon="106.91132">
        <ele>416</ele>
        <time>2024-06-26T00:17:45.000Z</time>
      </trkpt>
      <trkpt lat="-6.603485" lon="106.91132">
        <ele>415</ele>
        <time>2024-06-26T00:17:50.000Z</time>
      </trkpt>
      <trkpt lat="-6.603505" lon="106.911327">
        <ele>416</ele>
        <time>2024-06-26T00:17:52.000Z</time>
      </trkpt>
      <trkpt lat="-6.60352" lon="106.91134">
        <ele>416</ele>
        <time>2024-06-26T00:17:54.000Z</time>
      </trkpt>
      <trkpt lat="-6.603547" lon="106.911347">
        <ele>416</ele>
        <time>2024-06-26T00:17:56.000Z</time>
      </trkpt>
      <trkpt lat="-6.60357" lon="106.911347">
        <ele>416</ele>
        <time>2024-06-26T00:17:58.000Z</time>
      </trkpt>
      <trkpt lat="-6.603585" lon="106.911327">
        <ele>415</ele>
        <time>2024-06-26T00:18:00.000Z</time>
      </trkpt>
      <trkpt lat="-6.60368" lon="106.911327">
        <ele>414</ele>
        <time>2024-06-26T00:18:09.000Z</time>
      </trkpt>
      <trkpt lat="-6.60371" lon="106.91132">
        <ele>414</ele>
        <time>2024-06-26T00:18:11.000Z</time>
      </trkpt>
      <trkpt lat="-6.603728" lon="106.911327">
        <ele>414</ele>
        <time>2024-06-26T00:18:13.000Z</time>
      </trkpt>
      <trkpt lat="-6.603758" lon="106.911327">
        <ele>414</ele>
        <time>2024-06-26T00:18:16.000Z</time>
      </trkpt>
      <trkpt lat="-6.60379" lon="106.91132">
        <ele>414</ele>
        <time>2024-06-26T00:18:19.000Z</time>
      </trkpt>
      <trkpt lat="-6.603838" lon="106.91132">
        <ele>413</ele>
        <time>2024-06-26T00:18:23.000Z</time>
      </trkpt>
      <trkpt lat="-6.603845" lon="106.911302">
        <ele>413</ele>
        <time>2024-06-26T00:18:25.000Z</time>
      </trkpt>
      <trkpt lat="-6.60387" lon="106.911263">
        <ele>411</ele>
        <time>2024-06-26T00:18:31.000Z</time>
      </trkpt>
      <trkpt lat="-6.603855" lon="106.911282">
        <ele>412</ele>
        <time>2024-06-26T00:18:35.000Z</time>
      </trkpt>
      <trkpt lat="-6.603835" lon="106.911282">
        <ele>412</ele>
        <time>2024-06-26T00:18:37.000Z</time>
      </trkpt>
      <trkpt lat="-6.603862" lon="106.911282">
        <ele>412</ele>
        <time>2024-06-26T00:18:41.000Z</time>
      </trkpt>
      <trkpt lat="-6.603878" lon="106.91127">
        <ele>411</ele>
        <time>2024-06-26T00:18:44.000Z</time>
      </trkpt>
      <trkpt lat="-6.603888" lon="106.911243">
        <ele>411</ele>
        <time>2024-06-26T00:18:48.000Z</time>
      </trkpt>
      <trkpt lat="-6.603907" lon="106.911243">
        <ele>411</ele>
        <time>2024-06-26T00:18:50.000Z</time>
      </trkpt>
      <trkpt lat="-6.603927" lon="106.911238">
        <ele>410</ele>
        <time>2024-06-26T00:18:53.000Z</time>
      </trkpt>
      <trkpt lat="-6.603922" lon="106.911218">
        <ele>410</ele>
        <time>2024-06-26T00:18:56.000Z</time>
      </trkpt>
      <trkpt lat="-6.603898" lon="106.911225">
        <ele>410</ele>
        <time>2024-06-26T00:18:59.000Z</time>
      </trkpt>
      <trkpt lat="-6.603882" lon="106.911238">
        <ele>411</ele>
        <time>2024-06-26T00:19:02.000Z</time>
      </trkpt>
      <trkpt lat="-6.603862" lon="106.911238">
        <ele>411</ele>
        <time>2024-06-26T00:19:05.000Z</time>
      </trkpt>
      <trkpt lat="-6.603865" lon="106.911257">
        <ele>411</ele>
        <time>2024-06-26T00:19:07.000Z</time>
      </trkpt>
      <trkpt lat="-6.603855" lon="106.911238">
        <ele>411</ele>
        <time>2024-06-26T00:19:10.000Z</time>
      </trkpt>
      <trkpt lat="-6.603865" lon="106.911218">
        <ele>410</ele>
        <time>2024-06-26T00:19:13.000Z</time>
      </trkpt>
      <trkpt lat="-6.60388" lon="106.911232">
        <ele>410</ele>
        <time>2024-06-26T00:19:16.000Z</time>
      </trkpt>
      <trkpt lat="-6.603888" lon="106.911257">
        <ele>411</ele>
        <time>2024-06-26T00:19:19.000Z</time>
      </trkpt>
      <trkpt lat="-6.603912" lon="106.911302">
        <ele>412</ele>
        <time>2024-06-26T00:19:26.000Z</time>
      </trkpt>
      <trkpt lat="-6.603928" lon="106.91132">
        <ele>413</ele>
        <time>2024-06-26T00:19:29.000Z</time>
      </trkpt>
      <trkpt lat="-6.603957" lon="106.911378">
        <ele>414</ele>
        <time>2024-06-26T00:19:38.000Z</time>
      </trkpt>
      <trkpt lat="-6.603962" lon="106.911398">
        <ele>415</ele>
        <time>2024-06-26T00:19:41.000Z</time>
      </trkpt>
      <trkpt lat="-6.60402" lon="106.911442">
        <ele>415</ele>
        <time>2024-06-26T00:19:51.000Z</time>
      </trkpt>
      <trkpt lat="-6.604033" lon="106.911462">
        <ele>416</ele>
        <time>2024-06-26T00:19:54.000Z</time>
      </trkpt>
      <trkpt lat="-6.604063" lon="106.911493">
        <ele>416</ele>
        <time>2024-06-26T00:20:00.000Z</time>
      </trkpt>
      <trkpt lat="-6.604095" lon="106.911518">
        <ele>416</ele>
        <time>2024-06-26T00:20:05.000Z</time>
      </trkpt>
      <trkpt lat="-6.604115" lon="106.911538">
        <ele>417</ele>
        <time>2024-06-26T00:20:09.000Z</time>
      </trkpt>
      <trkpt lat="-6.604135" lon="106.911545">
        <ele>417</ele>
        <time>2024-06-26T00:20:12.000Z</time>
      </trkpt>
      <trkpt lat="-6.604158" lon="106.911545">
        <ele>416</ele>
        <time>2024-06-26T00:20:14.000Z</time>
      </trkpt>
      <trkpt lat="-6.604178" lon="106.911552">
        <ele>416</ele>
        <time>2024-06-26T00:20:16.000Z</time>
      </trkpt>
      <trkpt lat="-6.604212" lon="106.911577">
        <ele>416</ele>
        <time>2024-06-26T00:20:19.000Z</time>
      </trkpt>
      <trkpt lat="-6.604235" lon="106.911583">
        <ele>416</ele>
        <time>2024-06-26T00:20:21.000Z</time>
      </trkpt>
      <trkpt lat="-6.604278" lon="106.911602">
        <ele>416</ele>
        <time>2024-06-26T00:20:24.000Z</time>
      </trkpt>
      <trkpt lat="-6.604302" lon="106.911602">
        <ele>416</ele>
        <time>2024-06-26T00:20:26.000Z</time>
      </trkpt>
      <trkpt lat="-6.604333" lon="106.911597">
        <ele>416</ele>
        <time>2024-06-26T00:20:29.000Z</time>
      </trkpt>
      <trkpt lat="-6.6044" lon="106.911602">
        <ele>415</ele>
        <time>2024-06-26T00:20:34.000Z</time>
      </trkpt>
      <trkpt lat="-6.604423" lon="106.911597">
        <ele>415</ele>
        <time>2024-06-26T00:20:36.000Z</time>
      </trkpt>
      <trkpt lat="-6.604445" lon="106.911615">
        <ele>415</ele>
        <time>2024-06-26T00:20:38.000Z</time>
      </trkpt>
      <trkpt lat="-6.60449" lon="106.911615">
        <ele>414</ele>
        <time>2024-06-26T00:20:41.000Z</time>
      </trkpt>
      <trkpt lat="-6.604512" lon="106.911622">
        <ele>414</ele>
        <time>2024-06-26T00:20:43.000Z</time>
      </trkpt>
      <trkpt lat="-6.604575" lon="106.911597">
        <ele>413</ele>
        <time>2024-06-26T00:20:48.000Z</time>
      </trkpt>
      <trkpt lat="-6.6046" lon="106.911597">
        <ele>413</ele>
        <time>2024-06-26T00:20:50.000Z</time>
      </trkpt>
      <trkpt lat="-6.604622" lon="106.91159">
        <ele>412</ele>
        <time>2024-06-26T00:20:52.000Z</time>
      </trkpt>
      <trkpt lat="-6.60466" lon="106.911563">
        <ele>411</ele>
        <time>2024-06-26T00:20:55.000Z</time>
      </trkpt>
      <trkpt lat="-6.604793" lon="106.911563">
        <ele>410</ele>
        <time>2024-06-26T00:21:05.000Z</time>
      </trkpt>
      <trkpt lat="-6.604807" lon="106.911577">
        <ele>410</ele>
        <time>2024-06-26T00:21:07.000Z</time>
      </trkpt>
      <trkpt lat="-6.604845" lon="106.911577">
        <ele>410</ele>
        <time>2024-06-26T00:21:10.000Z</time>
      </trkpt>
      <trkpt lat="-6.60487" lon="106.911563">
        <ele>409</ele>
        <time>2024-06-26T00:21:12.000Z</time>
      </trkpt>
      <trkpt lat="-6.60492" lon="106.911563">
        <ele>408</ele>
        <time>2024-06-26T00:21:16.000Z</time>
      </trkpt>
      <trkpt lat="-6.604935" lon="106.911552">
        <ele>408</ele>
        <time>2024-06-26T00:21:18.000Z</time>
      </trkpt>
      <trkpt lat="-6.604955" lon="106.911545">
        <ele>408</ele>
        <time>2024-06-26T00:21:20.000Z</time>
      </trkpt>
      <trkpt lat="-6.60499" lon="106.911577">
        <ele>408</ele>
        <time>2024-06-26T00:21:26.000Z</time>
      </trkpt>
      <trkpt lat="-6.605053" lon="106.911597">
        <ele>408</ele>
        <time>2024-06-26T00:21:33.000Z</time>
      </trkpt>
      <trkpt lat="-6.605113" lon="106.911597">
        <ele>408</ele>
        <time>2024-06-26T00:21:39.000Z</time>
      </trkpt>
      <trkpt lat="-6.605133" lon="106.91159">
        <ele>408</ele>
        <time>2024-06-26T00:21:42.000Z</time>
      </trkpt>
      <trkpt lat="-6.605177" lon="106.91159">
        <ele>408</ele>
        <time>2024-06-26T00:21:46.000Z</time>
      </trkpt>
      <trkpt lat="-6.605225" lon="106.911602">
        <ele>408</ele>
        <time>2024-06-26T00:21:52.000Z</time>
      </trkpt>
      <trkpt lat="-6.605248" lon="106.911597">
        <ele>408</ele>
        <time>2024-06-26T00:21:54.000Z</time>
      </trkpt>
      <trkpt lat="-6.605288" lon="106.911597">
        <ele>408</ele>
        <time>2024-06-26T00:21:59.000Z</time>
      </trkpt>
      <trkpt lat="-6.605307" lon="106.911615">
        <ele>408</ele>
        <time>2024-06-26T00:22:02.000Z</time>
      </trkpt>
      <trkpt lat="-6.605352" lon="106.91164">
        <ele>408</ele>
        <time>2024-06-26T00:22:07.000Z</time>
      </trkpt>
      <trkpt lat="-6.60537" lon="106.91166">
        <ele>409</ele>
        <time>2024-06-26T00:22:10.000Z</time>
      </trkpt>
      <trkpt lat="-6.605393" lon="106.911667">
        <ele>409</ele>
        <time>2024-06-26T00:22:13.000Z</time>
      </trkpt>
      <trkpt lat="-6.605437" lon="106.911653">
        <ele>408</ele>
        <time>2024-06-26T00:22:18.000Z</time>
      </trkpt>
      <trkpt lat="-6.605453" lon="106.911653">
        <ele>408</ele>
        <time>2024-06-26T00:22:20.000Z</time>
      </trkpt>
      <trkpt lat="-6.605473" lon="106.91166">
        <ele>408</ele>
        <time>2024-06-26T00:22:22.000Z</time>
      </trkpt>
      <trkpt lat="-6.605495" lon="106.911673">
        <ele>409</ele>
        <time>2024-06-26T00:22:25.000Z</time>
      </trkpt>
      <trkpt lat="-6.605535" lon="106.911673">
        <ele>409</ele>
        <time>2024-06-26T00:22:29.000Z</time>
      </trkpt>
      <trkpt lat="-6.605555" lon="106.91168">
        <ele>409</ele>
        <time>2024-06-26T00:22:31.000Z</time>
      </trkpt>
      <trkpt lat="-6.605575" lon="106.91168">
        <ele>409</ele>
        <time>2024-06-26T00:22:33.000Z</time>
      </trkpt>
      <trkpt lat="-6.605595" lon="106.911692">
        <ele>409</ele>
        <time>2024-06-26T00:22:36.000Z</time>
      </trkpt>
      <trkpt lat="-6.60562" lon="106.911698">
        <ele>409</ele>
        <time>2024-06-26T00:22:39.000Z</time>
      </trkpt>
      <trkpt lat="-6.605645" lon="106.911712">
        <ele>410</ele>
        <time>2024-06-26T00:22:42.000Z</time>
      </trkpt>
      <trkpt lat="-6.605665" lon="106.911718">
        <ele>410</ele>
        <time>2024-06-26T00:22:45.000Z</time>
      </trkpt>
      <trkpt lat="-6.605673" lon="106.911737">
        <ele>410</ele>
        <time>2024-06-26T00:22:48.000Z</time>
      </trkpt>
      <trkpt lat="-6.605697" lon="106.911743">
        <ele>410</ele>
        <time>2024-06-26T00:22:52.000Z</time>
      </trkpt>
      <trkpt lat="-6.60571" lon="106.911757">
        <ele>411</ele>
        <time>2024-06-26T00:22:55.000Z</time>
      </trkpt>
      <trkpt lat="-6.605773" lon="106.911757">
        <ele>410</ele>
        <time>2024-06-26T00:23:06.000Z</time>
      </trkpt>
      <trkpt lat="-6.605797" lon="106.91175">
        <ele>410</ele>
        <time>2024-06-26T00:23:10.000Z</time>
      </trkpt>
      <trkpt lat="-6.605813" lon="106.91175">
        <ele>410</ele>
        <time>2024-06-26T00:23:12.000Z</time>
      </trkpt>
      <trkpt lat="-6.605833" lon="106.911743">
        <ele>410</ele>
        <time>2024-06-26T00:23:16.000Z</time>
      </trkpt>
      <trkpt lat="-6.605852" lon="106.911743">
        <ele>410</ele>
        <time>2024-06-26T00:23:19.000Z</time>
      </trkpt>
      <trkpt lat="-6.60587" lon="106.911723">
        <ele>410</ele>
        <time>2024-06-26T00:23:23.000Z</time>
      </trkpt>
      <trkpt lat="-6.605868" lon="106.911705">
        <ele>409</ele>
        <time>2024-06-26T00:23:26.000Z</time>
      </trkpt>
      <trkpt lat="-6.605892" lon="106.911698">
        <ele>410</ele>
        <time>2024-06-26T00:23:30.000Z</time>
      </trkpt>
      <trkpt lat="-6.605902" lon="106.91168">
        <ele>409</ele>
        <time>2024-06-26T00:23:33.000Z</time>
      </trkpt>
      <trkpt lat="-6.605888" lon="106.911667">
        <ele>409</ele>
        <time>2024-06-26T00:23:36.000Z</time>
      </trkpt>
      <trkpt lat="-6.605898" lon="106.911692">
        <ele>410</ele>
        <time>2024-06-26T00:23:41.000Z</time>
      </trkpt>
      <trkpt lat="-6.605922" lon="106.911712">
        <ele>410</ele>
        <time>2024-06-26T00:23:46.000Z</time>
      </trkpt>
      <trkpt lat="-6.605945" lon="106.911712">
        <ele>411</ele>
        <time>2024-06-26T00:23:50.000Z</time>
      </trkpt>
      <trkpt lat="-6.60597" lon="106.911705">
        <ele>411</ele>
        <time>2024-06-26T00:23:54.000Z</time>
      </trkpt>
      <trkpt lat="-6.60601" lon="106.91168">
        <ele>411</ele>
        <time>2024-06-26T00:24:01.000Z</time>
      </trkpt>
      <trkpt lat="-6.606098" lon="106.91168">
        <ele>413</ele>
        <time>2024-06-26T00:24:16.000Z</time>
      </trkpt>
      <trkpt lat="-6.606123" lon="106.911673">
        <ele>413</ele>
        <time>2024-06-26T00:24:20.000Z</time>
      </trkpt>
      <trkpt lat="-6.606147" lon="106.911653">
        <ele>413</ele>
        <time>2024-06-26T00:24:25.000Z</time>
      </trkpt>
      <trkpt lat="-6.606163" lon="106.911705">
        <ele>414</ele>
        <time>2024-06-26T00:24:34.000Z</time>
      </trkpt>
      <trkpt lat="-6.606173" lon="106.911723">
        <ele>415</ele>
        <time>2024-06-26T00:24:37.000Z</time>
      </trkpt>
      <trkpt lat="-6.606183" lon="106.911762">
        <ele>415</ele>
        <time>2024-06-26T00:24:43.000Z</time>
      </trkpt>
      <trkpt lat="-6.606215" lon="106.9118">
        <ele>416</ele>
        <time>2024-06-26T00:24:51.000Z</time>
      </trkpt>
      <trkpt lat="-6.60622" lon="106.91182">
        <ele>417</ele>
        <time>2024-06-26T00:24:55.000Z</time>
      </trkpt>
      <trkpt lat="-6.60625" lon="106.911852">
        <ele>418</ele>
        <time>2024-06-26T00:25:03.000Z</time>
      </trkpt>
      <trkpt lat="-6.606302" lon="106.911922">
        <ele>419</ele>
        <time>2024-06-26T00:25:20.000Z</time>
      </trkpt>
      <trkpt lat="-6.606335" lon="106.912012">
        <ele>421</ele>
        <time>2024-06-26T00:25:37.000Z</time>
      </trkpt>
      <trkpt lat="-6.606357" lon="106.912018">
        <ele>421</ele>
        <time>2024-06-26T00:25:42.000Z</time>
      </trkpt>
      <trkpt lat="-6.606377" lon="106.912012">
        <ele>421</ele>
        <time>2024-06-26T00:25:46.000Z</time>
      </trkpt>
      <trkpt lat="-6.606417" lon="106.911987">
        <ele>422</ele>
        <time>2024-06-26T00:25:55.000Z</time>
      </trkpt>
      <trkpt lat="-6.606468" lon="106.911935">
        <ele>422</ele>
        <time>2024-06-26T00:26:08.000Z</time>
      </trkpt>
      <trkpt lat="-6.606487" lon="106.911922">
        <ele>422</ele>
        <time>2024-06-26T00:26:13.000Z</time>
      </trkpt>
      <trkpt lat="-6.60651" lon="106.911917">
        <ele>422</ele>
        <time>2024-06-26T00:26:17.000Z</time>
      </trkpt>
      <trkpt lat="-6.60653" lon="106.911917">
        <ele>422</ele>
        <time>2024-06-26T00:26:21.000Z</time>
      </trkpt>
      <trkpt lat="-6.606552" lon="106.911903">
        <ele>422</ele>
        <time>2024-06-26T00:26:26.000Z</time>
      </trkpt>
      <trkpt lat="-6.60657" lon="106.91191">
        <ele>423</ele>
        <time>2024-06-26T00:26:29.000Z</time>
      </trkpt>
      <trkpt lat="-6.606588" lon="106.91191">
        <ele>423</ele>
        <time>2024-06-26T00:26:33.000Z</time>
      </trkpt>
      <trkpt lat="-6.606608" lon="106.911903">
        <ele>423</ele>
        <time>2024-06-26T00:26:37.000Z</time>
      </trkpt>
      <trkpt lat="-6.606632" lon="106.911917">
        <ele>423</ele>
        <time>2024-06-26T00:26:42.000Z</time>
      </trkpt>
      <trkpt lat="-6.60666" lon="106.91191">
        <ele>424</ele>
        <time>2024-06-26T00:26:47.000Z</time>
      </trkpt>
      <trkpt lat="-6.606678" lon="106.91191">
        <ele>424</ele>
        <time>2024-06-26T00:26:51.000Z</time>
      </trkpt>
      <trkpt lat="-6.606702" lon="106.911903">
        <ele>424</ele>
        <time>2024-06-26T00:26:55.000Z</time>
      </trkpt>
      <trkpt lat="-6.606722" lon="106.91191">
        <ele>425</ele>
        <time>2024-06-26T00:26:59.000Z</time>
      </trkpt>
      <trkpt lat="-6.60674" lon="106.91191">
        <ele>425</ele>
        <time>2024-06-26T00:27:03.000Z</time>
      </trkpt>
      <trkpt lat="-6.606763" lon="106.911903">
        <ele>426</ele>
        <time>2024-06-26T00:27:07.000Z</time>
      </trkpt>
      <trkpt lat="-6.606782" lon="106.911917">
        <ele>426</ele>
        <time>2024-06-26T00:27:12.000Z</time>
      </trkpt>
      <trkpt lat="-6.606793" lon="106.911935">
        <ele>426</ele>
        <time>2024-06-26T00:27:16.000Z</time>
      </trkpt>
      <trkpt lat="-6.606813" lon="106.911942">
        <ele>427</ele>
        <time>2024-06-26T00:27:20.000Z</time>
      </trkpt>
      <trkpt lat="-6.606877" lon="106.911942">
        <ele>428</ele>
        <time>2024-06-26T00:27:32.000Z</time>
      </trkpt>
      <trkpt lat="-6.60689" lon="106.911955">
        <ele>428</ele>
        <time>2024-06-26T00:27:36.000Z</time>
      </trkpt>
      <trkpt lat="-6.60691" lon="106.91196">
        <ele>429</ele>
        <time>2024-06-26T00:27:40.000Z</time>
      </trkpt>
      <trkpt lat="-6.606942" lon="106.911987">
        <ele>430</ele>
        <time>2024-06-26T00:27:49.000Z</time>
      </trkpt>
      <trkpt lat="-6.60696" lon="106.911993">
        <ele>430</ele>
        <time>2024-06-26T00:27:53.000Z</time>
      </trkpt>
      <trkpt lat="-6.606992" lon="106.912025">
        <ele>431</ele>
        <time>2024-06-26T00:28:02.000Z</time>
      </trkpt>
      <trkpt lat="-6.607008" lon="106.91207">
        <ele>431</ele>
        <time>2024-06-26T00:28:12.000Z</time>
      </trkpt>
      <trkpt lat="-6.607025" lon="106.912095">
        <ele>432</ele>
        <time>2024-06-26T00:28:18.000Z</time>
      </trkpt>
      <trkpt lat="-6.607035" lon="106.912133">
        <ele>432</ele>
        <time>2024-06-26T00:28:26.000Z</time>
      </trkpt>
      <trkpt lat="-6.607048" lon="106.912153">
        <ele>432</ele>
        <time>2024-06-26T00:28:31.000Z</time>
      </trkpt>
      <trkpt lat="-6.607068" lon="106.91216">
        <ele>433</ele>
        <time>2024-06-26T00:28:35.000Z</time>
      </trkpt>
      <trkpt lat="-6.607102" lon="106.912185">
        <ele>434</ele>
        <time>2024-06-26T00:28:44.000Z</time>
      </trkpt>
      <trkpt lat="-6.607112" lon="106.91221">
        <ele>434</ele>
        <time>2024-06-26T00:28:50.000Z</time>
      </trkpt>
      <trkpt lat="-6.607127" lon="106.912223">
        <ele>434</ele>
        <time>2024-06-26T00:28:54.000Z</time>
      </trkpt>
      <trkpt lat="-6.607127" lon="106.912248">
        <ele>434</ele>
        <time>2024-06-26T00:28:59.000Z</time>
      </trkpt>
      <trkpt lat="-6.607137" lon="106.912268">
        <ele>434</ele>
        <time>2024-06-26T00:29:03.000Z</time>
      </trkpt>
      <trkpt lat="-6.607157" lon="106.912268">
        <ele>435</ele>
        <time>2024-06-26T00:29:08.000Z</time>
      </trkpt>
      <trkpt lat="-6.607167" lon="106.912287">
        <ele>435</ele>
        <time>2024-06-26T00:29:12.000Z</time>
      </trkpt>
      <trkpt lat="-6.60719" lon="106.912287">
        <ele>435</ele>
        <time>2024-06-26T00:29:17.000Z</time>
      </trkpt>
      <trkpt lat="-6.607238" lon="106.9123">
        <ele>436</ele>
        <time>2024-06-26T00:29:27.000Z</time>
      </trkpt>
      <trkpt lat="-6.607258" lon="106.912313">
        <ele>437</ele>
        <time>2024-06-26T00:29:32.000Z</time>
      </trkpt>
      <trkpt lat="-6.607277" lon="106.912332">
        <ele>437</ele>
        <time>2024-06-26T00:29:37.000Z</time>
      </trkpt>
      <trkpt lat="-6.607315" lon="106.912358">
        <ele>438</ele>
        <time>2024-06-26T00:29:47.000Z</time>
      </trkpt>
      <trkpt lat="-6.607332" lon="106.912377">
        <ele>438</ele>
        <time>2024-06-26T00:29:52.000Z</time>
      </trkpt>
      <trkpt lat="-6.607355" lon="106.91239">
        <ele>438</ele>
        <time>2024-06-26T00:29:57.000Z</time>
      </trkpt>
      <trkpt lat="-6.607372" lon="106.912408">
        <ele>439</ele>
        <time>2024-06-26T00:30:03.000Z</time>
      </trkpt>
      <trkpt lat="-6.60741" lon="106.912435">
        <ele>439</ele>
        <time>2024-06-26T00:30:12.000Z</time>
      </trkpt>
      <trkpt lat="-6.607437" lon="106.91246">
        <ele>440</ele>
        <time>2024-06-26T00:30:20.000Z</time>
      </trkpt>
      <trkpt lat="-6.607462" lon="106.91246">
        <ele>440</ele>
        <time>2024-06-26T00:30:26.000Z</time>
      </trkpt>
      <trkpt lat="-6.60748" lon="106.912467">
        <ele>441</ele>
        <time>2024-06-26T00:30:30.000Z</time>
      </trkpt>
      <trkpt lat="-6.6075" lon="106.912485">
        <ele>441</ele>
        <time>2024-06-26T00:30:36.000Z</time>
      </trkpt>
      <trkpt lat="-6.60754" lon="106.912505">
        <ele>442</ele>
        <time>2024-06-26T00:30:46.000Z</time>
      </trkpt>
      <trkpt lat="-6.60756" lon="106.912512">
        <ele>442</ele>
        <time>2024-06-26T00:30:51.000Z</time>
      </trkpt>
      <trkpt lat="-6.60758" lon="106.912512">
        <ele>442</ele>
        <time>2024-06-26T00:30:55.000Z</time>
      </trkpt>
      <trkpt lat="-6.607608" lon="106.91253">
        <ele>443</ele>
        <time>2024-06-26T00:31:03.000Z</time>
      </trkpt>
      <trkpt lat="-6.607648" lon="106.912543">
        <ele>443</ele>
        <time>2024-06-26T00:31:12.000Z</time>
      </trkpt>
      <trkpt lat="-6.607668" lon="106.912557">
        <ele>444</ele>
        <time>2024-06-26T00:31:18.000Z</time>
      </trkpt>
      <trkpt lat="-6.6077" lon="106.912588">
        <ele>444</ele>
        <time>2024-06-26T00:31:28.000Z</time>
      </trkpt>
      <trkpt lat="-6.607745" lon="106.91262">
        <ele>445</ele>
        <time>2024-06-26T00:31:40.000Z</time>
      </trkpt>
      <trkpt lat="-6.607792" lon="106.912633">
        <ele>446</ele>
        <time>2024-06-26T00:31:51.000Z</time>
      </trkpt>
      <trkpt lat="-6.607807" lon="106.912645">
        <ele>446</ele>
        <time>2024-06-26T00:31:55.000Z</time>
      </trkpt>
      <trkpt lat="-6.607878" lon="106.912672">
        <ele>448</ele>
        <time>2024-06-26T00:32:12.000Z</time>
      </trkpt>
      <trkpt lat="-6.60792" lon="106.912672">
        <ele>449</ele>
        <time>2024-06-26T00:32:21.000Z</time>
      </trkpt>
      <trkpt lat="-6.60795" lon="106.91269">
        <ele>449</ele>
        <time>2024-06-26T00:32:29.000Z</time>
      </trkpt>
      <trkpt lat="-6.607972" lon="106.912697">
        <ele>450</ele>
        <time>2024-06-26T00:32:34.000Z</time>
      </trkpt>
      <trkpt lat="-6.607995" lon="106.91271">
        <ele>450</ele>
        <time>2024-06-26T00:32:40.000Z</time>
      </trkpt>
      <trkpt lat="-6.608062" lon="106.91271">
        <ele>451</ele>
        <time>2024-06-26T00:32:55.000Z</time>
      </trkpt>
      <trkpt lat="-6.608092" lon="106.912703">
        <ele>452</ele>
        <time>2024-06-26T00:33:02.000Z</time>
      </trkpt>
      <trkpt lat="-6.608118" lon="106.912703">
        <ele>452</ele>
        <time>2024-06-26T00:33:08.000Z</time>
      </trkpt>
      <trkpt lat="-6.608162" lon="106.91269">
        <ele>453</ele>
        <time>2024-06-26T00:33:17.000Z</time>
      </trkpt>
      <trkpt lat="-6.60818" lon="106.912672">
        <ele>453</ele>
        <time>2024-06-26T00:33:21.000Z</time>
      </trkpt>
      <trkpt lat="-6.608203" lon="106.912665">
        <ele>454</ele>
        <time>2024-06-26T00:33:25.000Z</time>
      </trkpt>
      <trkpt lat="-6.608238" lon="106.912627">
        <ele>454</ele>
        <time>2024-06-26T00:33:33.000Z</time>
      </trkpt>
      <trkpt lat="-6.608258" lon="106.912588">
        <ele>454</ele>
        <time>2024-06-26T00:33:40.000Z</time>
      </trkpt>
      <trkpt lat="-6.608283" lon="106.91255">
        <ele>454</ele>
        <time>2024-06-26T00:33:48.000Z</time>
      </trkpt>
      <trkpt lat="-6.6083" lon="106.912537">
        <ele>454</ele>
        <time>2024-06-26T00:33:51.000Z</time>
      </trkpt>
      <trkpt lat="-6.60831" lon="106.912518">
        <ele>454</ele>
        <time>2024-06-26T00:33:54.000Z</time>
      </trkpt>
      <trkpt lat="-6.608325" lon="106.912505">
        <ele>454</ele>
        <time>2024-06-26T00:33:58.000Z</time>
      </trkpt>
      <trkpt lat="-6.60835" lon="106.912505">
        <ele>454</ele>
        <time>2024-06-26T00:34:02.000Z</time>
      </trkpt>
      <trkpt lat="-6.608395" lon="106.91253">
        <ele>455</ele>
        <time>2024-06-26T00:34:10.000Z</time>
      </trkpt>
      <trkpt lat="-6.608462" lon="106.91253">
        <ele>457</ele>
        <time>2024-06-26T00:34:21.000Z</time>
      </trkpt>
      <trkpt lat="-6.608485" lon="106.912537">
        <ele>457</ele>
        <time>2024-06-26T00:34:25.000Z</time>
      </trkpt>
      <trkpt lat="-6.608505" lon="106.91255">
        <ele>458</ele>
        <time>2024-06-26T00:34:29.000Z</time>
      </trkpt>
      <trkpt lat="-6.608523" lon="106.912557">
        <ele>458</ele>
        <time>2024-06-26T00:34:32.000Z</time>
      </trkpt>
      <trkpt lat="-6.60855" lon="106.912557">
        <ele>459</ele>
        <time>2024-06-26T00:34:36.000Z</time>
      </trkpt>
      <trkpt lat="-6.60858" lon="106.912582">
        <ele>460</ele>
        <time>2024-06-26T00:34:42.000Z</time>
      </trkpt>
      <trkpt lat="-6.608598" lon="106.912582">
        <ele>460</ele>
        <time>2024-06-26T00:34:45.000Z</time>
      </trkpt>
      <trkpt lat="-6.608618" lon="106.912575">
        <ele>460</ele>
        <time>2024-06-26T00:34:49.000Z</time>
      </trkpt>
      <trkpt lat="-6.608658" lon="106.912575">
        <ele>461</ele>
        <time>2024-06-26T00:34:55.000Z</time>
      </trkpt>
      <trkpt lat="-6.608643" lon="106.912595">
        <ele>461</ele>
        <time>2024-06-26T00:34:59.000Z</time>
      </trkpt>
      <trkpt lat="-6.608647" lon="106.912613">
        <ele>461</ele>
        <time>2024-06-26T00:35:02.000Z</time>
      </trkpt>
      <trkpt lat="-6.608677" lon="106.9124999">
        <ele>460</ele>
        <time>2024-06-26T00:35:21.000Z</time>
      </trkpt>
      <trkpt lat="-6.608807" lon="106.91201">
        <ele>454</ele>
        <time>2024-06-26T00:36:11.000Z</time>
      </trkpt>
      <trkpt lat="-6.608807" lon="106.91201">
        <ele>454</ele>
        <time>2024-06-26T00:36:11.000Z</time>
      </trkpt>
      <trkpt lat="-6.60882" lon="106.91203">
        <ele>454</ele>
        <time>2024-06-26T00:36:14.000Z</time>
      </trkpt>
      <trkpt lat="-6.608837" lon="106.912048">
        <ele>455</ele>
        <time>2024-06-26T00:36:18.750Z</time>
      </trkpt>
      <trkpt lat="-6.608829" lon="106.912048">
        <ele>461.21</ele>
        <time>2024-06-26T00:36:20.290Z</time>
      </trkpt>
      <trkpt lat="-6.608832" lon="106.911943">
        <ele>460.16</ele>
        <time>2024-06-26T00:36:40.382Z</time>
      </trkpt>
      <trkpt lat="-6.608905" lon="106.911807">
        <ele>458.95</ele>
        <time>2024-06-26T00:37:09.950Z</time>
      </trkpt>
      <trkpt lat="-6.608993" lon="106.911864">
        <ele>459.99</ele>
        <time>2024-06-26T00:37:30.099Z</time>
      </trkpt>
      <trkpt lat="-6.609125" lon="106.912157">
        <ele>465.11</ele>
        <time>2024-06-26T00:38:31.636Z</time>
      </trkpt>
      <trkpt lat="-6.609385" lon="106.912429">
        <ele>472.22</ele>
        <time>2024-06-26T00:39:43.837Z</time>
      </trkpt>
      <trkpt lat="-6.609374" lon="106.912839">
        <ele>482.4</ele>
        <time>2024-06-26T00:41:02.287Z</time>
      </trkpt>
      <trkpt lat="-6.609385" lon="106.91309">
        <ele>487.01</ele>
        <time>2024-06-26T00:41:50.343Z</time>
      </trkpt>
      <trkpt lat="-6.609416" lon="106.913383">
        <ele>493.43</ele>
        <time>2024-06-26T00:42:46.703Z</time>
      </trkpt>
      <trkpt lat="-6.609464" lon="106.913649">
        <ele>500.99</ele>
        <time>2024-06-26T00:43:38.414Z</time>
      </trkpt>
      <trkpt lat="-6.609427" lon="106.913921">
        <ele>505.93</ele>
        <time>2024-06-26T00:44:30.925Z</time>
      </trkpt>
      <trkpt lat="-6.609506" lon="106.914102">
        <ele>511.94</ele>
        <time>2024-06-26T00:45:08.739Z</time>
      </trkpt>
      <trkpt lat="-6.609649" lon="106.914198">
        <ele>517.89</ele>
        <time>2024-06-26T00:45:41.835Z</time>
      </trkpt>
      <trkpt lat="-6.609887" lon="106.914214">
        <ele>525.23</ele>
        <time>2024-06-26T00:46:27.764Z</time>
      </trkpt>
      <trkpt lat="-6.60975" lon="106.914582">
        <ele>534.53</ele>
        <time>2024-06-26T00:47:42.933Z</time>
      </trkpt>
      <trkpt lat="-6.609665" lon="106.914705">
        <ele>537.54</ele>
        <time>2024-06-26T00:48:11.592Z</time>
      </trkpt>
      <trkpt lat="-6.60958" lon="106.914769">
        <ele>537.73</ele>
        <time>2024-06-26T00:48:32.030Z</time>
      </trkpt>
      <trkpt lat="-6.609583" lon="106.914823">
        <ele>539.37</ele>
        <time>2024-06-26T00:48:42.374Z</time>
      </trkpt>
      <trkpt lat="-6.609617" lon="106.914924">
        <ele>542.97</ele>
        <time>2024-06-26T00:49:02.771Z</time>
      </trkpt>
      <trkpt lat="-6.609601" lon="106.915083">
        <ele>545.26</ele>
        <time>2024-06-26T00:49:33.339Z</time>
      </trkpt>
      <trkpt lat="-6.609677" lon="106.915285">
        <ele>549.02</ele>
        <time>2024-06-26T00:50:14.654Z</time>
      </trkpt>
      <trkpt lat="-6.609738" lon="106.915772">
        <ele>553.22</ele>
        <time>2024-06-26T00:51:48.541Z</time>
      </trkpt>
      <trkpt lat="-6.609778" lon="106.91591">
        <ele>555.32</ele>
        <time>2024-06-26T00:52:16.037Z</time>
      </trkpt>
      <trkpt lat="-6.609738" lon="106.916001">
        <ele>554.65</ele>
        <time>2024-06-26T00:52:35.070Z</time>
      </trkpt>
      <trkpt lat="-6.609775" lon="106.916124">
        <ele>557.39</ele>
        <time>2024-06-26T00:52:59.651Z</time>
      </trkpt>
      <trkpt lat="-6.60972" lon="106.916197">
        <ele>555.21</ele>
        <time>2024-06-26T00:53:17.175Z</time>
      </trkpt>
      <trkpt lat="-6.609726" lon="106.916338">
        <ele>555.8</ele>
        <time>2024-06-26T00:53:44.169Z</time>
      </trkpt>
      <trkpt lat="-6.609884" lon="106.916562">
        <ele>563.52</ele>
        <time>2024-06-26T00:54:36.717Z</time>
      </trkpt>
      <trkpt lat="-6.610374" lon="106.916709">
        <ele>582.55</ele>
        <time>2024-06-26T00:56:15.168Z</time>
      </trkpt>
      <trkpt lat="-6.610629" lon="106.916803">
        <ele>591.3</ele>
        <time>2024-06-26T00:57:07.457Z</time>
      </trkpt>
      <trkpt lat="-6.610945" lon="106.916858">
        <ele>604.27</ele>
        <time>2024-06-26T00:58:09.206Z</time>
      </trkpt>
      <trkpt lat="-6.611237" lon="106.91699">
        <ele>616.73</ele>
        <time>2024-06-26T00:59:10.840Z</time>
      </trkpt>
      <trkpt lat="-6.611456" lon="106.917097">
        <ele>624.21</ele>
        <time>2024-06-26T00:59:57.713Z</time>
      </trkpt>
      <trkpt lat="-6.611611" lon="106.917195">
        <ele>629.9</ele>
        <time>2024-06-26T01:00:32.956Z</time>
      </trkpt>
      <trkpt lat="-6.611751" lon="106.91736">
        <ele>639.14</ele>
        <time>2024-06-26T01:01:14.461Z</time>
      </trkpt>
      <trkpt lat="-6.611852" lon="106.917345">
        <ele>644.1</ele>
        <time>2024-06-26T01:01:34.119Z</time>
      </trkpt>
      <trkpt lat="-6.611985" lon="106.917256">
        <ele>649.28</ele>
        <time>2024-06-26T01:02:04.870Z</time>
      </trkpt>
      <trkpt lat="-6.61208" lon="106.917155">
        <ele>652.49</ele>
        <time>2024-06-26T01:02:31.474Z</time>
      </trkpt>
      <trkpt lat="-6.612292" lon="106.917051">
        <ele>662.27</ele>
        <time>2024-06-26T01:03:16.884Z</time>
      </trkpt>
      <trkpt lat="-6.612536" lon="106.91688">
        <ele>664.85</ele>
        <time>2024-06-26T01:04:14.130Z</time>
      </trkpt>
      <trkpt lat="-6.612603" lon="106.916898">
        <ele>666.5</ele>
        <time>2024-06-26T01:04:27.482Z</time>
      </trkpt>
      <trkpt lat="-6.612715" lon="106.917024">
        <ele>674.1</ele>
        <time>2024-06-26T01:04:59.822Z</time>
      </trkpt>
      <trkpt lat="-6.612897" lon="106.917155">
        <ele>681.47</ele>
        <time>2024-06-26T01:05:42.902Z</time>
      </trkpt>
      <trkpt lat="-6.613025" lon="106.917238">
        <ele>685.74</ele>
        <time>2024-06-26T01:06:12.219Z</time>
      </trkpt>
      <trkpt lat="-6.613116" lon="106.917226">
        <ele>683.82</ele>
        <time>2024-06-26T01:06:29.891Z</time>
      </trkpt>
      <trkpt lat="-6.613162" lon="106.91729">
        <ele>687.76</ele>
        <time>2024-06-26T01:06:45.000Z</time>
      </trkpt>
      <trkpt lat="-6.613591" lon="106.917465">
        <ele>700.07</ele>
        <time>2024-06-26T01:08:14.129Z</time>
      </trkpt>
      <trkpt lat="-6.613685" lon="106.91752">
        <ele>704.27</ele>
        <time>2024-06-26T01:08:35.064Z</time>
      </trkpt>
      <trkpt lat="-6.613606" lon="106.917688">
        <ele>715</ele>
        <time>2024-06-26T01:09:10.616Z</time>
      </trkpt>
      <trkpt lat="-6.613536" lon="106.917731">
        <ele>717.8</ele>
        <time>2024-06-26T01:09:26.405Z</time>
      </trkpt>
      <trkpt lat="-6.613411" lon="106.917902">
        <ele>727.92</ele>
        <time>2024-06-26T01:10:07.014Z</time>
      </trkpt>
      <trkpt lat="-6.613287" lon="106.918074">
        <ele>735.8</ele>
        <time>2024-06-26T01:10:47.663Z</time>
      </trkpt>
      <trkpt lat="-6.613177" lon="106.918202">
        <ele>741.22</ele>
        <time>2024-06-26T01:11:20.036Z</time>
      </trkpt>
      <trkpt lat="-6.613068" lon="106.918349">
        <ele>746.55</ele>
        <time>2024-06-26T01:11:55.122Z</time>
      </trkpt>
      <trkpt lat="-6.612931" lon="106.918502">
        <ele>751.99</ele>
        <time>2024-06-26T01:12:34.521Z</time>
      </trkpt>
      <trkpt lat="-6.612794" lon="106.91856">
        <ele>751.67</ele>
        <time>2024-06-26T01:13:03.138Z</time>
      </trkpt>
      <trkpt lat="-6.612739" lon="106.918625">
        <ele>751.51</ele>
        <time>2024-06-26T01:13:19.469Z</time>
      </trkpt>
      <trkpt lat="-6.612764" lon="106.918686">
        <ele>753.15</ele>
        <time>2024-06-26T01:13:32.090Z</time>
      </trkpt>
      <trkpt lat="-6.612949" lon="106.918735">
        <ele>753.27</ele>
        <time>2024-06-26T01:14:08.924Z</time>
      </trkpt>
      <trkpt lat="-6.613074" lon="106.918707">
        <ele>753.14</ele>
        <time>2024-06-26T01:14:33.581Z</time>
      </trkpt>
      <trkpt lat="-6.613645" lon="106.918487">
        <ele>748.87</ele>
        <time>2024-06-26T01:16:31.306Z</time>
      </trkpt>
      <trkpt lat="-6.613794" lon="106.918407">
        <ele>745.94</ele>
        <time>2024-06-26T01:17:03.821Z</time>
      </trkpt>
      <trkpt lat="-6.614168" lon="106.91827">
        <ele>742.46</ele>
        <time>2024-06-26T01:18:20.455Z</time>
      </trkpt>
      <trkpt lat="-6.614235" lon="106.918273">
        <ele>742.7</ele>
        <time>2024-06-26T01:18:33.368Z</time>
      </trkpt>
      <trkpt lat="-6.614314" lon="106.918202">
        <ele>744.45</ele>
        <time>2024-06-26T01:18:53.759Z</time>
      </trkpt>
      <trkpt lat="-6.614584" lon="106.91814">
        <ele>751.39</ele>
        <time>2024-06-26T01:19:47.083Z</time>
      </trkpt>
      <trkpt lat="-6.614854" lon="106.918078">
        <ele>761.35</ele>
        <time>2024-06-26T01:20:40.407Z</time>
      </trkpt>
      <trkpt lat="-6.615257" lon="106.917988">
        <ele>781.02</ele>
        <time>2024-06-26T01:21:59.892Z</time>
      </trkpt>
      <trkpt lat="-6.615619" lon="106.918156">
        <ele>790.64</ele>
        <time>2024-06-26T01:23:16.646Z</time>
      </trkpt>
      <trkpt lat="-6.6159" lon="106.91833">
        <ele>792.63</ele>
        <time>2024-06-26T01:24:20.169Z</time>
      </trkpt>
      <trkpt lat="-6.616175" lon="106.918499">
        <ele>794.57</ele>
        <time>2024-06-26T01:25:22.207Z</time>
      </trkpt>
      <trkpt lat="-6.616268" lon="106.918656">
        <ele>800.77</ele>
        <time>2024-06-26T01:25:57.170Z</time>
      </trkpt>
      <trkpt lat="-6.616436" lon="106.918875">
        <ele>814.89</ele>
        <time>2024-06-26T01:26:50.095Z</time>
      </trkpt>
      <trkpt lat="-6.616529" lon="106.919026">
        <ele>824.79</ele>
        <time>2024-06-26T01:27:24.077Z</time>
      </trkpt>
      <trkpt lat="-6.616601" lon="106.919227">
        <ele>836.96</ele>
        <time>2024-06-26T01:28:04.945Z</time>
      </trkpt>
      <trkpt lat="-6.616804" lon="106.919278">
        <ele>841.61</ele>
        <time>2024-06-26T01:28:45.232Z</time>
      </trkpt>
      <trkpt lat="-6.617007" lon="106.919371">
        <ele>849.49</ele>
        <time>2024-06-26T01:29:28.177Z</time>
      </trkpt>
      <trkpt lat="-6.617104" lon="106.919397">
        <ele>851.75</ele>
        <time>2024-06-26T01:29:47.505Z</time>
      </trkpt>
      <trkpt lat="-6.617175" lon="106.919405">
        <ele>852.58</ele>
        <time>2024-06-26T01:30:01.261Z</time>
      </trkpt>
      <trkpt lat="-6.617277" lon="106.919358">
        <ele>850.88</ele>
        <time>2024-06-26T01:30:22.861Z</time>
      </trkpt>
      <trkpt lat="-6.61737" lon="106.919395">
        <ele>852.84</ele>
        <time>2024-06-26T01:30:42.116Z</time>
      </trkpt>
      <trkpt lat="-6.617507" lon="106.91947">
        <ele>856.39</ele>
        <time>2024-06-26T01:31:12.143Z</time>
      </trkpt>
      <trkpt lat="-6.617596" lon="106.919494">
        <ele>857.51</ele>
        <time>2024-06-26T01:31:29.884Z</time>
      </trkpt>
      <trkpt lat="-6.617665" lon="106.919491">
        <ele>857</ele>
        <time>2024-06-26T01:31:43.182Z</time>
      </trkpt>
      <trkpt lat="-6.617761" lon="106.919512">
        <ele>856.94</ele>
        <time>2024-06-26T01:32:02.098Z</time>
      </trkpt>
      <trkpt lat="-6.617871" lon="106.919584">
        <ele>857.77</ele>
        <time>2024-06-26T01:32:27.362Z</time>
      </trkpt>
      <trkpt lat="-6.617926" lon="106.919692">
        <ele>859.02</ele>
        <time>2024-06-26T01:32:50.575Z</time>
      </trkpt>
      <trkpt lat="-6.617954" lon="106.919767">
        <ele>858.62</ele>
        <time>2024-06-26T01:33:05.899Z</time>
      </trkpt>
      <trkpt lat="-6.618252" lon="106.919785">
        <ele>857.75</ele>
        <time>2024-06-26T01:34:03.383Z</time>
      </trkpt>
      <trkpt lat="-6.618437" lon="106.919766">
        <ele>858.75</ele>
        <time>2024-06-26T01:34:39.190Z</time>
      </trkpt>
      <trkpt lat="-6.618595" lon="106.919806">
        <ele>860.69</ele>
        <time>2024-06-26T01:35:10.560Z</time>
      </trkpt>
      <trkpt lat="-6.61876" lon="106.919872">
        <ele>864.44</ele>
        <time>2024-06-26T01:35:44.747Z</time>
      </trkpt>
      <trkpt lat="-6.618957" lon="106.919865">
        <ele>869.37</ele>
        <time>2024-06-26T01:36:22.703Z</time>
      </trkpt>
      <trkpt lat="-6.619146" lon="106.919854">
        <ele>876.01</ele>
        <time>2024-06-26T01:36:59.156Z</time>
      </trkpt>
      <trkpt lat="-6.619271" lon="106.919802">
        <ele>882.29</ele>
        <time>2024-06-26T01:37:25.199Z</time>
      </trkpt>
      <trkpt lat="-6.619395" lon="106.919713">
        <ele>890.23</ele>
        <time>2024-06-26T01:37:54.522Z</time>
      </trkpt>
      <trkpt lat="-6.619778" lon="106.919728">
        <ele>912.72</ele>
        <time>2024-06-26T01:39:08.325Z</time>
      </trkpt>
      <trkpt lat="-6.620019" lon="106.919796">
        <ele>923.24</ele>
        <time>2024-06-26T01:39:56.518Z</time>
      </trkpt>
      <trkpt lat="-6.620284" lon="106.919977">
        <ele>920.89</ele>
        <time>2024-06-26T01:40:58.180Z</time>
      </trkpt>
      <trkpt lat="-6.62033" lon="106.920027">
        <ele>919.66</ele>
        <time>2024-06-26T01:41:11.215Z</time>
      </trkpt>
      <trkpt lat="-6.620399" lon="106.920199">
        <ele>917.18</ele>
        <time>2024-06-26T01:41:46.694Z</time>
      </trkpt>
      <trkpt lat="-6.620423" lon="106.920426">
        <ele>918.95</ele>
        <time>2024-06-26T01:42:30.357Z</time>
      </trkpt>
      <trkpt lat="-6.620367" lon="106.920589">
        <ele>924.05</ele>
        <time>2024-06-26T01:43:03.345Z</time>
      </trkpt>
      <trkpt lat="-6.620341" lon="106.920726">
        <ele>927.2</ele>
        <time>2024-06-26T01:43:30.022Z</time>
      </trkpt>
      <trkpt lat="-6.620431" lon="106.921043">
        <ele>931.47</ele>
        <time>2024-06-26T01:44:33.082Z</time>
      </trkpt>
      <trkpt lat="-6.62058" lon="106.921265">
        <ele>933.99</ele>
        <time>2024-06-26T01:45:24.327Z</time>
      </trkpt>
      <trkpt lat="-6.62071" lon="106.921429">
        <ele>934.58</ele>
        <time>2024-06-26T01:46:04.458Z</time>
      </trkpt>
      <trkpt lat="-6.620707" lon="106.921621">
        <ele>933.69</ele>
        <time>2024-06-26T01:46:41.186Z</time>
      </trkpt>
      <trkpt lat="-6.620586" lon="106.921798">
        <ele>932.33</ele>
        <time>2024-06-26T01:47:22.283Z</time>
      </trkpt>
      <trkpt lat="-6.620531" lon="106.921961">
        <ele>932.07</ele>
        <time>2024-06-26T01:47:55.209Z</time>
      </trkpt>
      <trkpt lat="-6.620531" lon="106.922163">
        <ele>934.43</ele>
        <time>2024-06-26T01:48:33.845Z</time>
      </trkpt>
      <trkpt lat="-6.620606" lon="106.922302">
        <ele>937.87</ele>
        <time>2024-06-26T01:49:04.100Z</time>
      </trkpt>
      <trkpt lat="-6.620695" lon="106.922448">
        <ele>945.01</ele>
        <time>2024-06-26T01:49:36.864Z</time>
      </trkpt>
      <trkpt lat="-6.620772" lon="106.922699">
        <ele>953.75</ele>
        <time>2024-06-26T01:50:27.109Z</time>
      </trkpt>
      <trkpt lat="-6.62096" lon="106.922933">
        <ele>959.58</ele>
        <time>2024-06-26T01:51:24.673Z</time>
      </trkpt>
      <trkpt lat="-6.621099" lon="106.923104">
        <ele>961.89</ele>
        <time>2024-06-26T01:52:06.935Z</time>
      </trkpt>
      <trkpt lat="-6.621222" lon="106.92328">
        <ele>960.28</ele>
        <time>2024-06-26T01:52:48.095Z</time>
      </trkpt>
      <trkpt lat="-6.621234" lon="106.923402">
        <ele>956.51</ele>
        <time>2024-06-26T01:53:11.543Z</time>
      </trkpt>
      <trkpt lat="-6.620977" lon="106.923601">
        <ele>949.12</ele>
        <time>2024-06-26T01:54:13.974Z</time>
      </trkpt>
      <trkpt lat="-6.620853" lon="106.923754">
        <ele>947.18</ele>
        <time>2024-06-26T01:54:51.742Z</time>
      </trkpt>
      <trkpt lat="-6.620754" lon="106.923988">
        <ele>949.44</ele>
        <time>2024-06-26T01:55:40.389Z</time>
      </trkpt>
      <trkpt lat="-6.620699" lon="106.924211">
        <ele>956.62</ele>
        <time>2024-06-26T01:56:24.337Z</time>
      </trkpt>
      <trkpt lat="-6.62068" lon="106.924335">
        <ele>960.45</ele>
        <time>2024-06-26T01:56:48.334Z</time>
      </trkpt>
      <trkpt lat="-6.620667" lon="106.924503">
        <ele>966.41</ele>
        <time>2024-06-26T01:57:20.564Z</time>
      </trkpt>
      <trkpt lat="-6.620622" lon="106.92469">
        <ele>972.39</ele>
        <time>2024-06-26T01:57:57.365Z</time>
      </trkpt>
      <trkpt lat="-6.620647" lon="106.925038">
        <ele>980.76</ele>
        <time>2024-06-26T01:59:04.100Z</time>
      </trkpt>
      <trkpt lat="-6.620646" lon="106.925452">
        <ele>987.42</ele>
        <time>2024-06-26T02:00:23.285Z</time>
      </trkpt>
      <trkpt lat="-6.620628" lon="106.925703">
        <ele>993.33</ele>
        <time>2024-06-26T02:01:11.418Z</time>
      </trkpt>
      <trkpt lat="-6.620533" lon="106.925966">
        <ele>1003.87</ele>
        <time>2024-06-26T02:02:04.944Z</time>
      </trkpt>
      <trkpt lat="-6.620536" lon="106.926189">
        <ele>1010.27</ele>
        <time>2024-06-26T02:02:47.600Z</time>
      </trkpt>
      <trkpt lat="-6.62054" lon="106.926412">
        <ele>1012.5</ele>
        <time>2024-06-26T02:03:30.259Z</time>
      </trkpt>
      <trkpt lat="-6.620479" lon="106.926603">
        <ele>1010.33</ele>
        <time>2024-06-26T02:04:08.633Z</time>
      </trkpt>
      <trkpt lat="-6.620258" lon="106.927001">
        <ele>1005.73</ele>
        <time>2024-06-26T02:05:35.844Z</time>
      </trkpt>
      <trkpt lat="-6.620118" lon="106.927291">
        <ele>1009.85</ele>
        <time>2024-06-26T02:06:37.515Z</time>
      </trkpt>
      <trkpt lat="-6.620037" lon="106.927428">
        <ele>1012.95</ele>
        <time>2024-06-26T02:07:08.009Z</time>
      </trkpt>
      <trkpt lat="-6.620019" lon="106.927584">
        <ele>1016.12</ele>
        <time>2024-06-26T02:07:38.047Z</time>
      </trkpt>
      <trkpt lat="-6.619993" lon="106.927726">
        <ele>1017.86</ele>
        <time>2024-06-26T02:08:05.664Z</time>
      </trkpt>
      <trkpt lat="-6.619795" lon="106.928016">
        <ele>1023.68</ele>
        <time>2024-06-26T02:09:12.971Z</time>
      </trkpt>
      <trkpt lat="-6.619779" lon="106.92812">
        <ele>1023.77</ele>
        <time>2024-06-26T02:09:33.100Z</time>
      </trkpt>
      <trkpt lat="-6.619681" lon="106.928196">
        <ele>1024.93</ele>
        <time>2024-06-26T02:09:56.920Z</time>
      </trkpt>
      <trkpt lat="-6.619561" lon="106.92834">
        <ele>1025.17</ele>
        <time>2024-06-26T02:10:32.871Z</time>
      </trkpt>
      <trkpt lat="-6.619453" lon="106.928449">
        <ele>1027.58</ele>
        <time>2024-06-26T02:11:02.317Z</time>
      </trkpt>
      <trkpt lat="-6.6193" lon="106.928539">
        <ele>1032.42</ele>
        <time>2024-06-26T02:11:36.438Z</time>
      </trkpt>
      <trkpt lat="-6.619155" lon="106.928533">
        <ele>1036.02</ele>
        <time>2024-06-26T02:12:04.381Z</time>
      </trkpt>
      <trkpt lat="-6.618999" lon="106.92857">
        <ele>1042.16</ele>
        <time>2024-06-26T02:12:35.241Z</time>
      </trkpt>
      <trkpt lat="-6.618881" lon="106.928593">
        <ele>1044.98</ele>
        <time>2024-06-26T02:12:58.384Z</time>
      </trkpt>
      <trkpt lat="-6.618824" lon="106.928666">
        <ele>1046.97</ele>
        <time>2024-06-26T02:13:16.144Z</time>
      </trkpt>
      <trkpt lat="-6.618813" lon="106.928792">
        <ele>1047.61</ele>
        <time>2024-06-26T02:13:40.336Z</time>
      </trkpt>
      <trkpt lat="-6.618724" lon="106.928992">
        <ele>1047.19</ele>
        <time>2024-06-26T02:14:22.253Z</time>
      </trkpt>
      <trkpt lat="-6.618617" lon="106.929124">
        <ele>1044.94</ele>
        <time>2024-06-26T02:14:54.840Z</time>
      </trkpt>
      <trkpt lat="-6.618555" lon="106.929165">
        <ele>1043.16</ele>
        <time>2024-06-26T02:15:09.123Z</time>
      </trkpt>
      <trkpt lat="-6.61835" lon="106.929226">
        <ele>1038.59</ele>
        <time>2024-06-26T02:15:50.284Z</time>
      </trkpt>
      <trkpt lat="-6.61834218276913" lon="106.92922784888863">
        <ele>1038.5504272964959</ele>
        <time>2024-06-26T02:15:51.668Z</time>
      </trkpt>
      <trkpt lat="-6.618342" lon="106.929228">
        <ele>1038.55</ele>
        <time>2024-06-26T02:15:51.708Z</time>
      </trkpt>
      <trkpt lat="-6.618109" lon="106.929283">
        <ele>1037.37</ele>
        <time>2024-06-26T02:16:32.957Z</time>
      </trkpt>
      <trkpt lat="-6.617936" lon="106.929333">
        <ele>1036.4</ele>
        <time>2024-06-26T02:17:03.980Z</time>
      </trkpt>
      <trkpt lat="-6.617873" lon="106.92939">
        <ele>1035.79</ele>
        <time>2024-06-26T02:17:18.579Z</time>
      </trkpt>
      <trkpt lat="-6.61784" lon="106.929457">
        <ele>1035.35</ele>
        <time>2024-06-26T02:17:31.383Z</time>
      </trkpt>
      <trkpt lat="-6.617785" lon="106.929508">
        <ele>1034.92</ele>
        <time>2024-06-26T02:17:44.271Z</time>
      </trkpt>
      <trkpt lat="-6.617765" lon="106.929584">
        <ele>1034.66</ele>
        <time>2024-06-26T02:17:57.732Z</time>
      </trkpt>
      <trkpt lat="-6.618031" lon="106.929531">
        <ele>1035.45</ele>
        <time>2024-06-26T02:18:44.470Z</time>
      </trkpt>
      <trkpt lat="-6.618172" lon="106.929486">
        <ele>1035.5</ele>
        <time>2024-06-26T02:19:09.965Z</time>
      </trkpt>
      <trkpt lat="-6.618334" lon="106.929375">
        <ele>1037.58</ele>
        <time>2024-06-26T02:19:43.741Z</time>
      </trkpt>
      <trkpt lat="-6.618477" lon="106.929343">
        <ele>1039.07</ele>
        <time>2024-06-26T02:20:08.990Z</time>
      </trkpt>
      <trkpt lat="-6.618645" lon="106.929381">
        <ele>1041.04</ele>
        <time>2024-06-26T02:20:38.668Z</time>
      </trkpt>
      <trkpt lat="-6.618817" lon="106.929473">
        <ele>1041.37</ele>
        <time>2024-06-26T02:21:12.239Z</time>
      </trkpt>
      <trkpt lat="-6.618947" lon="106.929453">
        <ele>1042.92</ele>
        <time>2024-06-26T02:21:34.906Z</time>
      </trkpt>
      <trkpt lat="-6.61905" lon="106.929463">
        <ele>1042.48</ele>
        <time>2024-06-26T02:21:52.741Z</time>
      </trkpt>
      <trkpt lat="-6.619257" lon="106.929596">
        <ele>1039.14</ele>
        <time>2024-06-26T02:22:35.067Z</time>
      </trkpt>
      <trkpt lat="-6.619457" lon="106.929741">
        <ele>1036.01</ele>
        <time>2024-06-26T02:23:17.548Z</time>
      </trkpt>
      <trkpt lat="-6.619528" lon="106.9298">
        <ele>1034.42</ele>
        <time>2024-06-26T02:23:33.416Z</time>
      </trkpt>
      <trkpt lat="-6.61955" lon="106.929879">
        <ele>1034.49</ele>
        <time>2024-06-26T02:23:47.463Z</time>
      </trkpt>
      <trkpt lat="-6.619521" lon="106.930014">
        <ele>1036.29</ele>
        <time>2024-06-26T02:24:11.111Z</time>
      </trkpt>
      <trkpt lat="-6.619428" lon="106.930186">
        <ele>1039.31</ele>
        <time>2024-06-26T02:24:44.639Z</time>
      </trkpt>
      <trkpt lat="-6.619295" lon="106.930358">
        <ele>1043.28</ele>
        <time>2024-06-26T02:25:21.958Z</time>
      </trkpt>
      <trkpt lat="-6.619268" lon="106.930459">
        <ele>1043.06</ele>
        <time>2024-06-26T02:25:39.865Z</time>
      </trkpt>
      <trkpt lat="-6.619269" lon="106.930727">
        <ele>1040.77</ele>
        <time>2024-06-26T02:26:25.750Z</time>
      </trkpt>
      <trkpt lat="-6.619322" lon="106.930894">
        <ele>1039.94</ele>
        <time>2024-06-26T02:26:55.766Z</time>
      </trkpt>
      <trkpt lat="-6.619477" lon="106.930936">
        <ele>1039.27</ele>
        <time>2024-06-26T02:27:23.433Z</time>
      </trkpt>
      <trkpt lat="-6.619668" lon="106.930939">
        <ele>1039.68</ele>
        <time>2024-06-26T02:27:56.358Z</time>
      </trkpt>
      <trkpt lat="-6.620031" lon="106.930882">
        <ele>1041.74</ele>
        <time>2024-06-26T02:28:59.682Z</time>
      </trkpt>
      <trkpt lat="-6.620206" lon="106.930894">
        <ele>1044.2</ele>
        <time>2024-06-26T02:29:29.915Z</time>
      </trkpt>
      <trkpt lat="-6.620276" lon="106.930728">
        <ele>1041.04</ele>
        <time>2024-06-26T02:30:00.791Z</time>
      </trkpt>
      <trkpt lat="-6.620328" lon="106.930674">
        <ele>1040.4</ele>
        <time>2024-06-26T02:30:13.667Z</time>
      </trkpt>
      <trkpt lat="-6.62043" lon="106.930635">
        <ele>1040.88</ele>
        <time>2024-06-26T02:30:32.473Z</time>
      </trkpt>
      <trkpt lat="-6.620591" lon="106.930705">
        <ele>1046.13</ele>
        <time>2024-06-26T02:31:02.700Z</time>
      </trkpt>
      <trkpt lat="-6.620626" lon="106.930686">
        <ele>1046.6</ele>
        <time>2024-06-26T02:31:09.553Z</time>
      </trkpt>
      <trkpt lat="-6.620701" lon="106.930606">
        <ele>1046.48</ele>
        <time>2024-06-26T02:31:28.387Z</time>
      </trkpt>
      <trkpt lat="-6.620812" lon="106.930296">
        <ele>1043.7</ele>
        <time>2024-06-26T02:32:24.806Z</time>
      </trkpt>
      <trkpt lat="-6.620785" lon="106.930222">
        <ele>1041.19</ele>
        <time>2024-06-26T02:32:38.303Z</time>
      </trkpt>
      <trkpt lat="-6.620831" lon="106.930162">
        <ele>1041.49</ele>
        <time>2024-06-26T02:32:51.279Z</time>
      </trkpt>
      <trkpt lat="-6.620945" lon="106.9301">
        <ele>1044.16</ele>
        <time>2024-06-26T02:33:13.612Z</time>
      </trkpt>
      <trkpt lat="-6.621007" lon="106.929973">
        <ele>1043</ele>
        <time>2024-06-26T02:33:37.840Z</time>
      </trkpt>
      <trkpt lat="-6.621067" lon="106.929914">
        <ele>1043.07</ele>
        <time>2024-06-26T02:33:52.296Z</time>
      </trkpt>
      <trkpt lat="-6.621189" lon="106.929845">
        <ele>1044.79</ele>
        <time>2024-06-26T02:34:16.415Z</time>
      </trkpt>
      <trkpt lat="-6.621163" lon="106.929779">
        <ele>1042.63</ele>
        <time>2024-06-26T02:34:28.571Z</time>
      </trkpt>
      <trkpt lat="-6.621141" lon="106.929663">
        <ele>1039.73</ele>
        <time>2024-06-26T02:34:48.790Z</time>
      </trkpt>
      <trkpt lat="-6.621211" lon="106.929561">
        <ele>1039.59</ele>
        <time>2024-06-26T02:35:10.016Z</time>
      </trkpt>
      <trkpt lat="-6.621275" lon="106.929513">
        <ele>1039.84</ele>
        <time>2024-06-26T02:35:23.772Z</time>
      </trkpt>
      <trkpt lat="-6.6214" lon="106.929504">
        <ele>1041.74</ele>
        <time>2024-06-26T02:35:45.372Z</time>
      </trkpt>
      <trkpt lat="-6.621618" lon="106.929336">
        <ele>1040.37</ele>
        <time>2024-06-26T02:36:32.692Z</time>
      </trkpt>
      <trkpt lat="-6.62168" lon="106.929231">
        <ele>1038.68</ele>
        <time>2024-06-26T02:36:53.605Z</time>
      </trkpt>
      <trkpt lat="-6.621747" lon="106.929197">
        <ele>1038.65</ele>
        <time>2024-06-26T02:37:06.537Z</time>
      </trkpt>
      <trkpt lat="-6.621821" lon="106.92921">
        <ele>1039.73</ele>
        <time>2024-06-26T02:37:19.484Z</time>
      </trkpt>
      <trkpt lat="-6.621875" lon="106.92933">
        <ele>1042.49</ele>
        <time>2024-06-26T02:37:42.039Z</time>
      </trkpt>
      <trkpt lat="-6.62193" lon="106.929373">
        <ele>1043.44</ele>
        <time>2024-06-26T02:37:54.042Z</time>
      </trkpt>
      <trkpt lat="-6.621968" lon="106.929316">
        <ele>1042.88</ele>
        <time>2024-06-26T02:38:05.795Z</time>
      </trkpt>
      <trkpt lat="-6.621997" lon="106.929161">
        <ele>1040.81</ele>
        <time>2024-06-26T02:38:32.799Z</time>
      </trkpt>
      <trkpt lat="-6.62203" lon="106.929037">
        <ele>1038.9</ele>
        <time>2024-06-26T02:38:54.778Z</time>
      </trkpt>
      <trkpt lat="-6.622116" lon="106.929005">
        <ele>1038.94</ele>
        <time>2024-06-26T02:39:10.581Z</time>
      </trkpt>
      <trkpt lat="-6.622314" lon="106.929039">
        <ele>1039.11</ele>
        <time>2024-06-26T02:39:45.201Z</time>
      </trkpt>
      <trkpt lat="-6.622369" lon="106.929055">
        <ele>1039.06</ele>
        <time>2024-06-26T02:39:55.068Z</time>
      </trkpt>
      <trkpt lat="-6.622652" lon="106.929367">
        <ele>1040.92</ele>
        <time>2024-06-26T02:41:07.406Z</time>
      </trkpt>
      <trkpt lat="-6.622707" lon="106.929449">
        <ele>1040.91</ele>
        <time>2024-06-26T02:41:24.346Z</time>
      </trkpt>
      <trkpt lat="-6.622745" lon="106.929646">
        <ele>1042.54</ele>
        <time>2024-06-26T02:41:58.705Z</time>
      </trkpt>
      <trkpt lat="-6.622828" lon="106.929666">
        <ele>1042.58</ele>
        <time>2024-06-26T02:42:13.415Z</time>
      </trkpt>
      <trkpt lat="-6.622888" lon="106.929727">
        <ele>1043.37</ele>
        <time>2024-06-26T02:42:28.112Z</time>
      </trkpt>
      <trkpt lat="-6.622839" lon="106.929817">
        <ele>1044.42</ele>
        <time>2024-06-26T02:42:45.683Z</time>
      </trkpt>
      <trkpt lat="-6.622747" lon="106.929854">
        <ele>1044.9</ele>
        <time>2024-06-26T02:43:02.758Z</time>
      </trkpt>
      <trkpt lat="-6.622678" lon="106.92995">
        <ele>1046.07</ele>
        <time>2024-06-26T02:43:23.046Z</time>
      </trkpt>
      <trkpt lat="-6.62268" lon="106.930103">
        <ele>1046.47</ele>
        <time>2024-06-26T02:43:49.243Z</time>
      </trkpt>
      <trkpt lat="-6.62258" lon="106.930277">
        <ele>1047.62</ele>
        <time>2024-06-26T02:44:23.661Z</time>
      </trkpt>
      <trkpt lat="-6.622508" lon="106.930465">
        <ele>1048.49</ele>
        <time>2024-06-26T02:44:58.158Z</time>
      </trkpt>
      <trkpt lat="-6.622523" lon="106.930548">
        <ele>1048.02</ele>
        <time>2024-06-26T02:45:12.601Z</time>
      </trkpt>
      <trkpt lat="-6.622596" lon="106.930608">
        <ele>1046.61</ele>
        <time>2024-06-26T02:45:28.844Z</time>
      </trkpt>
      <trkpt lat="-6.622714" lon="106.930592">
        <ele>1046.01</ele>
        <time>2024-06-26T02:45:49.366Z</time>
      </trkpt>
      <trkpt lat="-6.622904" lon="106.930489">
        <ele>1047.79</ele>
        <time>2024-06-26T02:46:26.561Z</time>
      </trkpt>
      <trkpt lat="-6.623225" lon="106.930543">
        <ele>1051.62</ele>
        <time>2024-06-26T02:47:22.656Z</time>
      </trkpt>
      <trkpt lat="-6.623547" lon="106.930644">
        <ele>1052.34</ele>
        <time>2024-06-26T02:48:20.788Z</time>
      </trkpt>
      <trkpt lat="-6.623774" lon="106.930649">
        <ele>1053.62</ele>
        <time>2024-06-26T02:48:59.923Z</time>
      </trkpt>
      <trkpt lat="-6.623998" lon="106.930625">
        <ele>1053.43</ele>
        <time>2024-06-26T02:49:38.750Z</time>
      </trkpt>
      <trkpt lat="-6.624189" lon="106.930722">
        <ele>1056.84</ele>
        <time>2024-06-26T02:50:15.623Z</time>
      </trkpt>
      <trkpt lat="-6.624308" lon="106.930858">
        <ele>1059.01</ele>
        <time>2024-06-26T02:50:46.653Z</time>
      </trkpt>
      <trkpt lat="-6.624681" lon="106.931053">
        <ele>1053.54</ele>
        <time>2024-06-26T02:51:59.096Z</time>
      </trkpt>
      <trkpt lat="-6.624726" lon="106.931025">
        <ele>1053.45</ele>
        <time>2024-06-26T02:52:08.214Z</time>
      </trkpt>
      <trkpt lat="-6.624755468822173" lon="106.93107170373725">
        <ele>1051.3974870709612</ele>
        <time>2024-06-26T02:52:17.423Z</time>
      </trkpt>
      <trkpt lat="-6.624726" lon="106.931025">
        <ele>1053.45</ele>
        <time>2024-06-26T02:52:26.632Z</time>
      </trkpt>
      <trkpt lat="-6.624681" lon="106.931053">
        <ele>1053.54</ele>
        <time>2024-06-26T02:52:35.496Z</time>
      </trkpt>
      <trkpt lat="-6.624621" lon="106.931121">
        <ele>1054.22</ele>
        <time>2024-06-26T02:52:50.635Z</time>
      </trkpt>
      <trkpt lat="-6.62458" lon="106.931287">
        <ele>1054.99</ele>
        <time>2024-06-26T02:53:19.107Z</time>
      </trkpt>
      <trkpt lat="-6.624475" lon="106.931403">
        <ele>1057.57</ele>
        <time>2024-06-26T02:53:45.230Z</time>
      </trkpt>
      <trkpt lat="-6.624279" lon="106.931564">
        <ele>1061.36</ele>
        <time>2024-06-26T02:54:27.620Z</time>
      </trkpt>
      <trkpt lat="-6.624134" lon="106.931513">
        <ele>1064.66</ele>
        <time>2024-06-26T02:54:53.358Z</time>
      </trkpt>
      <trkpt lat="-6.623985" lon="106.931504">
        <ele>1065.4</ele>
        <time>2024-06-26T02:55:18.371Z</time>
      </trkpt>
      <trkpt lat="-6.623872" lon="106.931579">
        <ele>1065.49</ele>
        <time>2024-06-26T02:55:41.051Z</time>
      </trkpt>
      <trkpt lat="-6.623707" lon="106.931808">
        <ele>1068.73</ele>
        <time>2024-06-26T02:56:28.141Z</time>
      </trkpt>
      <trkpt lat="-6.623546" lon="106.93204">
        <ele>1073.47</ele>
        <time>2024-06-26T02:57:15.249Z</time>
      </trkpt>
      <trkpt lat="-6.623232" lon="106.932362">
        <ele>1079.17</ele>
        <time>2024-06-26T02:58:30.358Z</time>
      </trkpt>
      <trkpt lat="-6.623207" lon="106.932396">
        <ele>1079.85</ele>
        <time>2024-06-26T02:58:37.399Z</time>
      </trkpt>
      <trkpt lat="-6.623094" lon="106.93243">
        <ele>1079.51</ele>
        <time>2024-06-26T02:58:57.162Z</time>
      </trkpt>
      <trkpt lat="-6.622985" lon="106.932426">
        <ele>1079.3</ele>
        <time>2024-06-26T02:59:15.439Z</time>
      </trkpt>
      <trkpt lat="-6.622895" lon="106.932404">
        <ele>1078.55</ele>
        <time>2024-06-26T02:59:30.958Z</time>
      </trkpt>
      <trkpt lat="-6.622686" lon="106.932435">
        <ele>1080</ele>
        <time>2024-06-26T03:00:06.358Z</time>
      </trkpt>
      <trkpt lat="-6.62239" lon="106.9325">
        <ele>1082.62</ele>
        <time>2024-06-26T03:00:57.126Z</time>
      </trkpt>
      <trkpt lat="-6.622293" lon="106.932607">
        <ele>1085.71</ele>
        <time>2024-06-26T03:01:21.238Z</time>
      </trkpt>
      <trkpt lat="-6.622227" lon="106.932695">
        <ele>1088.47</ele>
        <time>2024-06-26T03:01:39.592Z</time>
      </trkpt>
      <trkpt lat="-6.62217" lon="106.932771">
        <ele>1090.88</ele>
        <time>2024-06-26T03:01:55.443Z</time>
      </trkpt>
      <trkpt lat="-6.621934" lon="106.932947">
        <ele>1096.68</ele>
        <time>2024-06-26T03:02:44.659Z</time>
      </trkpt>
      <trkpt lat="-6.621783" lon="106.933039">
        <ele>1096.98</ele>
        <time>2024-06-26T03:03:14.235Z</time>
      </trkpt>
      <trkpt lat="-6.621737" lon="106.933267">
        <ele>1099.79</ele>
        <time>2024-06-26T03:03:52.961Z</time>
      </trkpt>
      <trkpt lat="-6.621659" lon="106.933372">
        <ele>1098.43</ele>
        <time>2024-06-26T03:04:14.785Z</time>
      </trkpt>
      <trkpt lat="-6.621578" lon="106.933426">
        <ele>1095.35</ele>
        <time>2024-06-26T03:04:31.064Z</time>
      </trkpt>
      <trkpt lat="-6.621543" lon="106.933688">
        <ele>1098.14</ele>
        <time>2024-06-26T03:05:15.067Z</time>
      </trkpt>
      <trkpt lat="-6.621482" lon="106.93372">
        <ele>1095.35</ele>
        <time>2024-06-26T03:05:26.593Z</time>
      </trkpt>
      <trkpt lat="-6.62142" lon="106.933776">
        <ele>1093.02</ele>
        <time>2024-06-26T03:05:40.551Z</time>
      </trkpt>
      <trkpt lat="-6.621393" lon="106.933852">
        <ele>1093.01</ele>
        <time>2024-06-26T03:05:53.986Z</time>
      </trkpt>
      <trkpt lat="-6.621408" lon="106.933964">
        <ele>1095.87</ele>
        <time>2024-06-26T03:06:12.797Z</time>
      </trkpt>
      <trkpt lat="-6.621407" lon="106.9342">
        <ele>1099.91</ele>
        <time>2024-06-26T03:06:52.080Z</time>
      </trkpt>
      <trkpt lat="-6.621374" lon="106.934311">
        <ele>1100.01</ele>
        <time>2024-06-26T03:07:11.366Z</time>
      </trkpt>
      <trkpt lat="-6.621284" lon="106.934413">
        <ele>1098.95</ele>
        <time>2024-06-26T03:07:34.075Z</time>
      </trkpt>
      <trkpt lat="-6.621177" lon="106.934498">
        <ele>1098.39</ele>
        <time>2024-06-26T03:07:56.915Z</time>
      </trkpt>
      <trkpt lat="-6.620935" lon="106.934525">
        <ele>1093.07</ele>
        <time>2024-06-26T03:08:37.716Z</time>
      </trkpt>
      <trkpt lat="-6.620824" lon="106.934625">
        <ele>1094.17</ele>
        <time>2024-06-26T03:09:02.677Z</time>
      </trkpt>
      <trkpt lat="-6.620751" lon="106.934719">
        <ele>1095.88</ele>
        <time>2024-06-26T03:09:22.538Z</time>
      </trkpt>
      <trkpt lat="-6.620579" lon="106.934841">
        <ele>1095.06</ele>
        <time>2024-06-26T03:09:57.796Z</time>
      </trkpt>
      <trkpt lat="-6.620494" lon="106.934921">
        <ele>1095.5</ele>
        <time>2024-06-26T03:10:17.295Z</time>
      </trkpt>
      <trkpt lat="-6.620428" lon="106.935066">
        <ele>1099.37</ele>
        <time>2024-06-26T03:10:43.844Z</time>
      </trkpt>
      <trkpt lat="-6.62024" lon="106.935175">
        <ele>1099.56</ele>
        <time>2024-06-26T03:11:20.198Z</time>
      </trkpt>
      <trkpt lat="-6.620111" lon="106.935166">
        <ele>1098.45</ele>
        <time>2024-06-26T03:11:41.866Z</time>
      </trkpt>
      <trkpt lat="-6.619736" lon="106.935134">
        <ele>1099</ele>
        <time>2024-06-26T03:12:44.931Z</time>
      </trkpt>
      <trkpt lat="-6.619534" lon="106.935196">
        <ele>1100.35</ele>
        <time>2024-06-26T03:13:20.319Z</time>
      </trkpt>
      <trkpt lat="-6.619307" lon="106.935374">
        <ele>1104.47</ele>
        <time>2024-06-26T03:14:08.535Z</time>
      </trkpt>
      <trkpt lat="-6.619215" lon="106.935457">
        <ele>1104.34</ele>
        <time>2024-06-26T03:14:29.236Z</time>
      </trkpt>
      <trkpt lat="-6.61919" lon="106.935513">
        <ele>1105.05</ele>
        <time>2024-06-26T03:14:39.455Z</time>
      </trkpt>
      <trkpt lat="-6.619199" lon="106.93559">
        <ele>1106.69</ele>
        <time>2024-06-26T03:14:52.360Z</time>
      </trkpt>
      <trkpt lat="-6.61923" lon="106.935736">
        <ele>1109.98</ele>
        <time>2024-06-26T03:15:17.211Z</time>
      </trkpt>
      <trkpt lat="-6.619223" lon="106.93585">
        <ele>1111.02</ele>
        <time>2024-06-26T03:15:36.223Z</time>
      </trkpt>
      <trkpt lat="-6.619162" lon="106.935911">
        <ele>1109.23</ele>
        <time>2024-06-26T03:15:50.630Z</time>
      </trkpt>
      <trkpt lat="-6.619088" lon="106.935966">
        <ele>1107.04</ele>
        <time>2024-06-26T03:16:06.043Z</time>
      </trkpt>
      <trkpt lat="-6.619068" lon="106.936035">
        <ele>1107.29</ele>
        <time>2024-06-26T03:16:18.007Z</time>
      </trkpt>
      <trkpt lat="-6.619081" lon="106.936128">
        <ele>1108.3</ele>
        <time>2024-06-26T03:16:33.639Z</time>
      </trkpt>
      <trkpt lat="-6.619163" lon="106.936199">
        <ele>1111</ele>
        <time>2024-06-26T03:16:51.763Z</time>
      </trkpt>
      <trkpt lat="-6.619339" lon="106.936305">
        <ele>1114.84</ele>
        <time>2024-06-26T03:17:26.130Z</time>
      </trkpt>
      <trkpt lat="-6.61951" lon="106.936467">
        <ele>1115.98</ele>
        <time>2024-06-26T03:18:05.478Z</time>
      </trkpt>
      <trkpt lat="-6.619733" lon="106.936582">
        <ele>1118.24</ele>
        <time>2024-06-26T03:18:47.464Z</time>
      </trkpt>
      <trkpt lat="-6.619986" lon="106.936777">
        <ele>1120.94</ele>
        <time>2024-06-26T03:19:40.858Z</time>
      </trkpt>
      <trkpt lat="-6.6202" lon="106.936842">
        <ele>1123.52</ele>
        <time>2024-06-26T03:20:18.315Z</time>
      </trkpt>
      <trkpt lat="-6.620317" lon="106.936896">
        <ele>1124.56</ele>
        <time>2024-06-26T03:20:39.883Z</time>
      </trkpt>
      <trkpt lat="-6.620365" lon="106.936987">
        <ele>1124.69</ele>
        <time>2024-06-26T03:20:57.033Z</time>
      </trkpt>
      <trkpt lat="-6.620261" lon="106.93738">
        <ele>1125.39</ele>
        <time>2024-06-26T03:22:04.731Z</time>
      </trkpt>
      <trkpt lat="-6.620416" lon="106.937238">
        <ele>1125.84</ele>
        <time>2024-06-26T03:22:39.849Z</time>
      </trkpt>
      <trkpt lat="-6.620328" lon="106.937339">
        <ele>1125.61</ele>
        <time>2024-06-26T03:23:02.211Z</time>
      </trkpt>
      <trkpt lat="-6.620303" lon="106.937461">
        <ele>1126.45</ele>
        <time>2024-06-26T03:23:22.946Z</time>
      </trkpt>
      <trkpt lat="-6.62036" lon="106.937571">
        <ele>1127.81</ele>
        <time>2024-06-26T03:23:43.597Z</time>
      </trkpt>
      <trkpt lat="-6.620515" lon="106.93771">
        <ele>1131.65</ele>
        <time>2024-06-26T03:24:18.381Z</time>
      </trkpt>
      <trkpt lat="-6.620779" lon="106.937778">
        <ele>1137.84</ele>
        <time>2024-06-26T03:25:04.045Z</time>
      </trkpt>
      <trkpt lat="-6.62106" lon="106.937791">
        <ele>1142.16</ele>
        <time>2024-06-26T03:25:51.182Z</time>
      </trkpt>
      <trkpt lat="-6.621281" lon="106.937869">
        <ele>1145.17</ele>
        <time>2024-06-26T03:26:30.425Z</time>
      </trkpt>
      <trkpt lat="-6.62181" lon="106.938103">
        <ele>1154.55</ele>
        <time>2024-06-26T03:28:07.251Z</time>
      </trkpt>
      <trkpt lat="-6.621884" lon="106.938151">
        <ele>1154.79</ele>
        <time>2024-06-26T03:28:22.002Z</time>
      </trkpt>
      <trkpt lat="-6.621989" lon="106.938163">
        <ele>1153.98</ele>
        <time>2024-06-26T03:28:39.710Z</time>
      </trkpt>
      <trkpt lat="-6.622184" lon="106.938092">
        <ele>1153.98</ele>
        <time>2024-06-26T03:29:14.458Z</time>
      </trkpt>
      <trkpt lat="-6.622372" lon="106.938103">
        <ele>1152.78</ele>
        <time>2024-06-26T03:29:46.014Z</time>
      </trkpt>
      <trkpt lat="-6.622554" lon="106.938093">
        <ele>1153.18</ele>
        <time>2024-06-26T03:30:16.557Z</time>
      </trkpt>
      <trkpt lat="-6.622773" lon="106.938258">
        <ele>1151.33</ele>
        <time>2024-06-26T03:31:02.394Z</time>
      </trkpt>
      <trkpt lat="-6.623015" lon="106.938498">
        <ele>1147.75</ele>
        <time>2024-06-26T03:31:59.319Z</time>
      </trkpt>
      <trkpt lat="-6.623124" lon="106.938558">
        <ele>1148.48</ele>
        <time>2024-06-26T03:32:20.136Z</time>
      </trkpt>
      <trkpt lat="-6.623299" lon="106.938599">
        <ele>1156.18</ele>
        <time>2024-06-26T03:32:50.244Z</time>
      </trkpt>
      <trkpt lat="-6.623374" lon="106.938735">
        <ele>1151.03</ele>
        <time>2024-06-26T03:33:16.136Z</time>
      </trkpt>
      <trkpt lat="-6.623475" lon="106.938841">
        <ele>1149.69</ele>
        <time>2024-06-26T03:33:40.585Z</time>
      </trkpt>
      <trkpt lat="-6.623669" lon="106.93889">
        <ele>1158.71</ele>
        <time>2024-06-26T03:34:14.101Z</time>
      </trkpt>
      <trkpt lat="-6.624135" lon="106.939175">
        <ele>1164.49</ele>
        <time>2024-06-26T03:35:45.470Z</time>
      </trkpt>
      <trkpt lat="-6.624358" lon="106.939325">
        <ele>1167.24</ele>
        <time>2024-06-26T03:36:30.412Z</time>
      </trkpt>
      <trkpt lat="-6.624488" lon="106.939492">
        <ele>1164.41</ele>
        <time>2024-06-26T03:37:05.728Z</time>
      </trkpt>
      <trkpt lat="-6.624618" lon="106.939659">
        <ele>1164.68</ele>
        <time>2024-06-26T03:37:41.044Z</time>
      </trkpt>
      <trkpt lat="-6.624671" lon="106.939883">
        <ele>1157.65</ele>
        <time>2024-06-26T03:38:19.372Z</time>
      </trkpt>
      <trkpt lat="-6.624724" lon="106.940106">
        <ele>1154.13</ele>
        <time>2024-06-26T03:38:57.539Z</time>
      </trkpt>
      <trkpt lat="-6.624796" lon="106.940464">
        <ele>1148.58</ele>
        <time>2024-06-26T03:39:58.338Z</time>
      </trkpt>
      <trkpt lat="-6.624858" lon="106.94062">
        <ele>1150.29</ele>
        <time>2024-06-26T03:40:26.306Z</time>
      </trkpt>
      <trkpt lat="-6.625026" lon="106.940701">
        <ele>1160.84</ele>
        <time>2024-06-26T03:40:57.520Z</time>
      </trkpt>
      <trkpt lat="-6.625067" lon="106.940838">
        <ele>1161.63</ele>
        <time>2024-06-26T03:41:21.336Z</time>
      </trkpt>
      <trkpt lat="-6.624908" lon="106.940895">
        <ele>1151.64</ele>
        <time>2024-06-26T03:41:49.619Z</time>
      </trkpt>
      <trkpt lat="-6.624872" lon="106.940959">
        <ele>1149.73</ele>
        <time>2024-06-26T03:42:01.861Z</time>
      </trkpt>
      <trkpt lat="-6.624903" lon="106.941069">
        <ele>1151.48</ele>
        <time>2024-06-26T03:42:20.893Z</time>
      </trkpt>
      <trkpt lat="-6.624879" lon="106.941261">
        <ele>1151.66</ele>
        <time>2024-06-26T03:42:53.104Z</time>
      </trkpt>
      <trkpt lat="-6.624622" lon="106.941676">
        <ele>1149.17</ele>
        <time>2024-06-26T03:44:14.507Z</time>
      </trkpt>
      <trkpt lat="-6.624516" lon="106.94178">
        <ele>1148.42</ele>
        <time>2024-06-26T03:44:39.310Z</time>
      </trkpt>
      <trkpt lat="-6.624522" lon="106.941923">
        <ele>1149.95</ele>
        <time>2024-06-26T03:45:03.134Z</time>
      </trkpt>
      <trkpt lat="-6.62458" lon="106.942152">
        <ele>1154.65</ele>
        <time>2024-06-26T03:45:42.471Z</time>
      </trkpt>
      <trkpt lat="-6.624527" lon="106.942351">
        <ele>1157.3</ele>
        <time>2024-06-26T03:46:16.765Z</time>
      </trkpt>
      <trkpt lat="-6.624326" lon="106.942589">
        <ele>1155.22</ele>
        <time>2024-06-26T03:47:08.764Z</time>
      </trkpt>
      <trkpt lat="-6.624227" lon="106.942799">
        <ele>1156.27</ele>
        <time>2024-06-26T03:47:47.456Z</time>
      </trkpt>
      <trkpt lat="-6.624174" lon="106.943082">
        <ele>1159.53</ele>
        <time>2024-06-26T03:48:35.392Z</time>
      </trkpt>
      <trkpt lat="-6.624062" lon="106.943401">
        <ele>1157.87</ele>
        <time>2024-06-26T03:49:31.710Z</time>
      </trkpt>
      <trkpt lat="-6.623943" lon="106.943626">
        <ele>1153.7</ele>
        <time>2024-06-26T03:50:14.140Z</time>
      </trkpt>
      <trkpt lat="-6.623824" lon="106.943852">
        <ele>1152.06</ele>
        <time>2024-06-26T03:50:56.717Z</time>
      </trkpt>
      <trkpt lat="-6.623804" lon="106.943974">
        <ele>1154.14</ele>
        <time>2024-06-26T03:51:17.299Z</time>
      </trkpt>
      <trkpt lat="-6.623867" lon="106.944131">
        <ele>1156.21</ele>
        <time>2024-06-26T03:51:45.484Z</time>
      </trkpt>
      <trkpt lat="-6.623883877112631" lon="106.9441632199423">
        <ele>1156.3749354224497</ele>
        <time>2024-06-26T03:51:51.533Z</time>
      </trkpt>
      <trkpt lat="-6.623884" lon="106.944163">
        <ele>1156.38</ele>
        <time>2024-06-26T03:51:51.574Z</time>
      </trkpt>
      <trkpt lat="-6.623947" lon="106.944291">
        <ele>1156.41</ele>
        <time>2024-06-26T03:52:15.299Z</time>
      </trkpt>
      <trkpt lat="-6.624018" lon="106.944333">
        <ele>1157.67</ele>
        <time>2024-06-26T03:52:29.068Z</time>
      </trkpt>
      <trkpt lat="-6.624367" lon="106.944473">
        <ele>1161.8</ele>
        <time>2024-06-26T03:53:31.883Z</time>
      </trkpt>
      <trkpt lat="-6.624902" lon="106.944715">
        <ele>1167.47</ele>
        <time>2024-06-26T03:55:09.951Z</time>
      </trkpt>
      <trkpt lat="-6.625353" lon="106.944852">
        <ele>1173.49</ele>
        <time>2024-06-26T03:56:28.717Z</time>
      </trkpt>
      <trkpt lat="-6.625581" lon="106.945008">
        <ele>1165.8</ele>
        <time>2024-06-26T03:57:14.810Z</time>
      </trkpt>
      <trkpt lat="-6.625733" lon="106.945009">
        <ele>1167.06</ele>
        <time>2024-06-26T03:57:40.225Z</time>
      </trkpt>
      <trkpt lat="-6.625938" lon="106.944911">
        <ele>1172.94</ele>
        <time>2024-06-26T03:58:18.169Z</time>
      </trkpt>
      <trkpt lat="-6.626143" lon="106.944813">
        <ele>1176.37</ele>
        <time>2024-06-26T03:58:56.113Z</time>
      </trkpt>
      <trkpt lat="-6.626575" lon="106.944654">
        <ele>1184.24</ele>
        <time>2024-06-26T04:00:13.020Z</time>
      </trkpt>
      <trkpt lat="-6.626771" lon="106.944639">
        <ele>1185.28</ele>
        <time>2024-06-26T04:00:45.886Z</time>
      </trkpt>
      <trkpt lat="-6.626934" lon="106.944678">
        <ele>1186</ele>
        <time>2024-06-26T04:01:13.899Z</time>
      </trkpt>
      <trkpt lat="-6.626967" lon="106.944686">
        <ele>1186.15</ele>
        <time>2024-06-26T04:01:19.574Z</time>
      </trkpt>
      <trkpt lat="-6.627082" lon="106.944821">
        <ele>1186.76</ele>
        <time>2024-06-26T04:01:49.111Z</time>
      </trkpt>
      <trkpt lat="-6.627073" lon="106.945035">
        <ele>1186.4</ele>
        <time>2024-06-26T04:02:24.685Z</time>
      </trkpt>
      <trkpt lat="-6.62711" lon="106.945249">
        <ele>1185.59</ele>
        <time>2024-06-26T04:03:00.761Z</time>
      </trkpt>
      <trkpt lat="-6.627114" lon="106.945555">
        <ele>1182.24</ele>
        <time>2024-06-26T04:03:51.587Z</time>
      </trkpt>
      <trkpt lat="-6.627171" lon="106.945657">
        <ele>1180.53</ele>
        <time>2024-06-26T04:04:11.024Z</time>
      </trkpt>
      <trkpt lat="-6.627495" lon="106.945899">
        <ele>1175.1</ele>
        <time>2024-06-26T04:05:18.479Z</time>
      </trkpt>
      <trkpt lat="-6.627755" lon="106.946004">
        <ele>1172.46</ele>
        <time>2024-06-26T04:06:05.319Z</time>
      </trkpt>
      <trkpt lat="-6.627788488200466" lon="106.94590533864977">
        <ele>1171.1312450740618</ele>
        <time>2024-06-26T04:06:22.635Z</time>
      </trkpt>
      <trkpt lat="-6.627788488200466" lon="106.94590533864977">
        <ele>1171.1312450740618</ele>
        <time>2024-06-26T04:06:22.635Z</time>
      </trkpt>
      <trkpt lat="-6.628081775418396" lon="106.94624848002921">
        <ele>1159.6931300674332</ele>
        <time>2024-06-26T04:07:38.362Z</time>
      </trkpt>
      <trkpt lat="-6.628375062636326" lon="106.94659162140866">
        <ele>1158.1935781400562</ele>
        <time>2024-06-26T04:08:54.089Z</time>
      </trkpt>
      <trkpt lat="-6.628668349854256" lon="106.9469347627881">
        <ele>1161.6323665937196</ele>
        <time>2024-06-26T04:10:09.815Z</time>
      </trkpt>
      <trkpt lat="-6.6289616370721856" lon="106.94727790416755">
        <ele>1157.150624847505</ele>
        <time>2024-06-26T04:11:25.541Z</time>
      </trkpt>
      <trkpt lat="-6.629254924290116" lon="106.947621045547">
        <ele>1145.750618359195</ele>
        <time>2024-06-26T04:12:41.267Z</time>
      </trkpt>
      <trkpt lat="-6.6295482115080455" lon="106.94796418692644">
        <ele>1145.7701788432446</ele>
        <time>2024-06-26T04:13:56.993Z</time>
      </trkpt>
      <trkpt lat="-6.629841498725976" lon="106.94830732830589">
        <ele>1150.5655145456826</ele>
        <time>2024-06-26T04:15:12.719Z</time>
      </trkpt>
      <trkpt lat="-6.6301347859439055" lon="106.94865046968533">
        <ele>1154.894396492878</ele>
        <time>2024-06-26T04:16:28.445Z</time>
      </trkpt>
      <trkpt lat="-6.630176210838229" lon="106.94869893615271">
        <ele>1154.7006810523271</ele>
        <time>2024-06-26T04:16:38.967Z</time>
      </trkpt>
      <trkpt lat="-6.630204" lon="106.948677">
        <ele>1156.18</ele>
        <time>2024-06-26T04:16:44.817Z</time>
      </trkpt>
      <trkpt lat="-6.630285" lon="106.948778">
        <ele>1156.84</ele>
        <time>2024-06-26T04:17:06.179Z</time>
      </trkpt>
      <trkpt lat="-6.630415" lon="106.948952">
        <ele>1155.52</ele>
        <time>2024-06-26T04:17:42.010Z</time>
      </trkpt>
      <trkpt lat="-6.630465" lon="106.949118">
        <ele>1152.29</ele>
        <time>2024-06-26T04:18:10.557Z</time>
      </trkpt>
      <trkpt lat="-6.630608" lon="106.949499">
        <ele>1151.78</ele>
        <time>2024-06-26T04:19:17.585Z</time>
      </trkpt>
      <trkpt lat="-6.630668" lon="106.949657">
        <ele>1152.94</ele>
        <time>2024-06-26T04:19:45.422Z</time>
      </trkpt>
      <trkpt lat="-6.630736" lon="106.949801">
        <ele>1153.85</ele>
        <time>2024-06-26T04:20:11.661Z</time>
      </trkpt>
      <trkpt lat="-6.630661" lon="106.950058">
        <ele>1149.11</ele>
        <time>2024-06-26T04:20:55.743Z</time>
      </trkpt>
      <trkpt lat="-6.630577" lon="106.950183">
        <ele>1146.52</ele>
        <time>2024-06-26T04:21:20.579Z</time>
      </trkpt>
      <trkpt lat="-6.630464" lon="106.950282">
        <ele>1145.13</ele>
        <time>2024-06-26T04:21:45.397Z</time>
      </trkpt>
      <trkpt lat="-6.630172" lon="106.950484">
        <ele>1142.74</ele>
        <time>2024-06-26T04:22:44.095Z</time>
      </trkpt>
      <trkpt lat="-6.62999" lon="106.950571">
        <ele>1141.74</ele>
        <time>2024-06-26T04:23:17.475Z</time>
      </trkpt>
      <trkpt lat="-6.629919" lon="106.950682">
        <ele>1141.97</ele>
        <time>2024-06-26T04:23:39.202Z</time>
      </trkpt>
      <trkpt lat="-6.629912" lon="106.951022">
        <ele>1143.91</ele>
        <time>2024-06-26T04:24:35.168Z</time>
      </trkpt>
      <trkpt lat="-6.629683" lon="106.951257">
        <ele>1144.09</ele>
        <time>2024-06-26T04:25:29.345Z</time>
      </trkpt>
      <trkpt lat="-6.629429" lon="106.951486">
        <ele>1145.41</ele>
        <time>2024-06-26T04:26:25.835Z</time>
      </trkpt>
      <trkpt lat="-6.629236" lon="106.951612">
        <ele>1145.4</ele>
        <time>2024-06-26T04:27:03.945Z</time>
      </trkpt>
      <trkpt lat="-6.629102" lon="106.951834">
        <ele>1146.72</ele>
        <time>2024-06-26T04:27:46.696Z</time>
      </trkpt>
      <trkpt lat="-6.629135" lon="106.951846">
        <ele>1146.79</ele>
        <time>2024-06-26T04:27:52.509Z</time>
      </trkpt>
      <trkpt lat="-6.629172" lon="106.952002">
        <ele>1147.69</ele>
        <time>2024-06-26T04:28:18.903Z</time>
      </trkpt>
      <trkpt lat="-6.629095" lon="106.952174">
        <ele>1148.09</ele>
        <time>2024-06-26T04:28:49.951Z</time>
      </trkpt>
      <trkpt lat="-6.628878" lon="106.952339">
        <ele>1147.95</ele>
        <time>2024-06-26T04:29:35.005Z</time>
      </trkpt>
      <trkpt lat="-6.628713" lon="106.952324">
        <ele>1147.51</ele>
        <time>2024-06-26T04:30:02.453Z</time>
      </trkpt>
      <trkpt lat="-6.62879" lon="106.952411">
        <ele>1148</ele>
        <time>2024-06-26T04:30:21.629Z</time>
      </trkpt>
      <trkpt lat="-6.628713" lon="106.952324">
        <ele>1147.51</ele>
        <time>2024-06-26T04:30:40.805Z</time>
      </trkpt>
      <trkpt lat="-6.628878" lon="106.952339">
        <ele>1147.95</ele>
        <time>2024-06-26T04:31:08.253Z</time>
      </trkpt>
      <trkpt lat="-6.629095" lon="106.952174">
        <ele>1148.09</ele>
        <time>2024-06-26T04:31:53.307Z</time>
      </trkpt>
      <trkpt lat="-6.629172" lon="106.952002">
        <ele>1147.69</ele>
        <time>2024-06-26T04:32:24.355Z</time>
      </trkpt>
      <trkpt lat="-6.629135" lon="106.951846">
        <ele>1146.79</ele>
        <time>2024-06-26T04:32:50.749Z</time>
      </trkpt>
      <trkpt lat="-6.629102" lon="106.951834">
        <ele>1146.72</ele>
        <time>2024-06-26T04:32:56.562Z</time>
      </trkpt>
      <trkpt lat="-6.629236" lon="106.951612">
        <ele>1145.4</ele>
        <time>2024-06-26T04:33:39.313Z</time>
      </trkpt>
      <trkpt lat="-6.629429" lon="106.951486">
        <ele>1145.41</ele>
        <time>2024-06-26T04:34:17.423Z</time>
      </trkpt>
      <trkpt lat="-6.629683" lon="106.951257">
        <ele>1144.09</ele>
        <time>2024-06-26T04:35:13.913Z</time>
      </trkpt>
      <trkpt lat="-6.629912" lon="106.951022">
        <ele>1143.91</ele>
        <time>2024-06-26T04:36:08.090Z</time>
      </trkpt>
      <trkpt lat="-6.629919" lon="106.950682">
        <ele>1141.97</ele>
        <time>2024-06-26T04:37:04.056Z</time>
      </trkpt>
      <trkpt lat="-6.62999" lon="106.950571">
        <ele>1141.74</ele>
        <time>2024-06-26T04:37:25.783Z</time>
      </trkpt>
      <trkpt lat="-6.630172" lon="106.950484">
        <ele>1142.74</ele>
        <time>2024-06-26T04:37:59.163Z</time>
      </trkpt>
      <trkpt lat="-6.630464" lon="106.950282">
        <ele>1145.13</ele>
        <time>2024-06-26T04:38:57.861Z</time>
      </trkpt>
      <trkpt lat="-6.630577" lon="106.950183">
        <ele>1146.52</ele>
        <time>2024-06-26T04:39:22.679Z</time>
      </trkpt>
      <trkpt lat="-6.630661" lon="106.950058">
        <ele>1149.11</ele>
        <time>2024-06-26T04:39:47.515Z</time>
      </trkpt>
      <trkpt lat="-6.630736" lon="106.949801">
        <ele>1153.85</ele>
        <time>2024-06-26T04:40:31.597Z</time>
      </trkpt>
      <trkpt lat="-6.63078" lon="106.949868">
        <ele>1154.4</ele>
        <time>2024-06-26T04:40:44.815Z</time>
      </trkpt>
      <trkpt lat="-6.630789" lon="106.949914">
        <ele>1154.26</ele>
        <time>2024-06-26T04:40:52.530Z</time>
      </trkpt>
      <trkpt lat="-6.63079" lon="106.950016">
        <ele>1153.27</ele>
        <time>2024-06-26T04:41:09.317Z</time>
      </trkpt>
      <trkpt lat="-6.63084" lon="106.950135">
        <ele>1154.92</ele>
        <time>2024-06-26T04:41:30.580Z</time>
      </trkpt>
      <trkpt lat="-6.630888" lon="106.950219">
        <ele>1157.13</ele>
        <time>2024-06-26T04:41:46.528Z</time>
      </trkpt>
      <trkpt lat="-6.630913" lon="106.950321">
        <ele>1158.39</ele>
        <time>2024-06-26T04:42:03.817Z</time>
      </trkpt>
      <trkpt lat="-6.630948" lon="106.950389">
        <ele>1159.85</ele>
        <time>2024-06-26T04:42:16.420Z</time>
      </trkpt>
      <trkpt lat="-6.631" lon="106.950555">
        <ele>1161.69</ele>
        <time>2024-06-26T04:42:45.064Z</time>
      </trkpt>
      <trkpt lat="-6.631009" lon="106.950602">
        <ele>1161.79</ele>
        <time>2024-06-26T04:42:52.941Z</time>
      </trkpt>
      <trkpt lat="-6.631005" lon="106.950633">
        <ele>1161.44</ele>
        <time>2024-06-26T04:42:58.085Z</time>
      </trkpt>
      <trkpt lat="-6.630987" lon="106.95066">
        <ele>1160.55</ele>
        <time>2024-06-26T04:43:03.436Z</time>
      </trkpt>
      <trkpt lat="-6.630968" lon="106.950673">
        <ele>1159.69</ele>
        <time>2024-06-26T04:43:07.242Z</time>
      </trkpt>
      <trkpt lat="-6.630891" lon="106.950703">
        <ele>1157.13</ele>
        <time>2024-06-26T04:43:20.921Z</time>
      </trkpt>
      <trkpt lat="-6.630832" lon="106.950745">
        <ele>1155.38</ele>
        <time>2024-06-26T04:43:32.892Z</time>
      </trkpt>
      <trkpt lat="-6.630788" lon="106.950798">
        <ele>1154.18</ele>
        <time>2024-06-26T04:43:44.259Z</time>
      </trkpt>
      <trkpt lat="-6.630726" lon="106.950901">
        <ele>1152.31</ele>
        <time>2024-06-26T04:44:04.079Z</time>
      </trkpt>
      <trkpt lat="-6.630674" lon="106.950968">
        <ele>1150.99</ele>
        <time>2024-06-26T04:44:18.071Z</time>
      </trkpt>
      <trkpt lat="-6.630648" lon="106.951029">
        <ele>1150.41</ele>
        <time>2024-06-26T04:44:28.994Z</time>
      </trkpt>
      <trkpt lat="-6.63061" lon="106.951167">
        <ele>1149.16</ele>
        <time>2024-06-26T04:44:52.561Z</time>
      </trkpt>
      <trkpt lat="-6.630605" lon="106.951224">
        <ele>1148.94</ele>
        <time>2024-06-26T04:45:01.978Z</time>
      </trkpt>
      <trkpt lat="-6.63061" lon="106.951268">
        <ele>1149</ele>
        <time>2024-06-26T04:45:09.266Z</time>
      </trkpt>
      <trkpt lat="-6.630599" lon="106.951291">
        <ele>1148.91</ele>
        <time>2024-06-26T04:45:13.467Z</time>
      </trkpt>
      <trkpt lat="-6.630531" lon="106.951331">
        <ele>1148.44</ele>
        <time>2024-06-26T04:45:26.515Z</time>
      </trkpt>
      <trkpt lat="-6.63048" lon="106.951384">
        <ele>1148.34</ele>
        <time>2024-06-26T04:45:38.658Z</time>
      </trkpt>
      <trkpt lat="-6.63046" lon="106.951394">
        <ele>1148.28</ele>
        <time>2024-06-26T04:45:42.357Z</time>
      </trkpt>
      <trkpt lat="-6.630409" lon="106.9514">
        <ele>1148.05</ele>
        <time>2024-06-26T04:45:50.864Z</time>
      </trkpt>
      <trkpt lat="-6.630363" lon="106.951421">
        <ele>1148.01</ele>
        <time>2024-06-26T04:45:59.232Z</time>
      </trkpt>
      <trkpt lat="-6.630342" lon="106.951478">
        <ele>1148.45</ele>
        <time>2024-06-26T04:46:09.236Z</time>
      </trkpt>
      <trkpt lat="-6.630281" lon="106.951502">
        <ele>1148.59</ele>
        <time>2024-06-26T04:46:20.086Z</time>
      </trkpt>
      <trkpt lat="-6.630188" lon="106.951498">
        <ele>1148.53</ele>
        <time>2024-06-26T04:46:35.508Z</time>
      </trkpt>
      <trkpt lat="-6.630169" lon="106.95151">
        <ele>1148.67</ele>
        <time>2024-06-26T04:46:39.224Z</time>
      </trkpt>
      <trkpt lat="-6.630178" lon="106.951548">
        <ele>1149.11</ele>
        <time>2024-06-26T04:46:45.653Z</time>
      </trkpt>
      <trkpt lat="-6.63028" lon="106.951673">
        <ele>1150.56</ele>
        <time>2024-06-26T04:47:12.275Z</time>
      </trkpt>
      <trkpt lat="-6.630291" lon="106.951696">
        <ele>1150.83</ele>
        <time>2024-06-26T04:47:16.476Z</time>
      </trkpt>
      <trkpt lat="-6.630299" lon="106.951755">
        <ele>1151.26</ele>
        <time>2024-06-26T04:47:26.275Z</time>
      </trkpt>
      <trkpt lat="-6.630289" lon="106.951849">
        <ele>1151.8</ele>
        <time>2024-06-26T04:47:41.833Z</time>
      </trkpt>
      <trkpt lat="-6.630293" lon="106.951885">
        <ele>1152.01</ele>
        <time>2024-06-26T04:47:47.794Z</time>
      </trkpt>
      <trkpt lat="-6.630305" lon="106.951906">
        <ele>1152.14</ele>
        <time>2024-06-26T04:47:51.781Z</time>
      </trkpt>
      <trkpt lat="-6.630371" lon="106.951973">
        <ele>1152.52</ele>
        <time>2024-06-26T04:48:07.309Z</time>
      </trkpt>
      <trkpt lat="-6.630441" lon="106.952083">
        <ele>1153.17</ele>
        <time>2024-06-26T04:48:28.808Z</time>
      </trkpt>
      <trkpt lat="-6.630501" lon="106.952152">
        <ele>1153.93</ele>
        <time>2024-06-26T04:48:43.899Z</time>
      </trkpt>
      <trkpt lat="-6.63051" lon="106.952179">
        <ele>1154.14</ele>
        <time>2024-06-26T04:48:48.585Z</time>
      </trkpt>
      <trkpt lat="-6.630528" lon="106.952203">
        <ele>1154.38</ele>
        <time>2024-06-26T04:48:53.534Z</time>
      </trkpt>
      <trkpt lat="-6.630597" lon="106.95221">
        <ele>1154.82</ele>
        <time>2024-06-26T04:49:05.023Z</time>
      </trkpt>
      <trkpt lat="-6.63068" lon="106.952268">
        <ele>1156.06</ele>
        <time>2024-06-26T04:49:21.762Z</time>
      </trkpt>
      <trkpt lat="-6.630736" lon="106.952287">
        <ele>1156.82</ele>
        <time>2024-06-26T04:49:31.552Z</time>
      </trkpt>
      <trkpt lat="-6.630844" lon="106.952287">
        <ele>1158.33</ele>
        <time>2024-06-26T04:49:49.445Z</time>
      </trkpt>
      <trkpt lat="-6.630966" lon="106.952259">
        <ele>1160.17</ele>
        <time>2024-06-26T04:50:10.176Z</time>
      </trkpt>
      <trkpt lat="-6.631032" lon="106.952263">
        <ele>1160.94</ele>
        <time>2024-06-26T04:50:21.130Z</time>
      </trkpt>
      <trkpt lat="-6.631072" lon="106.952285">
        <ele>1161.41</ele>
        <time>2024-06-26T04:50:28.681Z</time>
      </trkpt>
      <trkpt lat="-6.63113" lon="106.95238">
        <ele>1162.09</ele>
        <time>2024-06-26T04:50:47.032Z</time>
      </trkpt>
      <trkpt lat="-6.631147" lon="106.952392">
        <ele>1162.29</ele>
        <time>2024-06-26T04:50:50.471Z</time>
      </trkpt>
      <trkpt lat="-6.631192" lon="106.952379">
        <ele>1162.86</ele>
        <time>2024-06-26T04:50:58.227Z</time>
      </trkpt>
      <trkpt lat="-6.631243" lon="106.952336">
        <ele>1163.67</ele>
        <time>2024-06-26T04:51:09.248Z</time>
      </trkpt>
      <trkpt lat="-6.631261" lon="106.95233">
        <ele>1163.94</ele>
        <time>2024-06-26T04:51:12.389Z</time>
      </trkpt>
      <trkpt lat="-6.631303" lon="106.952335">
        <ele>1164.45</ele>
        <time>2024-06-26T04:51:19.395Z</time>
      </trkpt>
      <trkpt lat="-6.631399" lon="106.952372">
        <ele>1164.87</ele>
        <time>2024-06-26T04:51:36.425Z</time>
      </trkpt>
      <trkpt lat="-6.631504" lon="106.952385">
        <ele>1165.62</ele>
        <time>2024-06-26T04:51:53.952Z</time>
      </trkpt>
      <trkpt lat="-6.631548" lon="106.952423">
        <ele>1165.98</ele>
        <time>2024-06-26T04:52:03.556Z</time>
      </trkpt>
      <trkpt lat="-6.631592" lon="106.952497">
        <ele>1166.49</ele>
        <time>2024-06-26T04:52:17.749Z</time>
      </trkpt>
      <trkpt lat="-6.631596" lon="106.952516">
        <ele>1166.54</ele>
        <time>2024-06-26T04:52:20.945Z</time>
      </trkpt>
      <trkpt lat="-6.631587" lon="106.952537">
        <ele>1166.44</ele>
        <time>2024-06-26T04:52:24.708Z</time>
      </trkpt>
      <trkpt lat="-6.631588" lon="106.952561">
        <ele>1166.45</ele>
        <time>2024-06-26T04:52:28.661Z</time>
      </trkpt>
      <trkpt lat="-6.631609" lon="106.95265">
        <ele>1166.69</ele>
        <time>2024-06-26T04:52:43.715Z</time>
      </trkpt>
      <trkpt lat="-6.631644" lon="106.95271">
        <ele>1167.15</ele>
        <time>2024-06-26T04:52:55.166Z</time>
      </trkpt>
      <trkpt lat="-6.631634" lon="106.952777">
        <ele>1167.18</ele>
        <time>2024-06-26T04:53:06.315Z</time>
      </trkpt>
      <trkpt lat="-6.631675" lon="106.952819">
        <ele>1168.14</ele>
        <time>2024-06-26T04:53:16.006Z</time>
      </trkpt>
      <trkpt lat="-6.631706" lon="106.95287">
        <ele>1168.98</ele>
        <time>2024-06-26T04:53:25.845Z</time>
      </trkpt>
      <trkpt lat="-6.63174" lon="106.952886">
        <ele>1169.67</ele>
        <time>2024-06-26T04:53:32.063Z</time>
      </trkpt>
      <trkpt lat="-6.631795" lon="106.952879">
        <ele>1170.6</ele>
        <time>2024-06-26T04:53:41.247Z</time>
      </trkpt>
      <trkpt lat="-6.631823" lon="106.952886">
        <ele>1171.15</ele>
        <time>2024-06-26T04:53:46.026Z</time>
      </trkpt>
      <trkpt lat="-6.631868" lon="106.952926">
        <ele>1172.15</ele>
        <time>2024-06-26T04:53:55.971Z</time>
      </trkpt>
      <trkpt lat="-6.631961" lon="106.952976">
        <ele>1174.07</ele>
        <time>2024-06-26T04:54:13.438Z</time>
      </trkpt>
      <trkpt lat="-6.632066" lon="106.953057">
        <ele>1176.91</ele>
        <time>2024-06-26T04:54:35.354Z</time>
      </trkpt>
      <trkpt lat="-6.632145" lon="106.9531">
        <ele>1179.01</ele>
        <time>2024-06-26T04:54:50.233Z</time>
      </trkpt>
      <trkpt lat="-6.632193" lon="106.953142">
        <ele>1180.38</ele>
        <time>2024-06-26T04:55:00.769Z</time>
      </trkpt>
      <trkpt lat="-6.63224" lon="106.953169">
        <ele>1181.64</ele>
        <time>2024-06-26T04:55:09.734Z</time>
      </trkpt>
      <trkpt lat="-6.632269" lon="106.953203">
        <ele>1182.51</ele>
        <time>2024-06-26T04:55:17.109Z</time>
      </trkpt>
      <trkpt lat="-6.632355" lon="106.953267">
        <ele>1185.4</ele>
        <time>2024-06-26T04:55:34.827Z</time>
      </trkpt>
      <trkpt lat="-6.63244" lon="106.953363">
        <ele>1189.22</ele>
        <time>2024-06-26T04:55:55.991Z</time>
      </trkpt>
      <trkpt lat="-6.632479" lon="106.953376">
        <ele>1190.4</ele>
        <time>2024-06-26T04:56:02.797Z</time>
      </trkpt>
      <trkpt lat="-6.632614" lon="106.9534">
        <ele>1196.52</ele>
        <time>2024-06-26T04:56:25.509Z</time>
      </trkpt>
      <trkpt lat="-6.632758" lon="106.953486">
        <ele>1205.49</ele>
        <time>2024-06-26T04:56:53.248Z</time>
      </trkpt>
      <trkpt lat="-6.632772" lon="106.953508">
        <ele>1206.59</ele>
        <time>2024-06-26T04:56:57.547Z</time>
      </trkpt>
      <trkpt lat="-6.632781" lon="106.953543">
        <ele>1207.56</ele>
        <time>2024-06-26T04:57:03.496Z</time>
      </trkpt>
      <trkpt lat="-6.632791" lon="106.953549">
        <ele>1208.18</ele>
        <time>2024-06-26T04:57:05.424Z</time>
      </trkpt>
      <trkpt lat="-6.632878" lon="106.953543">
        <ele>1212.77</ele>
        <time>2024-06-26T04:57:19.871Z</time>
      </trkpt>
      <trkpt lat="-6.632943" lon="106.953512">
        <ele>1215.83</ele>
        <time>2024-06-26T04:57:31.787Z</time>
      </trkpt>
      <trkpt lat="-6.63296" lon="106.953516">
        <ele>1216.77</ele>
        <time>2024-06-26T04:57:34.679Z</time>
      </trkpt>
      <trkpt lat="-6.633019" lon="106.953562">
        <ele>1220.22</ele>
        <time>2024-06-26T04:57:47.042Z</time>
      </trkpt>
      <trkpt lat="-6.633047" lon="106.953599">
        <ele>1221.8</ele>
        <time>2024-06-26T04:57:54.696Z</time>
      </trkpt>
      <trkpt lat="-6.633066" lon="106.953611">
        <ele>1222.72</ele>
        <time>2024-06-26T04:57:58.412Z</time>
      </trkpt>
      <trkpt lat="-6.633103" lon="106.953615">
        <ele>1224.28</ele>
        <time>2024-06-26T04:58:04.577Z</time>
      </trkpt>
      <trkpt lat="-6.63319" lon="106.953602">
        <ele>1227.59</ele>
        <time>2024-06-26T04:58:19.148Z</time>
      </trkpt>
      <trkpt lat="-6.633209" lon="106.953592">
        <ele>1228.16</ele>
        <time>2024-06-26T04:58:22.700Z</time>
      </trkpt>
      <trkpt lat="-6.633209" lon="106.953592">
        <ele>1228.15</ele>
        <time>2024-06-26T04:58:22.700Z</time>
      </trkpt>
      <trkpt lat="-6.633209" lon="106.953592">
        <ele>1228.16</ele>
        <time>2024-06-26T04:58:22.700Z</time>
      </trkpt>
      <trkpt lat="-6.633231" lon="106.95358">
        <ele>1228.82</ele>
        <time>2024-06-26T04:58:26.846Z</time>
      </trkpt>
      <trkpt lat="-6.633253" lon="106.953579">
        <ele>1229.6</ele>
        <time>2024-06-26T04:58:30.495Z</time>
      </trkpt>
      <trkpt lat="-6.633356" lon="106.953635">
        <ele>1233.92</ele>
        <time>2024-06-26T04:58:49.894Z</time>
      </trkpt>
      <trkpt lat="-6.633401" lon="106.953646">
        <ele>1236.01</ele>
        <time>2024-06-26T04:58:57.568Z</time>
      </trkpt>
      <trkpt lat="-6.633471" lon="106.953637">
        <ele>1239.06</ele>
        <time>2024-06-26T04:59:09.262Z</time>
      </trkpt>
      <trkpt lat="-6.633528" lon="106.953609">
        <ele>1241.55</ele>
        <time>2024-06-26T04:59:19.772Z</time>
      </trkpt>
      <trkpt lat="-6.633607" lon="106.953603">
        <ele>1244.79</ele>
        <time>2024-06-26T04:59:32.901Z</time>
      </trkpt>
      <trkpt lat="-6.633657" lon="106.953607">
        <ele>1246.83</ele>
        <time>2024-06-26T04:59:41.213Z</time>
      </trkpt>
      <trkpt lat="-6.6337" lon="106.9536">
        <ele>1248.72</ele>
        <time>2024-06-26T04:59:48.431Z</time>
      </trkpt>
      <trkpt lat="-6.633772" lon="106.953603">
        <ele>1252.05</ele>
        <time>2024-06-26T05:00:00.373Z</time>
      </trkpt>
      <trkpt lat="-6.633849" lon="106.95363">
        <ele>1255.51</ele>
        <time>2024-06-26T05:00:13.885Z</time>
      </trkpt>
      <trkpt lat="-6.633971" lon="106.95364">
        <ele>1262.5</ele>
        <time>2024-06-26T05:00:34.169Z</time>
      </trkpt>
      <trkpt lat="-6.634004" lon="106.953631">
        <ele>1264.48</ele>
        <time>2024-06-26T05:00:39.834Z</time>
      </trkpt>
      <trkpt lat="-6.634032" lon="106.953602">
        <ele>1266.33</ele>
        <time>2024-06-26T05:00:46.491Z</time>
      </trkpt>
      <trkpt lat="-6.634051" lon="106.953567">
        <ele>1268.19</ele>
        <time>2024-06-26T05:00:53.056Z</time>
      </trkpt>
      <trkpt lat="-6.634064" lon="106.953518">
        <ele>1269.96</ele>
        <time>2024-06-26T05:01:01.404Z</time>
      </trkpt>
      <trkpt lat="-6.634109" lon="106.953474">
        <ele>1273.88</ele>
        <time>2024-06-26T05:01:11.799Z</time>
      </trkpt>
      <trkpt lat="-6.634122" lon="106.95343">
        <ele>1275.69</ele>
        <time>2024-06-26T05:01:19.355Z</time>
      </trkpt>
      <trkpt lat="-6.63411" lon="106.953398">
        <ele>1275.96</ele>
        <time>2024-06-26T05:01:24.985Z</time>
      </trkpt>
      <trkpt lat="-6.634023" lon="106.953298">
        <ele>1273.37</ele>
        <time>2024-06-26T05:01:46.867Z</time>
      </trkpt>
      <trkpt lat="-6.633957" lon="106.953176">
        <ele>1273.66</ele>
        <time>2024-06-26T05:02:09.735Z</time>
      </trkpt>
      <trkpt lat="-6.633943" lon="106.953106">
        <ele>1275.36</ele>
        <time>2024-06-26T05:02:21.489Z</time>
      </trkpt>
      <trkpt lat="-6.633964" lon="106.952987">
        <ele>1280.83</ele>
        <time>2024-06-26T05:02:41.384Z</time>
      </trkpt>
      <trkpt lat="-6.633946" lon="106.952865">
        <ele>1283</ele>
        <time>2024-06-26T05:03:01.687Z</time>
      </trkpt>
      <trkpt lat="-6.633948" lon="106.952829">
        <ele>1284.01</ele>
        <time>2024-06-26T05:03:07.622Z</time>
      </trkpt>
      <trkpt lat="-6.63397" lon="106.952819">
        <ele>1286.06</ele>
        <time>2024-06-26T05:03:11.622Z</time>
      </trkpt>
      <trkpt lat="-6.634026" lon="106.952857">
        <ele>1289.59</ele>
        <time>2024-06-26T05:03:22.813Z</time>
      </trkpt>
      <trkpt lat="-6.634084" lon="106.95294">
        <ele>1291.11</ele>
        <time>2024-06-26T05:03:39.518Z</time>
      </trkpt>
      <trkpt lat="-6.634106" lon="106.953022">
        <ele>1289.8</ele>
        <time>2024-06-26T05:03:53.499Z</time>
      </trkpt>
      <trkpt lat="-6.63413" lon="106.953052">
        <ele>1290.44</ele>
        <time>2024-06-26T05:03:59.839Z</time>
      </trkpt>
      <trkpt lat="-6.634154" lon="106.953055">
        <ele>1292.02</ele>
        <time>2024-06-26T05:04:03.846Z</time>
      </trkpt>
      <trkpt lat="-6.634167" lon="106.953049">
        <ele>1293.14</ele>
        <time>2024-06-26T05:04:06.215Z</time>
      </trkpt>
      <trkpt lat="-6.634177" lon="106.953032">
        <ele>1294.44</ele>
        <time>2024-06-26T05:04:09.467Z</time>
      </trkpt>
      <trkpt lat="-6.634179" lon="106.953002">
        <ele>1295.62</ele>
        <time>2024-06-26T05:04:14.416Z</time>
      </trkpt>
      <trkpt lat="-6.634195" lon="106.952971">
        <ele>1297.83</ele>
        <time>2024-06-26T05:04:20.166Z</time>
      </trkpt>
      <trkpt lat="-6.634228" lon="106.952932">
        <ele>1301.02</ele>
        <time>2024-06-26T05:04:28.599Z</time>
      </trkpt>
      <trkpt lat="-6.634252" lon="106.952918">
        <ele>1302.75</ele>
        <time>2024-06-26T05:04:33.195Z</time>
      </trkpt>
      <trkpt lat="-6.634284" lon="106.952963">
        <ele>1303.13</ele>
        <time>2024-06-26T05:04:42.305Z</time>
      </trkpt>
      <trkpt lat="-6.634301" lon="106.953012">
        <ele>1302.72</ele>
        <time>2024-06-26T05:04:50.848Z</time>
      </trkpt>
      <trkpt lat="-6.634349" lon="106.953038">
        <ele>1304.92</ele>
        <time>2024-06-26T05:04:59.880Z</time>
      </trkpt>
      <trkpt lat="-6.634371" lon="106.953032">
        <ele>1306.38</ele>
        <time>2024-06-26T05:05:03.657Z</time>
      </trkpt>
      <trkpt lat="-6.634398" lon="106.952958">
        <ele>1309.4</ele>
        <time>2024-06-26T05:05:16.634Z</time>
      </trkpt>
      <trkpt lat="-6.634429" lon="106.952825">
        <ele>1313.72</ele>
        <time>2024-06-26T05:05:39.122Z</time>
      </trkpt>
      <trkpt lat="-6.634466" lon="106.952753">
        <ele>1316.78</ele>
        <time>2024-06-26T05:05:52.466Z</time>
      </trkpt>
      <trkpt lat="-6.634508" lon="106.9527">
        <ele>1319</ele>
        <time>2024-06-26T05:06:03.626Z</time>
      </trkpt>
      <trkpt lat="-6.634533" lon="106.952632">
        <ele>1320.4</ele>
        <time>2024-06-26T05:06:15.561Z</time>
      </trkpt>
      <trkpt lat="-6.634588" lon="106.952528">
        <ele>1322.98</ele>
        <time>2024-06-26T05:06:34.955Z</time>
      </trkpt>
      <trkpt lat="-6.634629" lon="106.952468">
        <ele>1324.66</ele>
        <time>2024-06-26T05:06:46.943Z</time>
      </trkpt>
      <trkpt lat="-6.634697" lon="106.952433">
        <ele>1327.45</ele>
        <time>2024-06-26T05:06:59.599Z</time>
      </trkpt>
      <trkpt lat="-6.634791" lon="106.95233">
        <ele>1331.3</ele>
        <time>2024-06-26T05:07:22.623Z</time>
      </trkpt>
      <trkpt lat="-6.634828" lon="106.952308">
        <ele>1332.81</ele>
        <time>2024-06-26T05:07:29.744Z</time>
      </trkpt>
      <trkpt lat="-6.634911" lon="106.952233">
        <ele>1335.87</ele>
        <time>2024-06-26T05:07:48.226Z</time>
      </trkpt>
      <trkpt lat="-6.634943" lon="106.952172">
        <ele>1337.33</ele>
        <time>2024-06-26T05:07:59.581Z</time>
      </trkpt>
      <trkpt lat="-6.634985" lon="106.951993">
        <ele>1340</ele>
        <time>2024-06-26T05:08:29.857Z</time>
      </trkpt>
      <trkpt lat="-6.635006" lon="106.951952">
        <ele>1340.95</ele>
        <time>2024-06-26T05:08:37.450Z</time>
      </trkpt>
      <trkpt lat="-6.635052" lon="106.951921">
        <ele>1342.55</ele>
        <time>2024-06-26T05:08:46.623Z</time>
      </trkpt>
      <trkpt lat="-6.63512" lon="106.951895">
        <ele>1342.86</ele>
        <time>2024-06-26T05:08:58.677Z</time>
      </trkpt>
      <trkpt lat="-6.63516" lon="106.951894">
        <ele>1342.87</ele>
        <time>2024-06-26T05:09:05.307Z</time>
      </trkpt>
      <trkpt lat="-6.635213" lon="106.951905">
        <ele>1342.74</ele>
        <time>2024-06-26T05:09:14.274Z</time>
      </trkpt>
      <trkpt lat="-6.635252" lon="106.951899">
        <ele>1342.15</ele>
        <time>2024-06-26T05:09:20.812Z</time>
      </trkpt>
      <trkpt lat="-6.635279" lon="106.951884">
        <ele>1341.68</ele>
        <time>2024-06-26T05:09:25.922Z</time>
      </trkpt>
      <trkpt lat="-6.635332" lon="106.951821">
        <ele>1341.76</ele>
        <time>2024-06-26T05:09:39.512Z</time>
      </trkpt>
      <trkpt lat="-6.635393" lon="106.951789">
        <ele>1341.2</ele>
        <time>2024-06-26T05:09:50.911Z</time>
      </trkpt>
      <trkpt lat="-6.635414" lon="106.951785">
        <ele>1340.62</ele>
        <time>2024-06-26T05:09:54.452Z</time>
      </trkpt>
      <trkpt lat="-6.635478" lon="106.951806">
        <ele>1338.1</ele>
        <time>2024-06-26T05:10:05.607Z</time>
      </trkpt>
      <trkpt lat="-6.635521" lon="106.951846">
        <ele>1335.98</ele>
        <time>2024-06-26T05:10:15.309Z</time>
      </trkpt>
      <trkpt lat="-6.635577" lon="106.95186">
        <ele>1334.03</ele>
        <time>2024-06-26T05:10:24.871Z</time>
      </trkpt>
      <trkpt lat="-6.635617" lon="106.951856">
        <ele>1332.89</ele>
        <time>2024-06-26T05:10:31.532Z</time>
      </trkpt>
      <trkpt lat="-6.635764" lon="106.951811">
        <ele>1329.1</ele>
        <time>2024-06-26T05:10:56.994Z</time>
      </trkpt>
      <trkpt lat="-6.635794" lon="106.951808">
        <ele>1328.35</ele>
        <time>2024-06-26T05:11:01.990Z</time>
      </trkpt>
      <trkpt lat="-6.635912" lon="106.951858">
        <ele>1325.04</ele>
        <time>2024-06-26T05:11:23.206Z</time>
      </trkpt>
      <trkpt lat="-6.635971" lon="106.951864">
        <ele>1323.93</ele>
        <time>2024-06-26T05:11:33.033Z</time>
      </trkpt>
      <trkpt lat="-6.636102" lon="106.951903">
        <ele>1321.42</ele>
        <time>2024-06-26T05:11:55.671Z</time>
      </trkpt>
      <trkpt lat="-6.636222" lon="106.951888">
        <ele>1318.61</ele>
        <time>2024-06-26T05:12:15.710Z</time>
      </trkpt>
      <trkpt lat="-6.636274" lon="106.951906">
        <ele>1317.52</ele>
        <time>2024-06-26T05:12:24.822Z</time>
      </trkpt>
      <trkpt lat="-6.636376" lon="106.951917">
        <ele>1315.61</ele>
        <time>2024-06-26T05:12:41.822Z</time>
      </trkpt>
      <trkpt lat="-6.636414" lon="106.95194">
        <ele>1314.76</ele>
        <time>2024-06-26T05:12:49.169Z</time>
      </trkpt>
      <trkpt lat="-6.63645" lon="106.951948">
        <ele>1313.89</ele>
        <time>2024-06-26T05:12:55.278Z</time>
      </trkpt>
      <trkpt lat="-6.636513" lon="106.951925">
        <ele>1312.55</ele>
        <time>2024-06-26T05:13:06.383Z</time>
      </trkpt>
      <trkpt lat="-6.636645" lon="106.951924">
        <ele>1309.55</ele>
        <time>2024-06-26T05:13:28.258Z</time>
      </trkpt>
      <trkpt lat="-6.636717" lon="106.951881">
        <ele>1308.02</ele>
        <time>2024-06-26T05:13:42.131Z</time>
      </trkpt>
      <trkpt lat="-6.636816" lon="106.951852">
        <ele>1306.03</ele>
        <time>2024-06-26T05:13:59.217Z</time>
      </trkpt>
      <trkpt lat="-6.636878" lon="106.951818">
        <ele>1304.94</ele>
        <time>2024-06-26T05:14:10.917Z</time>
      </trkpt>
      <trkpt lat="-6.636923" lon="106.951782">
        <ele>1304.15</ele>
        <time>2024-06-26T05:14:20.442Z</time>
      </trkpt>
      <trkpt lat="-6.636997" lon="106.951746">
        <ele>1302.93</ele>
        <time>2024-06-26T05:14:34.062Z</time>
      </trkpt>
      <trkpt lat="-6.637038" lon="106.951708">
        <ele>1302.13</ele>
        <time>2024-06-26T05:14:43.297Z</time>
      </trkpt>
      <trkpt lat="-6.637237" lon="106.951612">
        <ele>1299.42</ele>
        <time>2024-06-26T05:15:19.866Z</time>
      </trkpt>
      <trkpt lat="-6.637285" lon="106.951603">
        <ele>1298.79</ele>
        <time>2024-06-26T05:15:27.957Z</time>
      </trkpt>
      <trkpt lat="-6.637351" lon="106.951602">
        <ele>1297.63</ele>
        <time>2024-06-26T05:15:38.895Z</time>
      </trkpt>
      <trkpt lat="-6.637485" lon="106.951617">
        <ele>1295.17</ele>
        <time>2024-06-26T05:16:01.238Z</time>
      </trkpt>
      <trkpt lat="-6.637603" lon="106.951602">
        <ele>1292.87</ele>
        <time>2024-06-26T05:16:20.948Z</time>
      </trkpt>
      <trkpt lat="-6.637771" lon="106.951653">
        <ele>1287.77</ele>
        <time>2024-06-26T05:16:50.027Z</time>
      </trkpt>
      <trkpt lat="-6.637809" lon="106.951672">
        <ele>1286.38</ele>
        <time>2024-06-26T05:16:57.058Z</time>
      </trkpt>
      <trkpt lat="-6.637841" lon="106.9517">
        <ele>1285.1</ele>
        <time>2024-06-26T05:17:04.084Z</time>
      </trkpt>
      <trkpt lat="-6.637882" lon="106.951777">
        <ele>1283.45</ele>
        <time>2024-06-26T05:17:18.465Z</time>
      </trkpt>
      <trkpt lat="-6.6379" lon="106.951798">
        <ele>1282.82</ele>
        <time>2024-06-26T05:17:23.030Z</time>
      </trkpt>
      <trkpt lat="-6.637951" lon="106.951828">
        <ele>1281.17</ele>
        <time>2024-06-26T05:17:32.818Z</time>
      </trkpt>
      <trkpt lat="-6.638007" lon="106.951874">
        <ele>1278.93</ele>
        <time>2024-06-26T05:17:44.795Z</time>
      </trkpt>
      <trkpt lat="-6.638052" lon="106.951932">
        <ele>1277.12</ele>
        <time>2024-06-26T05:17:56.909Z</time>
      </trkpt>
      <trkpt lat="-6.638092" lon="106.951954">
        <ele>1275.69</ele>
        <time>2024-06-26T05:18:04.462Z</time>
      </trkpt>
      <trkpt lat="-6.63813" lon="106.951961">
        <ele>1274.39</ele>
        <time>2024-06-26T05:18:10.863Z</time>
      </trkpt>
      <trkpt lat="-6.63825" lon="106.951922">
        <ele>1270.8</ele>
        <time>2024-06-26T05:18:31.760Z</time>
      </trkpt>
      <trkpt lat="-6.638336" lon="106.951878">
        <ele>1267.84</ele>
        <time>2024-06-26T05:18:47.746Z</time>
      </trkpt>
      <trkpt lat="-6.638514" lon="106.95174">
        <ele>1261.33</ele>
        <time>2024-06-26T05:19:24.977Z</time>
      </trkpt>
      <trkpt lat="-6.638706" lon="106.951623">
        <ele>1256.52</ele>
        <time>2024-06-26T05:20:02.170Z</time>
      </trkpt>
      <trkpt lat="-6.638895" lon="106.951557">
        <ele>1253.23</ele>
        <time>2024-06-26T05:20:35.322Z</time>
      </trkpt>
      <trkpt lat="-6.638937" lon="106.951564">
        <ele>1252.82</ele>
        <time>2024-06-26T05:20:42.377Z</time>
      </trkpt>
      <trkpt lat="-6.639013" lon="106.951603">
        <ele>1252.38</ele>
        <time>2024-06-26T05:20:56.513Z</time>
      </trkpt>
      <trkpt lat="-6.639104" lon="106.951589">
        <ele>1251.15</ele>
        <time>2024-06-26T05:21:11.768Z</time>
      </trkpt>
      <trkpt lat="-6.639258" lon="106.951616">
        <ele>1249.66</ele>
        <time>2024-06-26T05:21:37.673Z</time>
      </trkpt>
      <trkpt lat="-6.639354" lon="106.951598">
        <ele>1248.09</ele>
        <time>2024-06-26T05:21:53.855Z</time>
      </trkpt>
      <trkpt lat="-6.639564" lon="106.95159">
        <ele>1243.84</ele>
        <time>2024-06-26T05:22:28.681Z</time>
      </trkpt>
      <trkpt lat="-6.639664" lon="106.951613">
        <ele>1242.31</ele>
        <time>2024-06-26T05:22:45.680Z</time>
      </trkpt>
      <trkpt lat="-6.63977" lon="106.951624">
        <ele>1239.41</ele>
        <time>2024-06-26T05:23:03.339Z</time>
      </trkpt>
      <trkpt lat="-6.639879" lon="106.951612">
        <ele>1235.91</ele>
        <time>2024-06-26T05:23:21.510Z</time>
      </trkpt>
      <trkpt lat="-6.639908" lon="106.951615">
        <ele>1235.03</ele>
        <time>2024-06-26T05:23:26.341Z</time>
      </trkpt>
      <trkpt lat="-6.639991" lon="106.95165">
        <ele>1232.81</ele>
        <time>2024-06-26T05:23:41.253Z</time>
      </trkpt>
      <trkpt lat="-6.640089" lon="106.951732">
        <ele>1230.48</ele>
        <time>2024-06-26T05:24:02.370Z</time>
      </trkpt>
      <trkpt lat="-6.640131" lon="106.951793">
        <ele>1230.07</ele>
        <time>2024-06-26T05:24:14.587Z</time>
      </trkpt>
      <trkpt lat="-6.640169" lon="106.951875">
        <ele>1230.16</ele>
        <time>2024-06-26T05:24:29.481Z</time>
      </trkpt>
      <trkpt lat="-6.640193" lon="106.951897">
        <ele>1229.78</ele>
        <time>2024-06-26T05:24:34.860Z</time>
      </trkpt>
      <trkpt lat="-6.640272" lon="106.951947">
        <ele>1228</ele>
        <time>2024-06-26T05:24:50.324Z</time>
      </trkpt>
      <trkpt lat="-6.640488" lon="106.952019">
        <ele>1222.23</ele>
        <time>2024-06-26T05:25:28.030Z</time>
      </trkpt>
      <trkpt lat="-6.640566" lon="106.952055">
        <ele>1220.64</ele>
        <time>2024-06-26T05:25:42.249Z</time>
      </trkpt>
      <trkpt lat="-6.640683" lon="106.952149">
        <ele>1218.35</ele>
        <time>2024-06-26T05:26:07.055Z</time>
      </trkpt>
      <trkpt lat="-6.640713" lon="106.952188">
        <ele>1217.8</ele>
        <time>2024-06-26T05:26:15.174Z</time>
      </trkpt>
      <trkpt lat="-6.640722" lon="106.952228">
        <ele>1217.86</ele>
        <time>2024-06-26T05:26:21.925Z</time>
      </trkpt>
      <trkpt lat="-6.640714" lon="106.952279">
        <ele>1217.51</ele>
        <time>2024-06-26T05:26:30.424Z</time>
      </trkpt>
      <trkpt lat="-6.640656" lon="106.952374">
        <ele>1219.03</ele>
        <time>2024-06-26T05:26:48.779Z</time>
      </trkpt>
      <trkpt lat="-6.640595" lon="106.952505">
        <ele>1219.61</ele>
        <time>2024-06-26T05:27:12.594Z</time>
      </trkpt>
      <trkpt lat="-6.640575" lon="106.952565">
        <ele>1219.53</ele>
        <time>2024-06-26T05:27:23.011Z</time>
      </trkpt>
      <trkpt lat="-6.640555" lon="106.952598">
        <ele>1219.91</ele>
        <time>2024-06-26T05:27:29.374Z</time>
      </trkpt>
      <trkpt lat="-6.640519" lon="106.952793">
        <ele>1216.56</ele>
        <time>2024-06-26T05:28:02.022Z</time>
      </trkpt>
      <trkpt lat="-6.64047" lon="106.952879">
        <ele>1217.85</ele>
        <time>2024-06-26T05:28:18.342Z</time>
      </trkpt>
      <trkpt lat="-6.640461" lon="106.952941">
        <ele>1216.62</ele>
        <time>2024-06-26T05:28:28.656Z</time>
      </trkpt>
      <trkpt lat="-6.640479" lon="106.953124">
        <ele>1209.91</ele>
        <time>2024-06-26T05:28:58.926Z</time>
      </trkpt>
      <trkpt lat="-6.640447" lon="106.953224">
        <ele>1209.54</ele>
        <time>2024-06-26T05:29:16.220Z</time>
      </trkpt>
      <trkpt lat="-6.640431" lon="106.953342">
        <ele>1208.45</ele>
        <time>2024-06-26T05:29:35.824Z</time>
      </trkpt>
      <trkpt lat="-6.640437" lon="106.95339">
        <ele>1207.43</ele>
        <time>2024-06-26T05:29:43.787Z</time>
      </trkpt>
      <trkpt lat="-6.64047" lon="106.953458">
        <ele>1205.26</ele>
        <time>2024-06-26T05:29:56.245Z</time>
      </trkpt>
      <trkpt lat="-6.640646" lon="106.95365">
        <ele>1199.77</ele>
        <time>2024-06-26T05:30:39.251Z</time>
      </trkpt>
      <trkpt lat="-6.640677" lon="106.9537">
        <ele>1199.47</ele>
        <time>2024-06-26T05:30:48.953Z</time>
      </trkpt>
      <trkpt lat="-6.640812" lon="106.95377">
        <ele>1197.8</ele>
        <time>2024-06-26T05:31:14.118Z</time>
      </trkpt>
      <trkpt lat="-6.640911" lon="106.95384">
        <ele>1196.61</ele>
        <time>2024-06-26T05:31:34.166Z</time>
      </trkpt>
      <trkpt lat="-6.640981" lon="106.953864">
        <ele>1195.77</ele>
        <time>2024-06-26T05:31:46.420Z</time>
      </trkpt>
      <trkpt lat="-6.641066" lon="106.953876">
        <ele>1194.66</ele>
        <time>2024-06-26T05:32:00.644Z</time>
      </trkpt>
      <trkpt lat="-6.641124" lon="106.953899">
        <ele>1193.98</ele>
        <time>2024-06-26T05:32:10.974Z</time>
      </trkpt>
      <trkpt lat="-6.641169" lon="106.953907">
        <ele>1193.31</ele>
        <time>2024-06-26T05:32:18.546Z</time>
      </trkpt>
      <trkpt lat="-6.641235" lon="106.953912">
        <ele>1192.42</ele>
        <time>2024-06-26T05:32:29.514Z</time>
      </trkpt>
      <trkpt lat="-6.641307" lon="106.953906">
        <ele>1191.54</ele>
        <time>2024-06-26T05:32:41.486Z</time>
      </trkpt>
      <trkpt lat="-6.641377" lon="106.953916">
        <ele>1190.78</ele>
        <time>2024-06-26T05:32:53.202Z</time>
      </trkpt>
      <trkpt lat="-6.641504" lon="106.953911">
        <ele>1189.26</ele>
        <time>2024-06-26T05:33:14.264Z</time>
      </trkpt>
      <trkpt lat="-6.641709" lon="106.953976">
        <ele>1187.24</ele>
        <time>2024-06-26T05:33:49.882Z</time>
      </trkpt>
      <trkpt lat="-6.641862" lon="106.954114">
        <ele>1186.25</ele>
        <time>2024-06-26T05:34:23.924Z</time>
      </trkpt>
      <trkpt lat="-6.642013" lon="106.954296">
        <ele>1185.51</ele>
        <time>2024-06-26T05:35:02.959Z</time>
      </trkpt>
      <trkpt lat="-6.642088" lon="106.954409">
        <ele>1184.64</ele>
        <time>2024-06-26T05:35:25.330Z</time>
      </trkpt>
      <trkpt lat="-6.642169" lon="106.954494">
        <ele>1183.87</ele>
        <time>2024-06-26T05:35:44.719Z</time>
      </trkpt>
      <trkpt lat="-6.64223" lon="106.954571">
        <ele>1183.61</ele>
        <time>2024-06-26T05:36:00.931Z</time>
      </trkpt>
      <trkpt lat="-6.642272" lon="106.954587">
        <ele>1183.39</ele>
        <time>2024-06-26T05:36:08.372Z</time>
      </trkpt>
      <trkpt lat="-6.6425" lon="106.954603">
        <ele>1181.44</ele>
        <time>2024-06-26T05:36:46.248Z</time>
      </trkpt>
      <trkpt lat="-6.642536" lon="106.954621">
        <ele>1181.23</ele>
        <time>2024-06-26T05:36:52.909Z</time>
      </trkpt>
      <trkpt lat="-6.642559" lon="106.954645">
        <ele>1181.18</ele>
        <time>2024-06-26T05:36:58.398Z</time>
      </trkpt>
      <trkpt lat="-6.64258" lon="106.954686">
        <ele>1181.09</ele>
        <time>2024-06-26T05:37:05.991Z</time>
      </trkpt>
      <trkpt lat="-6.64259" lon="106.954749">
        <ele>1181.22</ele>
        <time>2024-06-26T05:37:16.492Z</time>
      </trkpt>
      <trkpt lat="-6.642576" lon="106.954889">
        <ele>1181.84</ele>
        <time>2024-06-26T05:37:39.653Z</time>
      </trkpt>
      <trkpt lat="-6.642582" lon="106.954915">
        <ele>1181.7</ele>
        <time>2024-06-26T05:37:44.046Z</time>
      </trkpt>
      <trkpt lat="-6.64261" lon="106.954961">
        <ele>1181.05</ele>
        <time>2024-06-26T05:37:52.926Z</time>
      </trkpt>
      <trkpt lat="-6.642669" lon="106.954991">
        <ele>1179.67</ele>
        <time>2024-06-26T05:38:03.879Z</time>
      </trkpt>
      <trkpt lat="-6.642802" lon="106.955031">
        <ele>1176.55</ele>
        <time>2024-06-26T05:38:26.882Z</time>
      </trkpt>
      <trkpt lat="-6.642949" lon="106.955087">
        <ele>1173.11</ele>
        <time>2024-06-26T05:38:52.928Z</time>
      </trkpt>
      <trkpt lat="-6.643042" lon="106.955146">
        <ele>1170.93</ele>
        <time>2024-06-26T05:39:11.144Z</time>
      </trkpt>
      <trkpt lat="-6.643233" lon="106.955348">
        <ele>1166.45</ele>
        <time>2024-06-26T05:39:57.051Z</time>
      </trkpt>
      <trkpt lat="-6.643256" lon="106.955395">
        <ele>1165.92</ele>
        <time>2024-06-26T05:40:05.675Z</time>
      </trkpt>
      <trkpt lat="-6.64328" lon="106.955504">
        <ele>1165.32</ele>
        <time>2024-06-26T05:40:24.052Z</time>
      </trkpt>
      <trkpt lat="-6.643307" lon="106.95555">
        <ele>1164.61</ele>
        <time>2024-06-26T05:40:32.847Z</time>
      </trkpt>
      <trkpt lat="-6.643349" lon="106.955589">
        <ele>1163.81</ele>
        <time>2024-06-26T05:40:42.315Z</time>
      </trkpt>
      <trkpt lat="-6.643398" lon="106.955615">
        <ele>1163.09</ele>
        <time>2024-06-26T05:40:51.494Z</time>
      </trkpt>
      <trkpt lat="-6.643424" lon="106.955622">
        <ele>1162.74</ele>
        <time>2024-06-26T05:40:55.954Z</time>
      </trkpt>
      <trkpt lat="-6.643473" lon="106.955619">
        <ele>1162.35</ele>
        <time>2024-06-26T05:41:04.089Z</time>
      </trkpt>
      <trkpt lat="-6.64356" lon="106.955581">
        <ele>1161.3</ele>
        <time>2024-06-26T05:41:19.805Z</time>
      </trkpt>
      <trkpt lat="-6.643606" lon="106.955541">
        <ele>1160.42</ele>
        <time>2024-06-26T05:41:29.878Z</time>
      </trkpt>
      <trkpt lat="-6.643605" lon="106.955503">
        <ele>1159.98</ele>
        <time>2024-06-26T05:41:36.135Z</time>
      </trkpt>
      <trkpt lat="-6.643614" lon="106.955493">
        <ele>1159.76</ele>
        <time>2024-06-26T05:41:38.356Z</time>
      </trkpt>
      <trkpt lat="-6.643657" lon="106.955518">
        <ele>1159.59</ele>
        <time>2024-06-26T05:41:46.584Z</time>
      </trkpt>
      <trkpt lat="-6.643757" lon="106.955521">
        <ele>1158.55</ele>
        <time>2024-06-26T05:42:03.163Z</time>
      </trkpt>
      <trkpt lat="-6.643882" lon="106.95554">
        <ele>1158.47</ele>
        <time>2024-06-26T05:42:24.113Z</time>
      </trkpt>
      <trkpt lat="-6.643897" lon="106.95556">
        <ele>1158.95</ele>
        <time>2024-06-26T05:42:28.238Z</time>
      </trkpt>
      <trkpt lat="-6.643913" lon="106.955626">
        <ele>1160.75</ele>
        <time>2024-06-26T05:42:39.421Z</time>
      </trkpt>
      <trkpt lat="-6.643923" lon="106.955642">
        <ele>1161.23</ele>
        <time>2024-06-26T05:42:42.532Z</time>
      </trkpt>
      <trkpt lat="-6.643939" lon="106.955649">
        <ele>1161.51</ele>
        <time>2024-06-26T05:42:45.423Z</time>
      </trkpt>
      <trkpt lat="-6.644025" lon="106.955656">
        <ele>1162.66</ele>
        <time>2024-06-26T05:42:59.721Z</time>
      </trkpt>
      <trkpt lat="-6.644105" lon="106.955636">
        <ele>1162.73</ele>
        <time>2024-06-26T05:43:13.381Z</time>
      </trkpt>
      <trkpt lat="-6.644165" lon="106.955631">
        <ele>1163.56</ele>
        <time>2024-06-26T05:43:23.358Z</time>
      </trkpt>
      <trkpt lat="-6.644241" lon="106.95561">
        <ele>1164.04</ele>
        <time>2024-06-26T05:43:36.418Z</time>
      </trkpt>
      <trkpt lat="-6.644297" lon="106.955573">
        <ele>1163.53</ele>
        <time>2024-06-26T05:43:47.518Z</time>
      </trkpt>
      <trkpt lat="-6.644364" lon="106.95555">
        <ele>1163.94</ele>
        <time>2024-06-26T05:43:59.249Z</time>
      </trkpt>
      <trkpt lat="-6.644419" lon="106.955519">
        <ele>1164.06</ele>
        <time>2024-06-26T05:44:09.694Z</time>
      </trkpt>
      <trkpt lat="-6.644491" lon="106.955516">
        <ele>1164.83</ele>
        <time>2024-06-26T05:44:21.636Z</time>
      </trkpt>
      <trkpt lat="-6.644559" lon="106.955501">
        <ele>1164.8</ele>
        <time>2024-06-26T05:44:33.172Z</time>
      </trkpt>
      <trkpt lat="-6.64458901060446" lon="106.95551490735328">
        <ele>1165.305056514976</ele>
        <time>2024-06-26T05:44:38.593Z</time>
      </trkpt>
      <trkpt lat="-6.644589" lon="106.955515">
        <ele>1165.31</ele>
        <time>2024-06-26T05:44:38.608Z</time>
      </trkpt>
      <trkpt lat="-6.6446" lon="106.95552">
        <ele>1165.49</ele>
        <time>2024-06-26T05:44:40.588Z</time>
      </trkpt>
      <trkpt lat="-6.644654" lon="106.955605">
        <ele>1167.24</ele>
        <time>2024-06-26T05:44:57.034Z</time>
      </trkpt>
      <trkpt lat="-6.644724" lon="106.955623">
        <ele>1166.91</ele>
        <time>2024-06-26T05:45:08.890Z</time>
      </trkpt>
      <trkpt lat="-6.644848" lon="106.95563">
        <ele>1166.09</ele>
        <time>2024-06-26T05:45:29.271Z</time>
      </trkpt>
      <trkpt lat="-6.645023" lon="106.955592">
        <ele>1165.45</ele>
        <time>2024-06-26T05:45:58.650Z</time>
      </trkpt>
      <trkpt lat="-6.645146" lon="106.955598">
        <ele>1166.16</ele>
        <time>2024-06-26T05:46:18.858Z</time>
      </trkpt>
      <trkpt lat="-6.64529" lon="106.955657">
        <ele>1167.85</ele>
        <time>2024-06-26T05:46:44.371Z</time>
      </trkpt>
      <trkpt lat="-6.645439" lon="106.955665">
        <ele>1169.59</ele>
        <time>2024-06-26T05:47:08.857Z</time>
      </trkpt>
      <trkpt lat="-6.645508" lon="106.955705">
        <ele>1170.79</ele>
        <time>2024-06-26T05:47:21.923Z</time>
      </trkpt>
      <trkpt lat="-6.645602" lon="106.955836">
        <ele>1172.49</ele>
        <time>2024-06-26T05:47:48.265Z</time>
      </trkpt>
      <trkpt lat="-6.645687" lon="106.955877">
        <ele>1173.91</ele>
        <time>2024-06-26T05:48:03.732Z</time>
      </trkpt>
      <trkpt lat="-6.645863" lon="106.955906">
        <ele>1176.55</ele>
        <time>2024-06-26T05:48:32.999Z</time>
      </trkpt>
      <trkpt lat="-6.645811" lon="106.95569">
        <ele>1175.92</ele>
        <time>2024-06-26T05:49:09.227Z</time>
      </trkpt>
      <trkpt lat="-6.645812" lon="106.955607">
        <ele>1175.6</ele>
        <time>2024-06-26T05:49:22.757Z</time>
      </trkpt>
      <trkpt lat="-6.645864" lon="106.955477">
        <ele>1175</ele>
        <time>2024-06-26T05:49:45.601Z</time>
      </trkpt>
      <trkpt lat="-6.645973" lon="106.955257">
        <ele>1172.7</ele>
        <time>2024-06-26T05:50:25.675Z</time>
      </trkpt>
      <trkpt lat="-6.646217" lon="106.954899">
        <ele>1169.12</ele>
        <time>2024-06-26T05:51:36.447Z</time>
      </trkpt>
      <trkpt lat="-6.646306" lon="106.954687">
        <ele>1166.75</ele>
        <time>2024-06-26T05:52:13.963Z</time>
      </trkpt>
      <trkpt lat="-6.646314" lon="106.954588">
        <ele>1165.35</ele>
        <time>2024-06-26T05:52:30.153Z</time>
      </trkpt>
      <trkpt lat="-6.64629" lon="106.954396">
        <ele>1162.48</ele>
        <time>2024-06-26T05:53:01.696Z</time>
      </trkpt>
      <trkpt lat="-6.646309" lon="106.954345">
        <ele>1161.8</ele>
        <time>2024-06-26T05:53:10.574Z</time>
      </trkpt>
      <trkpt lat="-6.646346" lon="106.954314">
        <ele>1161.52</ele>
        <time>2024-06-26T05:53:18.473Z</time>
      </trkpt>
      <trkpt lat="-6.646309" lon="106.954345">
        <ele>1161.8</ele>
        <time>2024-06-26T05:53:26.372Z</time>
      </trkpt>
      <trkpt lat="-6.64629" lon="106.954396">
        <ele>1162.48</ele>
        <time>2024-06-26T05:53:35.250Z</time>
      </trkpt>
      <trkpt lat="-6.646314" lon="106.954588">
        <ele>1165.35</ele>
        <time>2024-06-26T05:54:06.793Z</time>
      </trkpt>
      <trkpt lat="-6.646306" lon="106.954687">
        <ele>1166.75</ele>
        <time>2024-06-26T05:54:22.983Z</time>
      </trkpt>
      <trkpt lat="-6.646217" lon="106.954899">
        <ele>1169.12</ele>
        <time>2024-06-26T05:55:00.499Z</time>
      </trkpt>
      <trkpt lat="-6.645973" lon="106.955257">
        <ele>1172.7</ele>
        <time>2024-06-26T05:56:11.271Z</time>
      </trkpt>
      <trkpt lat="-6.645864" lon="106.955477">
        <ele>1175</ele>
        <time>2024-06-26T05:56:51.345Z</time>
      </trkpt>
      <trkpt lat="-6.645812" lon="106.955607">
        <ele>1175.6</ele>
        <time>2024-06-26T05:57:14.189Z</time>
      </trkpt>
      <trkpt lat="-6.645811" lon="106.95569">
        <ele>1175.92</ele>
        <time>2024-06-26T05:57:27.719Z</time>
      </trkpt>
      <trkpt lat="-6.645863" lon="106.955906">
        <ele>1176.55</ele>
        <time>2024-06-26T05:58:03.947Z</time>
      </trkpt>
      <trkpt lat="-6.645687" lon="106.955877">
        <ele>1173.91</ele>
        <time>2024-06-26T05:58:33.214Z</time>
      </trkpt>
      <trkpt lat="-6.645602" lon="106.955836">
        <ele>1172.49</ele>
        <time>2024-06-26T05:58:48.681Z</time>
      </trkpt>
      <trkpt lat="-6.645508" lon="106.955705">
        <ele>1170.79</ele>
        <time>2024-06-26T05:59:15.023Z</time>
      </trkpt>
      <trkpt lat="-6.645439" lon="106.955665">
        <ele>1169.59</ele>
        <time>2024-06-26T05:59:28.089Z</time>
      </trkpt>
      <trkpt lat="-6.64529" lon="106.955657">
        <ele>1167.85</ele>
        <time>2024-06-26T05:59:52.575Z</time>
      </trkpt>
      <trkpt lat="-6.645146" lon="106.955598">
        <ele>1166.16</ele>
        <time>2024-06-26T06:00:18.088Z</time>
      </trkpt>
      <trkpt lat="-6.645023" lon="106.955592">
        <ele>1165.45</ele>
        <time>2024-06-26T06:00:38.296Z</time>
      </trkpt>
      <trkpt lat="-6.644848" lon="106.95563">
        <ele>1166.09</ele>
        <time>2024-06-26T06:01:07.675Z</time>
      </trkpt>
      <trkpt lat="-6.644724" lon="106.955623">
        <ele>1166.91</ele>
        <time>2024-06-26T06:01:28.056Z</time>
      </trkpt>
      <trkpt lat="-6.644654" lon="106.955605">
        <ele>1167.24</ele>
        <time>2024-06-26T06:01:39.912Z</time>
      </trkpt>
      <trkpt lat="-6.644642" lon="106.955761">
        <ele>1171.88</ele>
        <time>2024-06-26T06:02:05.416Z</time>
      </trkpt>
      <trkpt lat="-6.644632" lon="106.955804">
        <ele>1173.53</ele>
        <time>2024-06-26T06:02:12.614Z</time>
      </trkpt>
      <trkpt lat="-6.644617" lon="106.955819">
        <ele>1174.27</ele>
        <time>2024-06-26T06:02:16.083Z</time>
      </trkpt>
      <trkpt lat="-6.644617137020668" lon="106.95581886297933">
        <ele>1174.2777936409923</ele>
        <time>2024-06-26T06:02:16.114Z</time>
      </trkpt>
      <trkpt lat="-6.6446" lon="106.955836">
        <ele>1175.14</ele>
        <time>2024-06-26T06:02:20.077Z</time>
      </trkpt>
      <trkpt lat="-6.644477" lon="106.955895">
        <ele>1178.92</ele>
        <time>2024-06-26T06:02:42.656Z</time>
      </trkpt>
      <trkpt lat="-6.644387" lon="106.955992">
        <ele>1183.52</ele>
        <time>2024-06-26T06:03:04.505Z</time>
      </trkpt>
      <trkpt lat="-6.644301" lon="106.956217">
        <ele>1194.47</ele>
        <time>2024-06-26T06:03:44.189Z</time>
      </trkpt>
      <trkpt lat="-6.644222" lon="106.95625">
        <ele>1196.23</ele>
        <time>2024-06-26T06:03:58.363Z</time>
      </trkpt>
      <trkpt lat="-6.644024" lon="106.95625">
        <ele>1196.01</ele>
        <time>2024-06-26T06:04:31.175Z</time>
      </trkpt>
      <trkpt lat="-6.643939" lon="106.956292">
        <ele>1197.76</ele>
        <time>2024-06-26T06:04:46.866Z</time>
      </trkpt>
      <trkpt lat="-6.643854" lon="106.95641">
        <ele>1201.82</ele>
        <time>2024-06-26T06:05:10.859Z</time>
      </trkpt>
      <trkpt lat="-6.643763" lon="106.956512">
        <ele>1204.37</ele>
        <time>2024-06-26T06:05:33.427Z</time>
      </trkpt>
      <trkpt lat="-6.643726" lon="106.956598">
        <ele>1206.25</ele>
        <time>2024-06-26T06:05:48.854Z</time>
      </trkpt>
      <trkpt lat="-6.64371" lon="106.956689">
        <ele>1208.74</ele>
        <time>2024-06-26T06:06:04.066Z</time>
      </trkpt>
      <trkpt lat="-6.643651" lon="106.956818">
        <ele>1211.24</ele>
        <time>2024-06-26T06:06:27.443Z</time>
      </trkpt>
      <trkpt lat="-6.643555" lon="106.956829">
        <ele>1210.33</ele>
        <time>2024-06-26T06:06:43.455Z</time>
      </trkpt>
      <trkpt lat="-6.643508" lon="106.956845">
        <ele>1210.23</ele>
        <time>2024-06-26T06:06:51.677Z</time>
      </trkpt>
      <trkpt lat="-6.643412" lon="106.956947">
        <ele>1212.07</ele>
        <time>2024-06-26T06:07:14.807Z</time>
      </trkpt>
      <trkpt lat="-6.643374" lon="106.956968">
        <ele>1212.26</ele>
        <time>2024-06-26T06:07:21.990Z</time>
      </trkpt>
      <trkpt lat="-6.643225" lon="106.956952">
        <ele>1209.97</ele>
        <time>2024-06-26T06:07:46.822Z</time>
      </trkpt>
      <trkpt lat="-6.643188" lon="106.956979">
        <ele>1210.15</ele>
        <time>2024-06-26T06:07:54.395Z</time>
      </trkpt>
      <trkpt lat="-6.643076" lon="106.957135">
        <ele>1212.45</ele>
        <time>2024-06-26T06:08:26.079Z</time>
      </trkpt>
      <trkpt lat="-6.642953" lon="106.957338">
        <ele>1213.51</ele>
        <time>2024-06-26T06:09:05.221Z</time>
      </trkpt>
      <trkpt lat="-6.642948" lon="106.957478">
        <ele>1217.92</ele>
        <time>2024-06-26T06:09:28.281Z</time>
      </trkpt>
      <trkpt lat="-6.642916" lon="106.957558">
        <ele>1219.23</ele>
        <time>2024-06-26T06:09:42.477Z</time>
      </trkpt>
      <trkpt lat="-6.642778" lon="106.957741">
        <ele>1217.53</ele>
        <time>2024-06-26T06:10:20.298Z</time>
      </trkpt>
      <trkpt lat="-6.642735" lon="106.957827">
        <ele>1218.07</ele>
        <time>2024-06-26T06:10:36.146Z</time>
      </trkpt>
      <trkpt lat="-6.642724" lon="106.957875">
        <ele>1219.19</ele>
        <time>2024-06-26T06:10:44.254Z</time>
      </trkpt>
      <trkpt lat="-6.642724" lon="106.958106">
        <ele>1224.47</ele>
        <time>2024-06-26T06:11:22.278Z</time>
      </trkpt>
      <trkpt lat="-6.642692" lon="106.958379">
        <ele>1224.32</ele>
        <time>2024-06-26T06:12:07.528Z</time>
      </trkpt>
      <trkpt lat="-6.64274" lon="106.958454">
        <ele>1225.8</ele>
        <time>2024-06-26T06:12:22.214Z</time>
      </trkpt>
      <trkpt lat="-6.642778" lon="106.958535">
        <ele>1226.42</ele>
        <time>2024-06-26T06:12:36.959Z</time>
      </trkpt>
      <trkpt lat="-6.642788" lon="106.958583">
        <ele>1226.45</ele>
        <time>2024-06-26T06:12:45.032Z</time>
      </trkpt>
      <trkpt lat="-6.642772" lon="106.958626">
        <ele>1225.57</ele>
        <time>2024-06-26T06:12:52.590Z</time>
      </trkpt>
      <trkpt lat="-6.642719" lon="106.958701">
        <ele>1223.13</ele>
        <time>2024-06-26T06:13:07.741Z</time>
      </trkpt>
      <trkpt lat="-6.642735" lon="106.958744">
        <ele>1223.09</ele>
        <time>2024-06-26T06:13:15.299Z</time>
      </trkpt>
      <trkpt lat="-6.642767" lon="106.958776">
        <ele>1223.93</ele>
        <time>2024-06-26T06:13:22.773Z</time>
      </trkpt>
      <trkpt lat="-6.642804" lon="106.958846">
        <ele>1225.07</ele>
        <time>2024-06-26T06:13:35.825Z</time>
      </trkpt>
      <trkpt lat="-6.642852" lon="106.959044">
        <ele>1226.28</ele>
        <time>2024-06-26T06:14:09.374Z</time>
      </trkpt>
      <trkpt lat="-6.642852" lon="106.959093">
        <ele>1226.28</ele>
        <time>2024-06-26T06:14:17.439Z</time>
      </trkpt>
      <trkpt lat="-6.642905" lon="106.959366">
        <ele>1228.38</ele>
        <time>2024-06-26T06:15:03.227Z</time>
      </trkpt>
      <trkpt lat="-6.643065" lon="106.959763">
        <ele>1234.35</ele>
        <time>2024-06-26T06:16:13.751Z</time>
      </trkpt>
      <trkpt lat="-6.643124" lon="106.959983">
        <ele>1236.57</ele>
        <time>2024-06-26T06:16:51.261Z</time>
      </trkpt>
      <trkpt lat="-6.643055" lon="106.960257">
        <ele>1237.58</ele>
        <time>2024-06-26T06:17:37.790Z</time>
      </trkpt>
      <trkpt lat="-6.642932" lon="106.960563">
        <ele>1240.76</ele>
        <time>2024-06-26T06:18:32.128Z</time>
      </trkpt>
      <trkpt lat="-6.642905" lon="106.960659">
        <ele>1242.04</ele>
        <time>2024-06-26T06:18:48.551Z</time>
      </trkpt>
      <trkpt lat="-6.642879" lon="106.960836">
        <ele>1244.97</ele>
        <time>2024-06-26T06:19:18.003Z</time>
      </trkpt>
      <trkpt lat="-6.64282" lon="106.960959">
        <ele>1246.78</ele>
        <time>2024-06-26T06:19:40.487Z</time>
      </trkpt>
      <trkpt lat="-6.642825" lon="106.961222">
        <ele>1251.75</ele>
        <time>2024-06-26T06:20:23.787Z</time>
      </trkpt>
      <trkpt lat="-6.642815" lon="106.961265">
        <ele>1252.21</ele>
        <time>2024-06-26T06:20:31.056Z</time>
      </trkpt>
      <trkpt lat="-6.642783" lon="106.961292">
        <ele>1252.09</ele>
        <time>2024-06-26T06:20:37.975Z</time>
      </trkpt>
      <trkpt lat="-6.642762" lon="106.96133">
        <ele>1252.22</ele>
        <time>2024-06-26T06:20:45.133Z</time>
      </trkpt>
      <trkpt lat="-6.642762" lon="106.961378">
        <ele>1252.79</ele>
        <time>2024-06-26T06:20:53.034Z</time>
      </trkpt>
      <trkpt lat="-6.642772" lon="106.961421">
        <ele>1253.47</ele>
        <time>2024-06-26T06:21:00.303Z</time>
      </trkpt>
      <trkpt lat="-6.642825" lon="106.961491">
        <ele>1255.22</ele>
        <time>2024-06-26T06:21:14.791Z</time>
      </trkpt>
      <trkpt lat="-6.642863" lon="106.961571">
        <ele>1256.81</ele>
        <time>2024-06-26T06:21:29.388Z</time>
      </trkpt>
      <trkpt lat="-6.642937" lon="106.961678">
        <ele>1259.37</ele>
        <time>2024-06-26T06:21:50.849Z</time>
      </trkpt>
      <trkpt lat="-6.643087" lon="106.961968">
        <ele>1264.36</ele>
        <time>2024-06-26T06:22:44.670Z</time>
      </trkpt>
      <trkpt lat="-6.64322" lon="106.962145">
        <ele>1268.22</ele>
        <time>2024-06-26T06:23:21.203Z</time>
      </trkpt>
      <trkpt lat="-6.643278" lon="106.962274">
        <ele>1270.28</ele>
        <time>2024-06-26T06:23:44.511Z</time>
      </trkpt>
      <trkpt lat="-6.643289" lon="106.96236">
        <ele>1271.46</ele>
        <time>2024-06-26T06:23:58.784Z</time>
      </trkpt>
      <trkpt lat="-6.643156" lon="106.962655">
        <ele>1273.04</ele>
        <time>2024-06-26T06:24:52.111Z</time>
      </trkpt>
      <trkpt lat="-6.643103" lon="106.96273">
        <ele>1274.19</ele>
        <time>2024-06-26T06:25:07.262Z</time>
      </trkpt>
      <trkpt lat="-6.643055" lon="106.962735">
        <ele>1274.45</ele>
        <time>2024-06-26T06:25:15.259Z</time>
      </trkpt>
      <trkpt lat="-6.642921" lon="106.962681">
        <ele>1274.29</ele>
        <time>2024-06-26T06:25:39.178Z</time>
      </trkpt>
      <trkpt lat="-6.642873" lon="106.962681">
        <ele>1274.96</ele>
        <time>2024-06-26T06:25:47.132Z</time>
      </trkpt>
      <trkpt lat="-6.642772" lon="106.962767">
        <ele>1278.06</ele>
        <time>2024-06-26T06:26:09.053Z</time>
      </trkpt>
      <trkpt lat="-6.642666" lon="106.962778">
        <ele>1280.43</ele>
        <time>2024-06-26T06:26:26.712Z</time>
      </trkpt>
      <trkpt lat="-6.642591" lon="106.962714">
        <ele>1281.35</ele>
        <time>2024-06-26T06:26:43.005Z</time>
      </trkpt>
      <trkpt lat="-6.642527" lon="106.962639">
        <ele>1280.66</ele>
        <time>2024-06-26T06:26:59.280Z</time>
      </trkpt>
      <trkpt lat="-6.642484" lon="106.962622">
        <ele>1281.19</ele>
        <time>2024-06-26T06:27:06.935Z</time>
      </trkpt>
      <trkpt lat="-6.642239" lon="106.962628">
        <ele>1286.1</ele>
        <time>2024-06-26T06:27:47.548Z</time>
      </trkpt>
      <trkpt lat="-6.642149" lon="106.962649">
        <ele>1287.36</ele>
        <time>2024-06-26T06:28:02.858Z</time>
      </trkpt>
      <trkpt lat="-6.642127" lon="106.962687">
        <ele>1288.81</ele>
        <time>2024-06-26T06:28:10.098Z</time>
      </trkpt>
      <trkpt lat="-6.642117" lon="106.962773">
        <ele>1291.36</ele>
        <time>2024-06-26T06:28:24.351Z</time>
      </trkpt>
      <trkpt lat="-6.642053" lon="106.962993">
        <ele>1300.25</ele>
        <time>2024-06-26T06:29:02.086Z</time>
      </trkpt>
      <trkpt lat="-6.642053" lon="106.963036">
        <ele>1301.25</ele>
        <time>2024-06-26T06:29:09.164Z</time>
      </trkpt>
      <trkpt lat="-6.642117" lon="106.963164">
        <ele>1305.1</ele>
        <time>2024-06-26T06:29:32.752Z</time>
      </trkpt>
      <trkpt lat="-6.642127" lon="106.963213">
        <ele>1306.41</ele>
        <time>2024-06-26T06:29:40.986Z</time>
      </trkpt>
      <trkpt lat="-6.642138" lon="106.9634">
        <ele>1312.32</ele>
        <time>2024-06-26T06:30:11.821Z</time>
      </trkpt>
      <trkpt lat="-6.642032" lon="106.963593">
        <ele>1316.82</ele>
        <time>2024-06-26T06:30:48.123Z</time>
      </trkpt>
      <trkpt lat="-6.641923" lon="106.96383">
        <ele>1318.99</ele>
        <time>2024-06-26T06:31:31.114Z</time>
      </trkpt>
      <trkpt lat="-6.641898" lon="106.963883">
        <ele>1319.48</ele>
        <time>2024-06-26T06:31:40.772Z</time>
      </trkpt>
      <trkpt lat="-6.641818" lon="106.963996">
        <ele>1319.15</ele>
        <time>2024-06-26T06:32:03.614Z</time>
      </trkpt>
      <trkpt lat="-6.641802" lon="106.964039">
        <ele>1319.19</ele>
        <time>2024-06-26T06:32:11.172Z</time>
      </trkpt>
      <trkpt lat="-6.641797" lon="106.964167">
        <ele>1320.33</ele>
        <time>2024-06-26T06:32:32.258Z</time>
      </trkpt>
      <trkpt lat="-6.641824" lon="106.964441">
        <ele>1324.67</ele>
        <time>2024-06-26T06:33:17.582Z</time>
      </trkpt>
      <trkpt lat="-6.641824" lon="106.96458">
        <ele>1326.58</ele>
        <time>2024-06-26T06:33:40.462Z</time>
      </trkpt>
      <trkpt lat="-6.641792" lon="106.964661">
        <ele>1327.58</ele>
        <time>2024-06-26T06:33:54.811Z</time>
      </trkpt>
      <trkpt lat="-6.641728" lon="106.964731">
        <ele>1328.4</ele>
        <time>2024-06-26T06:34:10.471Z</time>
      </trkpt>
      <trkpt lat="-6.641707" lon="106.964779">
        <ele>1329</ele>
        <time>2024-06-26T06:34:19.104Z</time>
      </trkpt>
      <trkpt lat="-6.641691" lon="106.964908">
        <ele>1330.7</ele>
        <time>2024-06-26T06:34:40.503Z</time>
      </trkpt>
      <trkpt lat="-6.641653" lon="106.964935">
        <ele>1331.45</ele>
        <time>2024-06-26T06:34:48.210Z</time>
      </trkpt>
      <trkpt lat="-6.64152" lon="106.964994">
        <ele>1333.85</ele>
        <time>2024-06-26T06:35:12.295Z</time>
      </trkpt>
      <trkpt lat="-6.64136" lon="106.965171">
        <ele>1338.79</ele>
        <time>2024-06-26T06:35:51.690Z</time>
      </trkpt>
      <trkpt lat="-6.641339" lon="106.965213">
        <ele>1339.62</ele>
        <time>2024-06-26T06:35:59.430Z</time>
      </trkpt>
      <trkpt lat="-6.641334" lon="106.96531">
        <ele>1341.56</ele>
        <time>2024-06-26T06:36:15.418Z</time>
      </trkpt>
      <trkpt lat="-6.641312" lon="106.965401">
        <ele>1344.34</ele>
        <time>2024-06-26T06:36:30.834Z</time>
      </trkpt>
      <trkpt lat="-6.64128" lon="106.965498">
        <ele>1347.39</ele>
        <time>2024-06-26T06:36:47.658Z</time>
      </trkpt>
      <trkpt lat="-6.641222" lon="106.965621">
        <ele>1350.68</ele>
        <time>2024-06-26T06:37:10.070Z</time>
      </trkpt>
      <trkpt lat="-6.64103" lon="106.965863">
        <ele>1355.64</ele>
        <time>2024-06-26T06:38:01.053Z</time>
      </trkpt>
      <trkpt lat="-6.640907" lon="106.965997">
        <ele>1357.51</ele>
        <time>2024-06-26T06:38:31.087Z</time>
      </trkpt>
      <trkpt lat="-6.640667" lon="106.966002">
        <ele>1354.44</ele>
        <time>2024-06-26T06:39:10.868Z</time>
      </trkpt>
      <trkpt lat="-6.640572" lon="106.965981">
        <ele>1353.95</ele>
        <time>2024-06-26T06:39:26.986Z</time>
      </trkpt>
      <trkpt lat="-6.640529" lon="106.965959">
        <ele>1353.83</ele>
        <time>2024-06-26T06:39:34.979Z</time>
      </trkpt>
      <trkpt lat="-6.640478" lon="106.965954">
        <ele>1354.33</ele>
        <time>2024-06-26T06:39:43.470Z</time>
      </trkpt>
      <trkpt lat="-6.640436" lon="106.96597">
        <ele>1354.93</ele>
        <time>2024-06-26T06:39:50.911Z</time>
      </trkpt>
      <trkpt lat="-6.640278" lon="106.966083">
        <ele>1359.67</ele>
        <time>2024-06-26T06:40:23.029Z</time>
      </trkpt>
      <trkpt lat="-6.640236" lon="106.966096">
        <ele>1361.02</ele>
        <time>2024-06-26T06:40:30.310Z</time>
      </trkpt>
      <trkpt lat="-6.640188" lon="106.966096">
        <ele>1362.35</ele>
        <time>2024-06-26T06:40:38.264Z</time>
      </trkpt>
      <trkpt lat="-6.640121" lon="106.966029">
        <ele>1365.04</ele>
        <time>2024-06-26T06:40:53.913Z</time>
      </trkpt>
      <trkpt lat="-6.640073" lon="106.965887">
        <ele>1368.42</ele>
        <time>2024-06-26T06:41:18.604Z</time>
      </trkpt>
      <trkpt lat="-6.640057" lon="106.965871">
        <ele>1369.48</ele>
        <time>2024-06-26T06:41:22.341Z</time>
      </trkpt>
      <trkpt lat="-6.640033" lon="106.965868">
        <ele>1370.87</ele>
        <time>2024-06-26T06:41:26.348Z</time>
      </trkpt>
      <trkpt lat="-6.640017" lon="106.965884">
        <ele>1371.59</ele>
        <time>2024-06-26T06:41:30.085Z</time>
      </trkpt>
      <trkpt lat="-6.639999" lon="106.966005">
        <ele>1371.35</ele>
        <time>2024-06-26T06:41:50.224Z</time>
      </trkpt>
      <trkpt lat="-6.639975" lon="106.966045">
        <ele>1372.47</ele>
        <time>2024-06-26T06:41:57.916Z</time>
      </trkpt>
      <trkpt lat="-6.639951" lon="106.966048">
        <ele>1373.8</ele>
        <time>2024-06-26T06:42:01.923Z</time>
      </trkpt>
      <trkpt lat="-6.639927" lon="106.96604">
        <ele>1375.22</ele>
        <time>2024-06-26T06:42:06.112Z</time>
      </trkpt>
      <trkpt lat="-6.639895" lon="106.965999">
        <ele>1377.42</ele>
        <time>2024-06-26T06:42:14.695Z</time>
      </trkpt>
      <trkpt lat="-6.639834" lon="106.965779">
        <ele>1383.32</ele>
        <time>2024-06-26T06:42:52.293Z</time>
      </trkpt>
      <trkpt lat="-6.639796" lon="106.965707">
        <ele>1385.42</ele>
        <time>2024-06-26T06:43:05.714Z</time>
      </trkpt>
      <trkpt lat="-6.639732" lon="106.965635">
        <ele>1388.26</ele>
        <time>2024-06-26T06:43:21.618Z</time>
      </trkpt>
      <trkpt lat="-6.63969" lon="106.965618">
        <ele>1390.01</ele>
        <time>2024-06-26T06:43:29.119Z</time>
      </trkpt>
      <trkpt lat="-6.639594" lon="106.965629">
        <ele>1393.02</ele>
        <time>2024-06-26T06:43:45.131Z</time>
      </trkpt>
      <trkpt lat="-6.639434" lon="106.965704">
        <ele>1398.13</ele>
        <time>2024-06-26T06:44:14.379Z</time>
      </trkpt>
      <trkpt lat="-6.639242" lon="106.965825">
        <ele>1402.95</ele>
        <time>2024-06-26T06:44:51.917Z</time>
      </trkpt>
      <trkpt lat="-6.639085" lon="106.965884">
        <ele>1404.55</ele>
        <time>2024-06-26T06:45:19.688Z</time>
      </trkpt>
      <trkpt lat="-6.639034" lon="106.965887">
        <ele>1404.98</ele>
        <time>2024-06-26T06:45:28.154Z</time>
      </trkpt>
      <trkpt lat="-6.63893" lon="106.96583">
        <ele>1405.12</ele>
        <time>2024-06-26T06:45:47.777Z</time>
      </trkpt>
      <trkpt lat="-6.63888" lon="106.965825">
        <ele>1405.1</ele>
        <time>2024-06-26T06:45:56.103Z</time>
      </trkpt>
      <trkpt lat="-6.638842" lon="106.965855">
        <ele>1405.42</ele>
        <time>2024-06-26T06:46:04.105Z</time>
      </trkpt>
      <trkpt lat="-6.638795" lon="106.96593">
        <ele>1406.27</ele>
        <time>2024-06-26T06:46:18.702Z</time>
      </trkpt>
      <trkpt lat="-6.638789" lon="106.966021">
        <ele>1406.92</ele>
        <time>2024-06-26T06:46:33.714Z</time>
      </trkpt>
      <trkpt lat="-6.638763" lon="106.966088">
        <ele>1407.05</ele>
        <time>2024-06-26T06:46:45.554Z</time>
      </trkpt>
      <trkpt lat="-6.63864" lon="106.966201">
        <ele>1408.24</ele>
        <time>2024-06-26T06:47:13.149Z</time>
      </trkpt>
      <trkpt lat="-6.638531" lon="106.966359">
        <ele>1410.07</ele>
        <time>2024-06-26T06:47:44.815Z</time>
      </trkpt>
      <trkpt lat="-6.63843" lon="106.966614">
        <ele>1414.02</ele>
        <time>2024-06-26T06:48:30.004Z</time>
      </trkpt>
      <trkpt lat="-6.638355" lon="106.966764">
        <ele>1416.72</ele>
        <time>2024-06-26T06:48:57.647Z</time>
      </trkpt>
      <trkpt lat="-6.638232" lon="106.96686">
        <ele>1420.32</ele>
        <time>2024-06-26T06:49:23.438Z</time>
      </trkpt>
      <trkpt lat="-6.638128" lon="106.966914">
        <ele>1422.76</ele>
        <time>2024-06-26T06:49:42.830Z</time>
      </trkpt>
      <trkpt lat="-6.637891" lon="106.966994">
        <ele>1427</ele>
        <time>2024-06-26T06:50:24.254Z</time>
      </trkpt>
      <trkpt lat="-6.637814" lon="106.96708">
        <ele>1428.56</ele>
        <time>2024-06-26T06:50:43.312Z</time>
      </trkpt>
      <trkpt lat="-6.637574" lon="106.967303">
        <ele>1434.66</ele>
        <time>2024-06-26T06:51:37.436Z</time>
      </trkpt>
      <trkpt lat="-6.637518" lon="106.967402">
        <ele>1436.95</ele>
        <time>2024-06-26T06:51:56.189Z</time>
      </trkpt>
      <trkpt lat="-6.63751" lon="106.967515">
        <ele>1437.28</ele>
        <time>2024-06-26T06:52:14.837Z</time>
      </trkpt>
      <trkpt lat="-6.63743" lon="106.967595">
        <ele>1439.9</ele>
        <time>2024-06-26T06:52:33.523Z</time>
      </trkpt>
      <trkpt lat="-6.637366" lon="106.967619">
        <ele>1442.42</ele>
        <time>2024-06-26T06:52:44.841Z</time>
      </trkpt>
      <trkpt lat="-6.637316" lon="106.967619">
        <ele>1444.64</ele>
        <time>2024-06-26T06:52:53.127Z</time>
      </trkpt>
      <trkpt lat="-6.637247" lon="106.967587">
        <ele>1448.12</ele>
        <time>2024-06-26T06:53:05.716Z</time>
      </trkpt>
      <trkpt lat="-6.637225" lon="106.967574">
        <ele>1449.21</ele>
        <time>2024-06-26T06:53:09.943Z</time>
      </trkpt>
      <trkpt lat="-6.63718" lon="106.967485">
        <ele>1452.26</ele>
        <time>2024-06-26T06:53:26.382Z</time>
      </trkpt>
      <trkpt lat="-6.637135" lon="106.967429">
        <ele>1454.78</ele>
        <time>2024-06-26T06:53:38.239Z</time>
      </trkpt>
      <trkpt lat="-6.637087" lon="106.96741">
        <ele>1457.06</ele>
        <time>2024-06-26T06:53:46.786Z</time>
      </trkpt>
      <trkpt lat="-6.636964" lon="106.967408">
        <ele>1461.93</ele>
        <time>2024-06-26T06:54:07.172Z</time>
      </trkpt>
      <trkpt lat="-6.636916" lon="106.967397">
        <ele>1463.85</ele>
        <time>2024-06-26T06:54:15.330Z</time>
      </trkpt>
      <trkpt lat="-6.636874" lon="106.967365">
        <ele>1465.66</ele>
        <time>2024-06-26T06:54:24.058Z</time>
      </trkpt>
      <trkpt lat="-6.636778" lon="106.967255">
        <ele>1469.13</ele>
        <time>2024-06-26T06:54:48.161Z</time>
      </trkpt>
      <trkpt lat="-6.636735" lon="106.96723">
        <ele>1470.52</ele>
        <time>2024-06-26T06:54:56.389Z</time>
      </trkpt>
      <trkpt lat="-6.636684" lon="106.967233">
        <ele>1471.98</ele>
        <time>2024-06-26T06:55:04.855Z</time>
      </trkpt>
      <trkpt lat="-6.636554" lon="106.967289">
        <ele>1475.26</ele>
        <time>2024-06-26T06:55:28.288Z</time>
      </trkpt>
      <trkpt lat="-6.636517" lon="106.967316">
        <ele>1475.98</ele>
        <time>2024-06-26T06:55:35.861Z</time>
      </trkpt>
      <trkpt lat="-6.636426" lon="106.967418">
        <ele>1476.86</ele>
        <time>2024-06-26T06:55:58.429Z</time>
      </trkpt>
      <trkpt lat="-6.636295" lon="106.967475">
        <ele>1480.85</ele>
        <time>2024-06-26T06:56:22.079Z</time>
      </trkpt>
      <trkpt lat="-6.636218" lon="106.967528">
        <ele>1483.28</ele>
        <time>2024-06-26T06:56:37.536Z</time>
      </trkpt>
      <trkpt lat="-6.636168" lon="106.967576">
        <ele>1484.68</ele>
        <time>2024-06-26T06:56:48.985Z</time>
      </trkpt>
      <trkpt lat="-6.635941" lon="106.967874">
        <ele>1489.63</ele>
        <time>2024-06-26T06:57:50.803Z</time>
      </trkpt>
      <trkpt lat="-6.635832" lon="106.968118">
        <ele>1490.75</ele>
        <time>2024-06-26T06:58:34.843Z</time>
      </trkpt>
      <trkpt lat="-6.635792" lon="106.968177">
        <ele>1491.82</ele>
        <time>2024-06-26T06:58:46.601Z</time>
      </trkpt>
      <trkpt lat="-6.635752" lon="106.968365">
        <ele>1490.65</ele>
        <time>2024-06-26T06:59:18.249Z</time>
      </trkpt>
      <trkpt lat="-6.635675" lon="106.968472">
        <ele>1491.97</ele>
        <time>2024-06-26T06:59:39.999Z</time>
      </trkpt>
      <trkpt lat="-6.635533" lon="106.968604">
        <ele>1494.48</ele>
        <time>2024-06-26T07:00:12.028Z</time>
      </trkpt>
      <trkpt lat="-6.635464" lon="106.968695">
        <ele>1495.45</ele>
        <time>2024-06-26T07:00:30.873Z</time>
      </trkpt>
      <trkpt lat="-6.635347" lon="106.969001">
        <ele>1497.75</ele>
        <time>2024-06-26T07:01:24.847Z</time>
      </trkpt>
      <trkpt lat="-6.635155" lon="106.969231">
        <ele>1503.91</ele>
        <time>2024-06-26T07:02:14.302Z</time>
      </trkpt>
      <trkpt lat="-6.635075" lon="106.969392">
        <ele>1507.23</ele>
        <time>2024-06-26T07:02:43.935Z</time>
      </trkpt>
      <trkpt lat="-6.635025" lon="106.969559">
        <ele>1511.15</ele>
        <time>2024-06-26T07:03:12.646Z</time>
      </trkpt>
      <trkpt lat="-6.635019" lon="106.969647">
        <ele>1512.13</ele>
        <time>2024-06-26T07:03:27.165Z</time>
      </trkpt>
      <trkpt lat="-6.635043" lon="106.969736">
        <ele>1511.98</ele>
        <time>2024-06-26T07:03:42.345Z</time>
      </trkpt>
      <trkpt lat="-6.635211" lon="106.969964">
        <ele>1510.38</ele>
        <time>2024-06-26T07:04:29.075Z</time>
      </trkpt>
      <trkpt lat="-6.635254" lon="106.970063">
        <ele>1507.65</ele>
        <time>2024-06-26T07:04:46.861Z</time>
      </trkpt>
      <trkpt lat="-6.635302" lon="106.970111">
        <ele>1506.98</ele>
        <time>2024-06-26T07:04:58.072Z</time>
      </trkpt>
      <trkpt lat="-6.635371" lon="106.970127">
        <ele>1507.34</ele>
        <time>2024-06-26T07:05:09.806Z</time>
      </trkpt>
      <trkpt lat="-6.635401999760802" lon="106.97026038238096">
        <ele>1506.7105080576525</ele>
        <time>2024-06-26T07:05:32.209Z</time>
      </trkpt>
      <trkpt lat="-6.635371" lon="106.970127">
        <ele>1507.34</ele>
        <time>2024-06-26T07:05:54.612Z</time>
      </trkpt>
      <trkpt lat="-6.635435" lon="106.970106">
        <ele>1508.25</ele>
        <time>2024-06-26T07:06:05.695Z</time>
      </trkpt>
      <trkpt lat="-6.635504" lon="106.970117">
        <ele>1508.62</ele>
        <time>2024-06-26T07:06:17.197Z</time>
      </trkpt>
      <trkpt lat="-6.635557" lon="106.970165">
        <ele>1508.62</ele>
        <time>2024-06-26T07:06:28.935Z</time>
      </trkpt>
      <trkpt lat="-6.635595" lon="106.970229">
        <ele>1508.98</ele>
        <time>2024-06-26T07:06:41.129Z</time>
      </trkpt>
      <trkpt lat="-6.635659" lon="106.970261">
        <ele>1510.58</ele>
        <time>2024-06-26T07:06:52.894Z</time>
      </trkpt>
      <trkpt lat="-6.635733" lon="106.970272">
        <ele>1512.69</ele>
        <time>2024-06-26T07:07:05.210Z</time>
      </trkpt>
      <trkpt lat="-6.635787" lon="106.970315">
        <ele>1513.5</ele>
        <time>2024-06-26T07:07:16.546Z</time>
      </trkpt>
      <trkpt lat="-6.635808" lon="106.970385">
        <ele>1514.39</ele>
        <time>2024-06-26T07:07:28.505Z</time>
      </trkpt>
      <trkpt lat="-6.635819" lon="106.970524">
        <ele>1515.99</ele>
        <time>2024-06-26T07:07:51.310Z</time>
      </trkpt>
      <trkpt lat="-6.635851" lon="106.970594">
        <ele>1517.96</ele>
        <time>2024-06-26T07:08:03.912Z</time>
      </trkpt>
      <trkpt lat="-6.635978" lon="106.970755">
        <ele>1524.2</ele>
        <time>2024-06-26T07:08:37.536Z</time>
      </trkpt>
      <trkpt lat="-6.63601" lon="106.970814">
        <ele>1526.2</ele>
        <time>2024-06-26T07:08:48.530Z</time>
      </trkpt>
      <trkpt lat="-6.63601" lon="106.970889">
        <ele>1528.65</ele>
        <time>2024-06-26T07:09:00.796Z</time>
      </trkpt>
      <trkpt lat="-6.635978" lon="106.970953">
        <ele>1530.02</ele>
        <time>2024-06-26T07:09:12.514Z</time>
      </trkpt>
      <trkpt lat="-6.635989" lon="106.971023">
        <ele>1532.2</ele>
        <time>2024-06-26T07:09:24.104Z</time>
      </trkpt>
      <trkpt lat="-6.636053" lon="106.971147">
        <ele>1537.29</ele>
        <time>2024-06-26T07:09:46.958Z</time>
      </trkpt>
      <trkpt lat="-6.63609" lon="106.971297">
        <ele>1541.48</ele>
        <time>2024-06-26T07:10:12.235Z</time>
      </trkpt>
      <trkpt lat="-6.636138" lon="106.971345">
        <ele>1542.11</ele>
        <time>2024-06-26T07:10:23.374Z</time>
      </trkpt>
      <trkpt lat="-6.636197" lon="106.971377">
        <ele>1542.48</ele>
        <time>2024-06-26T07:10:34.408Z</time>
      </trkpt>
      <trkpt lat="-6.636245" lon="106.971431">
        <ele>1543.28</ele>
        <time>2024-06-26T07:10:46.259Z</time>
      </trkpt>
      <trkpt lat="-6.636277" lon="106.97149">
        <ele>1543.82</ele>
        <time>2024-06-26T07:10:57.253Z</time>
      </trkpt>
      <trkpt lat="-6.636325" lon="106.971624">
        <ele>1545.8</ele>
        <time>2024-06-26T07:11:20.550Z</time>
      </trkpt>
      <trkpt lat="-6.636389" lon="106.971661">
        <ele>1546.8</ele>
        <time>2024-06-26T07:11:32.701Z</time>
      </trkpt>
      <trkpt lat="-6.636458" lon="106.971672">
        <ele>1546.71</ele>
        <time>2024-06-26T07:11:44.203Z</time>
      </trkpt>
      <trkpt lat="-6.636607" lon="106.971672">
        <ele>1544.97</ele>
        <time>2024-06-26T07:12:08.736Z</time>
      </trkpt>
      <trkpt lat="-6.636682" lon="106.971688">
        <ele>1544.37</ele>
        <time>2024-06-26T07:12:21.359Z</time>
      </trkpt>
      <trkpt lat="-6.636788" lon="106.97178">
        <ele>1544.77</ele>
        <time>2024-06-26T07:12:44.402Z</time>
      </trkpt>
      <trkpt lat="-6.636852" lon="106.971801">
        <ele>1544.45</ele>
        <time>2024-06-26T07:12:55.485Z</time>
      </trkpt>
      <trkpt lat="-6.636991" lon="106.971801">
        <ele>1543.61</ele>
        <time>2024-06-26T07:13:18.371Z</time>
      </trkpt>
      <trkpt lat="-6.63706" lon="106.971812">
        <ele>1543.73</ele>
        <time>2024-06-26T07:13:29.873Z</time>
      </trkpt>
      <trkpt lat="-6.637124" lon="106.971849">
        <ele>1544.29</ele>
        <time>2024-06-26T07:13:42.024Z</time>
      </trkpt>
      <trkpt lat="-6.637225" lon="106.971951">
        <ele>1545.59</ele>
        <time>2024-06-26T07:14:05.579Z</time>
      </trkpt>
      <trkpt lat="-6.637401" lon="106.972176">
        <ele>1545.77</ele>
        <time>2024-06-26T07:14:52.418Z</time>
      </trkpt>
      <trkpt lat="-6.63746" lon="106.972209">
        <ele>1545.48</ele>
        <time>2024-06-26T07:15:03.531Z</time>
      </trkpt>
      <trkpt lat="-6.637529" lon="106.972203">
        <ele>1545.57</ele>
        <time>2024-06-26T07:15:14.934Z</time>
      </trkpt>
      <trkpt lat="-6.637657" lon="106.97216">
        <ele>1546.19</ele>
        <time>2024-06-26T07:15:37.151Z</time>
      </trkpt>
      <trkpt lat="-6.637875" lon="106.972117">
        <ele>1546.17</ele>
        <time>2024-06-26T07:16:13.727Z</time>
      </trkpt>
      <trkpt lat="-6.638014" lon="106.972123">
        <ele>1545.56</ele>
        <time>2024-06-26T07:16:36.634Z</time>
      </trkpt>
      <trkpt lat="-6.638222" lon="106.972193">
        <ele>1543.86</ele>
        <time>2024-06-26T07:17:12.744Z</time>
      </trkpt>
      <trkpt lat="-6.63835" lon="106.972268">
        <ele>1542.25</ele>
        <time>2024-06-26T07:17:37.129Z</time>
      </trkpt>
      <trkpt lat="-6.638525" lon="106.972386">
        <ele>1540.53</ele>
        <time>2024-06-26T07:18:11.809Z</time>
      </trkpt>
      <trkpt lat="-6.638579" lon="106.972429">
        <ele>1540.2</ele>
        <time>2024-06-26T07:18:23.145Z</time>
      </trkpt>
      <trkpt lat="-6.638621" lon="106.972482">
        <ele>1540.02</ele>
        <time>2024-06-26T07:18:34.233Z</time>
      </trkpt>
      <trkpt lat="-6.638696" lon="106.972498">
        <ele>1540.94</ele>
        <time>2024-06-26T07:18:46.856Z</time>
      </trkpt>
      <trkpt lat="-6.638765" lon="106.972477">
        <ele>1542.01</ele>
        <time>2024-06-26T07:18:58.724Z</time>
      </trkpt>
      <trkpt lat="-6.638834" lon="106.972472">
        <ele>1543.22</ele>
        <time>2024-06-26T07:19:10.114Z</time>
      </trkpt>
      <trkpt lat="-6.638973" lon="106.97252">
        <ele>1546.77</ele>
        <time>2024-06-26T07:19:34.309Z</time>
      </trkpt>
      <trkpt lat="-6.639042" lon="106.972536">
        <ele>1548.01</ele>
        <time>2024-06-26T07:19:45.967Z</time>
      </trkpt>
      <trkpt lat="-6.639112" lon="106.972536">
        <ele>1549.26</ele>
        <time>2024-06-26T07:19:57.492Z</time>
      </trkpt>
      <trkpt lat="-6.639176" lon="106.972557">
        <ele>1550.05</ele>
        <time>2024-06-26T07:20:08.575Z</time>
      </trkpt>
      <trkpt lat="-6.639234" lon="106.972595">
        <ele>1550.4</ele>
        <time>2024-06-26T07:20:19.969Z</time>
      </trkpt>
      <trkpt lat="-6.639282" lon="106.972643">
        <ele>1551.06</ele>
        <time>2024-06-26T07:20:31.108Z</time>
      </trkpt>
      <trkpt lat="-6.639314" lon="106.972708">
        <ele>1551.89</ele>
        <time>2024-06-26T07:20:42.972Z</time>
      </trkpt>
      <trkpt lat="-6.63933" lon="106.972777">
        <ele>1552</ele>
        <time>2024-06-26T07:20:54.560Z</time>
      </trkpt>
      <trkpt lat="-6.639362" lon="106.972836">
        <ele>1552.15</ele>
        <time>2024-06-26T07:21:05.554Z</time>
      </trkpt>
      <trkpt lat="-6.639415" lon="106.972885">
        <ele>1552.5</ele>
        <time>2024-06-26T07:21:17.402Z</time>
      </trkpt>
      <trkpt lat="-6.639559" lon="106.972922">
        <ele>1553.95</ele>
        <time>2024-06-26T07:21:41.872Z</time>
      </trkpt>
      <trkpt lat="-6.639618" lon="106.972954">
        <ele>1554.97</ele>
        <time>2024-06-26T07:21:52.906Z</time>
      </trkpt>
      <trkpt lat="-6.639714" lon="106.973056">
        <ele>1558.3</ele>
        <time>2024-06-26T07:22:15.887Z</time>
      </trkpt>
      <trkpt lat="-6.639767" lon="106.973099">
        <ele>1560.16</ele>
        <time>2024-06-26T07:22:27.094Z</time>
      </trkpt>
      <trkpt lat="-6.639844" lon="106.973132">
        <ele>1563.12</ele>
        <time>2024-06-26T07:22:40.873Z</time>
      </trkpt>
      <trkpt lat="-6.640097" lon="106.973228">
        <ele>1572.43</ele>
        <time>2024-06-26T07:23:25.390Z</time>
      </trkpt>
      <trkpt lat="-6.640172" lon="106.973351">
        <ele>1577.09</ele>
        <time>2024-06-26T07:23:48.994Z</time>
      </trkpt>
      <trkpt lat="-6.64039" lon="106.973357">
        <ele>1581.97</ele>
        <time>2024-06-26T07:24:24.901Z</time>
      </trkpt>
      <trkpt lat="-6.64054" lon="106.973507">
        <ele>1590.78</ele>
        <time>2024-06-26T07:24:59.712Z</time>
      </trkpt>
      <trkpt lat="-6.640667" lon="106.973582">
        <ele>1595.95</ele>
        <time>2024-06-26T07:25:23.955Z</time>
      </trkpt>
      <trkpt lat="-6.640726" lon="106.97363">
        <ele>1597.41</ele>
        <time>2024-06-26T07:25:36.444Z</time>
      </trkpt>
      <trkpt lat="-6.640817" lon="106.973732">
        <ele>1599.9</ele>
        <time>2024-06-26T07:25:58.866Z</time>
      </trkpt>
      <trkpt lat="-6.640817" lon="106.973877">
        <ele>1603.89</ele>
        <time>2024-06-26T07:26:22.580Z</time>
      </trkpt>
      <trkpt lat="-6.640849" lon="106.973936">
        <ele>1605.92</ele>
        <time>2024-06-26T07:26:33.574Z</time>
      </trkpt>
      <trkpt lat="-6.641078" lon="106.974108">
        <ele>1614.9</ele>
        <time>2024-06-26T07:27:20.616Z</time>
      </trkpt>
      <trkpt lat="-6.64112" lon="106.974161">
        <ele>1617.76</ele>
        <time>2024-06-26T07:27:31.704Z</time>
      </trkpt>
      <trkpt lat="-6.641222" lon="106.974258">
        <ele>1623.43</ele>
        <time>2024-06-26T07:27:54.806Z</time>
      </trkpt>
      <trkpt lat="-6.641387" lon="106.974403">
        <ele>1628.13</ele>
        <time>2024-06-26T07:28:30.867Z</time>
      </trkpt>
      <trkpt lat="-6.641504" lon="106.974494">
        <ele>1629.12</ele>
        <time>2024-06-26T07:28:55.210Z</time>
      </trkpt>
      <trkpt lat="-6.64152" lon="106.974564">
        <ele>1632.27</ele>
        <time>2024-06-26T07:29:06.957Z</time>
      </trkpt>
      <trkpt lat="-6.64152" lon="106.974639">
        <ele>1636.33</ele>
        <time>2024-06-26T07:29:19.223Z</time>
      </trkpt>
      <trkpt lat="-6.641536" lon="106.974714">
        <ele>1640.44</ele>
        <time>2024-06-26T07:29:31.768Z</time>
      </trkpt>
      <trkpt lat="-6.641579" lon="106.974773">
        <ele>1642.96</ele>
        <time>2024-06-26T07:29:43.736Z</time>
      </trkpt>
      <trkpt lat="-6.641627" lon="106.974821">
        <ele>1644.53</ele>
        <time>2024-06-26T07:29:54.875Z</time>
      </trkpt>
      <trkpt lat="-6.641669" lon="106.97488">
        <ele>1646.96</ele>
        <time>2024-06-26T07:30:06.746Z</time>
      </trkpt>
      <trkpt lat="-6.641701" lon="106.974939">
        <ele>1649.74</ele>
        <time>2024-06-26T07:30:17.740Z</time>
      </trkpt>
      <trkpt lat="-6.641765" lon="106.974966">
        <ele>1649.24</ele>
        <time>2024-06-26T07:30:29.165Z</time>
      </trkpt>
      <trkpt lat="-6.641834" lon="106.974971">
        <ele>1647.02</ele>
        <time>2024-06-26T07:30:40.555Z</time>
      </trkpt>
      <trkpt lat="-6.641946" lon="106.975148">
        <ele>1650.34</ele>
        <time>2024-06-26T07:31:14.877Z</time>
      </trkpt>
      <trkpt lat="-6.641978" lon="106.975213">
        <ele>1651.08</ele>
        <time>2024-06-26T07:31:26.741Z</time>
      </trkpt>
      <trkpt lat="-6.641984" lon="106.975358">
        <ele>1655.98</ele>
        <time>2024-06-26T07:31:50.476Z</time>
      </trkpt>
      <trkpt lat="-6.642026" lon="106.975492">
        <ele>1658.09</ele>
        <time>2024-06-26T07:32:13.456Z</time>
      </trkpt>
      <trkpt lat="-6.642058" lon="106.975551">
        <ele>1658.55</ele>
        <time>2024-06-26T07:32:24.450Z</time>
      </trkpt>
      <trkpt lat="-6.642181" lon="106.975733">
        <ele>1658.59</ele>
        <time>2024-06-26T07:33:00.452Z</time>
      </trkpt>
      <trkpt lat="-6.642303" lon="106.975915">
        <ele>1661.23</ele>
        <time>2024-06-26T07:33:36.361Z</time>
      </trkpt>
      <trkpt lat="-6.642403" lon="106.976007">
        <ele>1662.73</ele>
        <time>2024-06-26T07:33:58.665Z</time>
      </trkpt>
      <trkpt lat="-6.642435814341297" lon="106.97597062740527">
        <ele>1658.8828948266755</ele>
        <time>2024-06-26T07:34:06.675Z</time>
      </trkpt>
      <trkpt lat="-6.642403" lon="106.976007">
        <ele>1662.73</ele>
        <time>2024-06-26T07:34:14.685Z</time>
      </trkpt>
      <trkpt lat="-6.642415" lon="106.976017">
        <ele>1662.91</ele>
        <time>2024-06-26T07:34:17.241Z</time>
      </trkpt>
      <trkpt lat="-6.642559" lon="106.976055">
        <ele>1662.01</ele>
        <time>2024-06-26T07:34:41.672Z</time>
      </trkpt>
      <trkpt lat="-6.642591" lon="106.976114">
        <ele>1664.56</ele>
        <time>2024-06-26T07:34:52.630Z</time>
      </trkpt>
      <trkpt lat="-6.64257" lon="106.976178">
        <ele>1667.78</ele>
        <time>2024-06-26T07:35:03.617Z</time>
      </trkpt>
      <trkpt lat="-6.642532" lon="106.976243">
        <ele>1670.43</ele>
        <time>2024-06-26T07:35:15.912Z</time>
      </trkpt>
      <trkpt lat="-6.642538" lon="106.976312">
        <ele>1672.91</ele>
        <time>2024-06-26T07:35:27.203Z</time>
      </trkpt>
      <trkpt lat="-6.642554" lon="106.976388">
        <ele>1674.24</ele>
        <time>2024-06-26T07:35:39.867Z</time>
      </trkpt>
      <trkpt lat="-6.642559" lon="106.976463">
        <ele>1675.55</ele>
        <time>2024-06-26T07:35:52.121Z</time>
      </trkpt>
      <trkpt lat="-6.64258" lon="106.976532">
        <ele>1676.31</ele>
        <time>2024-06-26T07:36:03.885Z</time>
      </trkpt>
      <trkpt lat="-6.642591" lon="106.976602">
        <ele>1676.87</ele>
        <time>2024-06-26T07:36:15.438Z</time>
      </trkpt>
      <trkpt lat="-6.642618" lon="106.976672">
        <ele>1677.51</ele>
        <time>2024-06-26T07:36:27.679Z</time>
      </trkpt>
      <trkpt lat="-6.642732" lon="106.976803">
        <ele>1679.71</ele>
        <time>2024-06-26T07:36:56.071Z</time>
      </trkpt>
      <trkpt lat="-6.642948" lon="106.976597">
        <ele>1675.48</ele>
        <time>2024-06-26T07:37:44.902Z</time>
      </trkpt>
      <trkpt lat="-6.643169" lon="106.976471">
        <ele>1671.44</ele>
        <time>2024-06-26T07:38:26.585Z</time>
      </trkpt>
      <trkpt lat="-6.643268" lon="106.976471">
        <ele>1671.01</ele>
        <time>2024-06-26T07:38:42.833Z</time>
      </trkpt>
      <trkpt lat="-6.643353" lon="106.97642">
        <ele>1671.4</ele>
        <time>2024-06-26T07:38:59.072Z</time>
      </trkpt>
      <trkpt lat="-6.64338" lon="106.976307">
        <ele>1672.48</ele>
        <time>2024-06-26T07:39:18.018Z</time>
      </trkpt>
      <trkpt lat="-6.643539" lon="106.976154">
        <ele>1677.12</ele>
        <time>2024-06-26T07:39:54.116Z</time>
      </trkpt>
      <trkpt lat="-6.643747" lon="106.975991">
        <ele>1682.43</ele>
        <time>2024-06-26T07:40:37.376Z</time>
      </trkpt>
      <trkpt lat="-6.643923" lon="106.975988">
        <ele>1682.99</ele>
        <time>2024-06-26T07:41:06.265Z</time>
      </trkpt>
      <trkpt lat="-6.644051" lon="106.975929">
        <ele>1680.07</ele>
        <time>2024-06-26T07:41:29.369Z</time>
      </trkpt>
      <trkpt lat="-6.644195" lon="106.97591">
        <ele>1675.9</ele>
        <time>2024-06-26T07:41:53.204Z</time>
      </trkpt>
      <trkpt lat="-6.64468" lon="106.975771">
        <ele>1660.67</ele>
        <time>2024-06-26T07:43:15.965Z</time>
      </trkpt>
      <trkpt lat="-6.644816" lon="106.975602">
        <ele>1653.52</ele>
        <time>2024-06-26T07:43:51.422Z</time>
      </trkpt>
      <trkpt lat="-6.644882" lon="106.975631">
        <ele>1652.41</ele>
        <time>2024-06-26T07:44:03.240Z</time>
      </trkpt>
      <trkpt lat="-6.645058" lon="106.975497">
        <ele>1643.53</ele>
        <time>2024-06-26T07:44:39.455Z</time>
      </trkpt>
      <trkpt lat="-6.645282" lon="106.975434">
        <ele>1637.38</ele>
        <time>2024-06-26T07:45:17.625Z</time>
      </trkpt>
      <trkpt lat="-6.645309" lon="106.975411">
        <ele>1636.7</ele>
        <time>2024-06-26T07:45:23.429Z</time>
      </trkpt>
      <trkpt lat="-6.645431" lon="106.975368">
        <ele>1634.63</ele>
        <time>2024-06-26T07:45:44.643Z</time>
      </trkpt>
      <trkpt lat="-6.645628" lon="106.97532">
        <ele>1632.19</ele>
        <time>2024-06-26T07:46:17.908Z</time>
      </trkpt>
      <trkpt lat="-6.645799" lon="106.975245">
        <ele>1630.55</ele>
        <time>2024-06-26T07:46:48.520Z</time>
      </trkpt>
      <trkpt lat="-6.646007" lon="106.975197">
        <ele>1625.95</ele>
        <time>2024-06-26T07:47:23.542Z</time>
      </trkpt>
      <trkpt lat="-6.646161" lon="106.975218">
        <ele>1621.61</ele>
        <time>2024-06-26T07:47:49.047Z</time>
      </trkpt>
      <trkpt lat="-6.646406" lon="106.975272">
        <ele>1620.85</ele>
        <time>2024-06-26T07:48:30.209Z</time>
      </trkpt>
      <trkpt lat="-6.646678" lon="106.97547">
        <ele>1631.34</ele>
        <time>2024-06-26T07:49:25.297Z</time>
      </trkpt>
      <trkpt lat="-6.646982" lon="106.97554">
        <ele>1642.14</ele>
        <time>2024-06-26T07:50:16.478Z</time>
      </trkpt>
      <trkpt lat="-6.647237" lon="106.975508">
        <ele>1648.18</ele>
        <time>2024-06-26T07:50:58.653Z</time>
      </trkpt>
      <trkpt lat="-6.647637" lon="106.975433">
        <ele>1657.6</ele>
        <time>2024-06-26T07:52:05.430Z</time>
      </trkpt>
      <trkpt lat="-6.647858" lon="106.975344">
        <ele>1663.79</ele>
        <time>2024-06-26T07:52:44.495Z</time>
      </trkpt>
      <trkpt lat="-6.648079" lon="106.975256">
        <ele>1668.48</ele>
        <time>2024-06-26T07:53:23.499Z</time>
      </trkpt>
      <trkpt lat="-6.648292" lon="106.975118">
        <ele>1673</ele>
        <time>2024-06-26T07:54:05.070Z</time>
      </trkpt>
      <trkpt lat="-6.648719" lon="106.974843">
        <ele>1688.97</ele>
        <time>2024-06-26T07:55:28.262Z</time>
      </trkpt>
      <trkpt lat="-6.648926" lon="106.974773">
        <ele>1691.51</ele>
        <time>2024-06-26T07:56:04.100Z</time>
      </trkpt>
      <trkpt lat="-6.649076" lon="106.974773">
        <ele>1689.59</ele>
        <time>2024-06-26T07:56:28.718Z</time>
      </trkpt>
      <trkpt lat="-6.649204" lon="106.974848">
        <ele>1686.27</ele>
        <time>2024-06-26T07:56:53.024Z</time>
      </trkpt>
      <trkpt lat="-6.649294" lon="106.974993">
        <ele>1685.27</ele>
        <time>2024-06-26T07:57:20.897Z</time>
      </trkpt>
      <trkpt lat="-6.649358" lon="106.975288">
        <ele>1687.89</ele>
        <time>2024-06-26T07:58:10.121Z</time>
      </trkpt>
      <trkpt lat="-6.649411" lon="106.975427">
        <ele>1687.74</ele>
        <time>2024-06-26T07:58:34.392Z</time>
      </trkpt>
      <trkpt lat="-6.649646" lon="106.975476">
        <ele>1684.24</ele>
        <time>2024-06-26T07:59:13.779Z</time>
      </trkpt>
      <trkpt lat="-6.649915" lon="106.975548">
        <ele>1683.41</ele>
        <time>2024-06-26T07:59:59.461Z</time>
      </trkpt>
      <trkpt lat="-6.650184" lon="106.97562">
        <ele>1687.12</ele>
        <time>2024-06-26T08:00:45.143Z</time>
      </trkpt>
      <trkpt lat="-6.650498" lon="106.975631">
        <ele>1689</ele>
        <time>2024-06-26T08:01:36.708Z</time>
      </trkpt>
      <trkpt lat="-6.65077" lon="106.97547">
        <ele>1687.28</ele>
        <time>2024-06-26T08:02:28.492Z</time>
      </trkpt>
      <trkpt lat="-6.650914" lon="106.975277">
        <ele>1686.55</ele>
        <time>2024-06-26T08:03:07.842Z</time>
      </trkpt>
      <trkpt lat="-6.650994" lon="106.97524">
        <ele>1687.24</ele>
        <time>2024-06-26T08:03:22.290Z</time>
      </trkpt>
      <trkpt lat="-6.651164" lon="106.975245">
        <ele>1688.23</ele>
        <time>2024-06-26T08:03:50.202Z</time>
      </trkpt>
      <trkpt lat="-6.65134" lon="106.975223">
        <ele>1687.78</ele>
        <time>2024-06-26T08:04:19.309Z</time>
      </trkpt>
      <trkpt lat="-6.651671" lon="106.9751">
        <ele>1684.23</ele>
        <time>2024-06-26T08:05:17.215Z</time>
      </trkpt>
      <trkpt lat="-6.652026" lon="106.975034">
        <ele>1680.66</ele>
        <time>2024-06-26T08:06:16.463Z</time>
      </trkpt>
      <trkpt lat="-6.652129" lon="106.975046">
        <ele>1680.34</ele>
        <time>2024-06-26T08:06:33.480Z</time>
      </trkpt>
      <trkpt lat="-6.652198" lon="106.975046">
        <ele>1679.85</ele>
        <time>2024-06-26T08:06:44.804Z</time>
      </trkpt>
      <trkpt lat="-6.652406" lon="106.974977">
        <ele>1676.85</ele>
        <time>2024-06-26T08:07:20.746Z</time>
      </trkpt>
      <trkpt lat="-6.652475" lon="106.974971">
        <ele>1675.3</ele>
        <time>2024-06-26T08:07:32.112Z</time>
      </trkpt>
      <trkpt lat="-6.652608" lon="106.974977">
        <ele>1670.69</ele>
        <time>2024-06-26T08:07:53.962Z</time>
      </trkpt>
      <trkpt lat="-6.652704" lon="106.975063">
        <ele>1668.15</ele>
        <time>2024-06-26T08:08:15.052Z</time>
      </trkpt>
      <trkpt lat="-6.652763" lon="106.9751">
        <ele>1666.65</ele>
        <time>2024-06-26T08:08:26.460Z</time>
      </trkpt>
      <trkpt lat="-6.653045" lon="106.975111">
        <ele>1660.79</ele>
        <time>2024-06-26T08:09:12.777Z</time>
      </trkpt>
      <trkpt lat="-6.653253" lon="106.97517">
        <ele>1659.04</ele>
        <time>2024-06-26T08:09:48.243Z</time>
      </trkpt>
      <trkpt lat="-6.653322" lon="106.975181">
        <ele>1658.73</ele>
        <time>2024-06-26T08:09:59.708Z</time>
      </trkpt>
      <trkpt lat="-6.653392" lon="106.975186">
        <ele>1658.05</ele>
        <time>2024-06-26T08:10:11.225Z</time>
      </trkpt>
      <trkpt lat="-6.653578" lon="106.975175">
        <ele>1656.62</ele>
        <time>2024-06-26T08:10:41.804Z</time>
      </trkpt>
      <trkpt lat="-6.653647" lon="106.975191">
        <ele>1655.68</ele>
        <time>2024-06-26T08:10:53.424Z</time>
      </trkpt>
      <trkpt lat="-6.653754" lon="106.975261">
        <ele>1654.2</ele>
        <time>2024-06-26T08:11:14.366Z</time>
      </trkpt>
      <trkpt lat="-6.653908" lon="106.975384">
        <ele>1652.93</ele>
        <time>2024-06-26T08:11:46.628Z</time>
      </trkpt>
      <trkpt lat="-6.653999" lon="106.975481">
        <ele>1653.47</ele>
        <time>2024-06-26T08:12:08.378Z</time>
      </trkpt>
      <trkpt lat="-6.654095" lon="106.975567">
        <ele>1654.27</ele>
        <time>2024-06-26T08:12:29.467Z</time>
      </trkpt>
      <trkpt lat="-6.654148" lon="106.975604">
        <ele>1655.22</ele>
        <time>2024-06-26T08:12:40.052Z</time>
      </trkpt>
      <trkpt lat="-6.654196" lon="106.975653">
        <ele>1656.68</ele>
        <time>2024-06-26T08:12:51.270Z</time>
      </trkpt>
      <trkpt lat="-6.654255" lon="106.975685">
        <ele>1657.87</ele>
        <time>2024-06-26T08:13:02.268Z</time>
      </trkpt>
      <trkpt lat="-6.654287" lon="106.975744">
        <ele>1659.63</ele>
        <time>2024-06-26T08:13:13.226Z</time>
      </trkpt>
      <trkpt lat="-6.654329" lon="106.975867">
        <ele>1664.04</ele>
        <time>2024-06-26T08:13:34.428Z</time>
      </trkpt>
      <trkpt lat="-6.654356" lon="106.975996">
        <ele>1669.32</ele>
        <time>2024-06-26T08:13:55.918Z</time>
      </trkpt>
      <trkpt lat="-6.654303" lon="106.976125">
        <ele>1672.7</ele>
        <time>2024-06-26T08:14:18.675Z</time>
      </trkpt>
      <trkpt lat="-6.654265" lon="106.976184">
        <ele>1673.51</ele>
        <time>2024-06-26T08:14:30.138Z</time>
      </trkpt>
      <trkpt lat="-6.654244" lon="106.976248">
        <ele>1675.2</ele>
        <time>2024-06-26T08:14:41.125Z</time>
      </trkpt>
      <trkpt lat="-6.654292" lon="106.976296">
        <ele>1678.13</ele>
        <time>2024-06-26T08:14:52.228Z</time>
      </trkpt>
      <trkpt lat="-6.654361" lon="106.976291">
        <ele>1679.57</ele>
        <time>2024-06-26T08:15:03.581Z</time>
      </trkpt>
      <trkpt lat="-6.654425" lon="106.976264">
        <ele>1679.17</ele>
        <time>2024-06-26T08:15:14.969Z</time>
      </trkpt>
      <trkpt lat="-6.654633" lon="106.97627">
        <ele>1676.51</ele>
        <time>2024-06-26T08:15:49.120Z</time>
      </trkpt>
      <trkpt lat="-6.654761" lon="106.976312">
        <ele>1672.46</ele>
        <time>2024-06-26T08:16:11.215Z</time>
      </trkpt>
      <trkpt lat="-6.654825" lon="106.976345">
        <ele>1669.84</ele>
        <time>2024-06-26T08:16:23.016Z</time>
      </trkpt>
      <trkpt lat="-6.654889" lon="106.976366">
        <ele>1667.33</ele>
        <time>2024-06-26T08:16:34.063Z</time>
      </trkpt>
      <trkpt lat="-6.654926" lon="106.97642">
        <ele>1666.02</ele>
        <time>2024-06-26T08:16:44.757Z</time>
      </trkpt>
      <trkpt lat="-6.654953" lon="106.976484">
        <ele>1664.97</ele>
        <time>2024-06-26T08:16:56.092Z</time>
      </trkpt>
      <trkpt lat="-6.65499" lon="106.976613">
        <ele>1661.2</ele>
        <time>2024-06-26T08:17:17.980Z</time>
      </trkpt>
      <trkpt lat="-6.655033" lon="106.976666">
        <ele>1658.86</ele>
        <time>2024-06-26T08:17:29.135Z</time>
      </trkpt>
      <trkpt lat="-6.655171" lon="106.976672">
        <ele>1655.45</ele>
        <time>2024-06-26T08:17:51.804Z</time>
      </trkpt>
      <trkpt lat="-6.655294" lon="106.976715">
        <ele>1651.88</ele>
        <time>2024-06-26T08:18:13.173Z</time>
      </trkpt>
      <trkpt lat="-6.655416" lon="106.976774">
        <ele>1647.96</ele>
        <time>2024-06-26T08:18:35.386Z</time>
      </trkpt>
      <trkpt lat="-6.65548" lon="106.976795">
        <ele>1646.55</ele>
        <time>2024-06-26T08:18:46.433Z</time>
      </trkpt>
      <trkpt lat="-6.65555" lon="106.976795">
        <ele>1645.68</ele>
        <time>2024-06-26T08:18:57.921Z</time>
      </trkpt>
      <trkpt lat="-6.655613" lon="106.976779">
        <ele>1645.83</ele>
        <time>2024-06-26T08:19:08.584Z</time>
      </trkpt>
      <trkpt lat="-6.655677" lon="106.976747">
        <ele>1646.12</ele>
        <time>2024-06-26T08:19:20.311Z</time>
      </trkpt>
      <trkpt lat="-6.655779" lon="106.976709">
        <ele>1646.64</ele>
        <time>2024-06-26T08:19:38.160Z</time>
      </trkpt>
      <trkpt lat="-6.655843" lon="106.976736">
        <ele>1647.04</ele>
        <time>2024-06-26T08:19:49.548Z</time>
      </trkpt>
      <trkpt lat="-6.65596" lon="106.976806">
        <ele>1650.8</ele>
        <time>2024-06-26T08:20:11.885Z</time>
      </trkpt>
      <trkpt lat="-6.656146" lon="106.976886">
        <ele>1659.68</ele>
        <time>2024-06-26T08:20:45.080Z</time>
      </trkpt>
      <trkpt lat="-6.656205" lon="106.976924">
        <ele>1662.64</ele>
        <time>2024-06-26T08:20:56.575Z</time>
      </trkpt>
      <trkpt lat="-6.656274" lon="106.976929">
        <ele>1666.41</ele>
        <time>2024-06-26T08:21:07.928Z</time>
      </trkpt>
      <trkpt lat="-6.656338" lon="106.976945">
        <ele>1669.9</ele>
        <time>2024-06-26T08:21:18.750Z</time>
      </trkpt>
      <trkpt lat="-6.656397" lon="106.976978">
        <ele>1673.29</ele>
        <time>2024-06-26T08:21:29.827Z</time>
      </trkpt>
      <trkpt lat="-6.656509" lon="106.977063">
        <ele>1677.97</ele>
        <time>2024-06-26T08:21:52.846Z</time>
      </trkpt>
      <trkpt lat="-6.656578" lon="106.97708">
        <ele>1681.5</ele>
        <time>2024-06-26T08:22:04.504Z</time>
      </trkpt>
      <trkpt lat="-6.656791" lon="106.97708">
        <ele>1691.73</ele>
        <time>2024-06-26T08:22:39.462Z</time>
      </trkpt>
      <trkpt lat="-6.657025" lon="106.977058">
        <ele>1699.93</ele>
        <time>2024-06-26T08:23:18.033Z</time>
      </trkpt>
      <trkpt lat="-6.657175" lon="106.977192">
        <ele>1705.72</ele>
        <time>2024-06-26T08:23:50.945Z</time>
      </trkpt>
      <trkpt lat="-6.657292" lon="106.977251">
        <ele>1710.24</ele>
        <time>2024-06-26T08:24:12.421Z</time>
      </trkpt>
      <trkpt lat="-6.657478" lon="106.977337">
        <ele>1718.86</ele>
        <time>2024-06-26T08:24:46.013Z</time>
      </trkpt>
      <trkpt lat="-6.657553" lon="106.977342">
        <ele>1721.95</ele>
        <time>2024-06-26T08:24:58.349Z</time>
      </trkpt>
      <trkpt lat="-6.657686" lon="106.977385">
        <ele>1727.1</ele>
        <time>2024-06-26T08:25:21.275Z</time>
      </trkpt>
      <trkpt lat="-6.657755" lon="106.977396">
        <ele>1729.69</ele>
        <time>2024-06-26T08:25:32.740Z</time>
      </trkpt>
      <trkpt lat="-6.657883" lon="106.977444">
        <ele>1733.92</ele>
        <time>2024-06-26T08:25:55.157Z</time>
      </trkpt>
      <trkpt lat="-6.657942" lon="106.977482">
        <ele>1736.76</ele>
        <time>2024-06-26T08:26:06.652Z</time>
      </trkpt>
      <trkpt lat="-6.658038" lon="106.977578">
        <ele>1742.34</ele>
        <time>2024-06-26T08:26:28.858Z</time>
      </trkpt>
      <trkpt lat="-6.658128" lon="106.977648">
        <ele>1747.39</ele>
        <time>2024-06-26T08:26:47.523Z</time>
      </trkpt>
      <trkpt lat="-6.658192" lon="106.97767">
        <ele>1750.19</ele>
        <time>2024-06-26T08:26:58.622Z</time>
      </trkpt>
      <trkpt lat="-6.658336" lon="106.977696">
        <ele>1755.19</ele>
        <time>2024-06-26T08:27:22.632Z</time>
      </trkpt>
      <trkpt lat="-6.6584" lon="106.977718">
        <ele>1757.02</ele>
        <time>2024-06-26T08:27:33.731Z</time>
      </trkpt>
      <trkpt lat="-6.658571" lon="106.977825">
        <ele>1764.3</ele>
        <time>2024-06-26T08:28:06.774Z</time>
      </trkpt>
      <trkpt lat="-6.658683" lon="106.977986">
        <ele>1771</ele>
        <time>2024-06-26T08:28:38.816Z</time>
      </trkpt>
      <trkpt lat="-6.658704" lon="106.978051">
        <ele>1772.91</ele>
        <time>2024-06-26T08:28:49.958Z</time>
      </trkpt>
      <trkpt lat="-6.6588" lon="106.978228">
        <ele>1778.67</ele>
        <time>2024-06-26T08:29:22.833Z</time>
      </trkpt>
      <trkpt lat="-6.658826" lon="106.978292">
        <ele>1780.12</ele>
        <time>2024-06-26T08:29:34.104Z</time>
      </trkpt>
      <trkpt lat="-6.658858" lon="106.978565">
        <ele>1786.7</ele>
        <time>2024-06-26T08:30:18.915Z</time>
      </trkpt>
      <trkpt lat="-6.658874" lon="106.97863">
        <ele>1788</ele>
        <time>2024-06-26T08:30:29.831Z</time>
      </trkpt>
      <trkpt lat="-6.658901" lon="106.978689">
        <ele>1789.6</ele>
        <time>2024-06-26T08:30:40.420Z</time>
      </trkpt>
      <trkpt lat="-6.658992" lon="106.978785">
        <ele>1792.8</ele>
        <time>2024-06-26T08:31:02.052Z</time>
      </trkpt>
      <trkpt lat="-6.659045" lon="106.978823">
        <ele>1793.38</ele>
        <time>2024-06-26T08:31:12.730Z</time>
      </trkpt>
      <trkpt lat="-6.659146" lon="106.97892">
        <ele>1795.43</ele>
        <time>2024-06-26T08:31:35.638Z</time>
      </trkpt>
      <trkpt lat="-6.659199" lon="106.978957">
        <ele>1794.8</ele>
        <time>2024-06-26T08:31:46.223Z</time>
      </trkpt>
      <trkpt lat="-6.659221" lon="106.979134">
        <ele>1797.45</ele>
        <time>2024-06-26T08:32:15.301Z</time>
      </trkpt>
      <trkpt lat="-6.659237" lon="106.979199">
        <ele>1798.04</ele>
        <time>2024-06-26T08:32:26.217Z</time>
      </trkpt>
      <trkpt lat="-6.65929" lon="106.979327">
        <ele>1799.11</ele>
        <time>2024-06-26T08:32:48.823Z</time>
      </trkpt>
      <trkpt lat="-6.659338" lon="106.97937">
        <ele>1798.95</ele>
        <time>2024-06-26T08:32:59.367Z</time>
      </trkpt>
      <trkpt lat="-6.659365" lon="106.979429">
        <ele>1798.5</ele>
        <time>2024-06-26T08:33:09.956Z</time>
      </trkpt>
      <trkpt lat="-6.659381" lon="106.979499">
        <ele>1797.49</ele>
        <time>2024-06-26T08:33:21.665Z</time>
      </trkpt>
      <trkpt lat="-6.659381" lon="106.979569">
        <ele>1796.84</ele>
        <time>2024-06-26T08:33:33.076Z</time>
      </trkpt>
      <trkpt lat="-6.65937" lon="106.979633">
        <ele>1795.16</ele>
        <time>2024-06-26T08:33:43.664Z</time>
      </trkpt>
      <trkpt lat="-6.659343" lon="106.979697">
        <ele>1793.74</ele>
        <time>2024-06-26T08:33:54.999Z</time>
      </trkpt>
      <trkpt lat="-6.659303" lon="106.979743">
        <ele>1792.96</ele>
        <time>2024-06-26T08:34:04.965Z</time>
      </trkpt>
      <trkpt lat="-6.659141" lon="106.979891">
        <ele>1789.65</ele>
        <time>2024-06-26T08:34:40.867Z</time>
      </trkpt>
      <trkpt lat="-6.659002" lon="106.980046">
        <ele>1785.54</ele>
        <time>2024-06-26T08:35:14.909Z</time>
      </trkpt>
      <trkpt lat="-6.658938" lon="106.980068">
        <ele>1784.82</ele>
        <time>2024-06-26T08:35:26.008Z</time>
      </trkpt>
      <trkpt lat="-6.658869" lon="106.980051">
        <ele>1783.77</ele>
        <time>2024-06-26T08:35:37.666Z</time>
      </trkpt>
      <trkpt lat="-6.658848" lon="106.979987">
        <ele>1784.23</ele>
        <time>2024-06-26T08:35:48.653Z</time>
      </trkpt>
      <trkpt lat="-6.658848" lon="106.979917">
        <ele>1785.15</ele>
        <time>2024-06-26T08:36:00.064Z</time>
      </trkpt>
      <trkpt lat="-6.658816" lon="106.979853">
        <ele>1784.81</ele>
        <time>2024-06-26T08:36:11.744Z</time>
      </trkpt>
      <trkpt lat="-6.658762" lon="106.979805">
        <ele>1783.45</ele>
        <time>2024-06-26T08:36:23.566Z</time>
      </trkpt>
      <trkpt lat="-6.65864" lon="106.979735">
        <ele>1779.35</ele>
        <time>2024-06-26T08:36:46.612Z</time>
      </trkpt>
      <trkpt lat="-6.658571" lon="106.979724">
        <ele>1776.47</ele>
        <time>2024-06-26T08:36:58.077Z</time>
      </trkpt>
      <trkpt lat="-6.658517" lon="106.979762">
        <ele>1774.51</ele>
        <time>2024-06-26T08:37:08.889Z</time>
      </trkpt>
      <trkpt lat="-6.658448" lon="106.97988">
        <ele>1772.27</ele>
        <time>2024-06-26T08:37:31.210Z</time>
      </trkpt>
      <trkpt lat="-6.658448" lon="106.979944">
        <ele>1772.37</ele>
        <time>2024-06-26T08:37:41.642Z</time>
      </trkpt>
      <trkpt lat="-6.658464" lon="106.980009">
        <ele>1772.69</ele>
        <time>2024-06-26T08:37:52.558Z</time>
      </trkpt>
      <trkpt lat="-6.658464" lon="106.980078">
        <ele>1772.27</ele>
        <time>2024-06-26T08:38:03.806Z</time>
      </trkpt>
      <trkpt lat="-6.658448" lon="106.980143">
        <ele>1770.98</ele>
        <time>2024-06-26T08:38:14.722Z</time>
      </trkpt>
      <trkpt lat="-6.658379" lon="106.980255">
        <ele>1766.84</ele>
        <time>2024-06-26T08:38:36.206Z</time>
      </trkpt>
      <trkpt lat="-6.658363" lon="106.98032">
        <ele>1765.13</ele>
        <time>2024-06-26T08:38:47.122Z</time>
      </trkpt>
      <trkpt lat="-6.658358" lon="106.980384">
        <ele>1763.79</ele>
        <time>2024-06-26T08:38:57.587Z</time>
      </trkpt>
      <trkpt lat="-6.658384" lon="106.980518">
        <ele>1762.54</ele>
        <time>2024-06-26T08:39:19.843Z</time>
      </trkpt>
      <trkpt lat="-6.658358" lon="106.980583">
        <ele>1760.32</ele>
        <time>2024-06-26T08:39:31.265Z</time>
      </trkpt>
      <trkpt lat="-6.658304" lon="106.980625">
        <ele>1757.38</ele>
        <time>2024-06-26T08:39:42.464Z</time>
      </trkpt>
      <trkpt lat="-6.658267" lon="106.980684">
        <ele>1754.6</ele>
        <time>2024-06-26T08:39:53.838Z</time>
      </trkpt>
      <trkpt lat="-6.658262" lon="106.980754">
        <ele>1753.11</ele>
        <time>2024-06-26T08:40:05.278Z</time>
      </trkpt>
      <trkpt lat="-6.658272" lon="106.980819">
        <ele>1752.33</ele>
        <time>2024-06-26T08:40:16.000Z</time>
      </trkpt>
      <trkpt lat="-6.65831" lon="106.980937">
        <ele>1751</ele>
        <time>2024-06-26T08:40:36.221Z</time>
      </trkpt>
      <trkpt lat="-6.65831" lon="106.981006">
        <ele>1749.05</ele>
        <time>2024-06-26T08:40:47.469Z</time>
      </trkpt>
      <trkpt lat="-6.658342" lon="106.98106">
        <ele>1748.42</ele>
        <time>2024-06-26T08:40:57.719Z</time>
      </trkpt>
      <trkpt lat="-6.658448" lon="106.981151">
        <ele>1748.74</ele>
        <time>2024-06-26T08:41:20.581Z</time>
      </trkpt>
      <trkpt lat="-6.658565" lon="106.981221">
        <ele>1747.83</ele>
        <time>2024-06-26T08:41:42.917Z</time>
      </trkpt>
      <trkpt lat="-6.658624" lon="106.981242">
        <ele>1747.76</ele>
        <time>2024-06-26T08:41:53.187Z</time>
      </trkpt>
      <trkpt lat="-6.65864" lon="106.981307">
        <ele>1745.77</ele>
        <time>2024-06-26T08:42:04.103Z</time>
      </trkpt>
      <trkpt lat="-6.658613" lon="106.981484">
        <ele>1740.42</ele>
        <time>2024-06-26T08:42:33.294Z</time>
      </trkpt>
      <trkpt lat="-6.658565" lon="106.981612">
        <ele>1736.87</ele>
        <time>2024-06-26T08:42:55.597Z</time>
      </trkpt>
      <trkpt lat="-6.658501" lon="106.981682">
        <ele>1734.68</ele>
        <time>2024-06-26T08:43:11.106Z</time>
      </trkpt>
      <trkpt lat="-6.658374" lon="106.981736">
        <ele>1732.6</ele>
        <time>2024-06-26T08:43:33.732Z</time>
      </trkpt>
      <trkpt lat="-6.658299" lon="106.98179">
        <ele>1731.32</ele>
        <time>2024-06-26T08:43:48.864Z</time>
      </trkpt>
      <trkpt lat="-6.658246" lon="106.981859">
        <ele>1730.54</ele>
        <time>2024-06-26T08:44:03.083Z</time>
      </trkpt>
      <trkpt lat="-6.658208" lon="106.98194">
        <ele>1730.13</ele>
        <time>2024-06-26T08:44:17.685Z</time>
      </trkpt>
      <trkpt lat="-6.658219" lon="106.982111">
        <ele>1730.14</ele>
        <time>2024-06-26T08:44:45.619Z</time>
      </trkpt>
      <trkpt lat="-6.658203" lon="106.982154">
        <ele>1730.47</ele>
        <time>2024-06-26T08:44:53.104Z</time>
      </trkpt>
      <trkpt lat="-6.658086" lon="106.982229">
        <ele>1732.15</ele>
        <time>2024-06-26T08:45:15.868Z</time>
      </trkpt>
      <trkpt lat="-6.658054" lon="106.982262">
        <ele>1732.45</ele>
        <time>2024-06-26T08:45:23.386Z</time>
      </trkpt>
      <trkpt lat="-6.657974" lon="106.982439">
        <ele>1734.09</ele>
        <time>2024-06-26T08:45:55.086Z</time>
      </trkpt>
      <trkpt lat="-6.657937" lon="106.98246">
        <ele>1734.83</ele>
        <time>2024-06-26T08:46:02.056Z</time>
      </trkpt>
      <trkpt lat="-6.657851" lon="106.982492">
        <ele>1735.51</ele>
        <time>2024-06-26T08:46:17.103Z</time>
      </trkpt>
      <trkpt lat="-6.657809" lon="106.982503">
        <ele>1735.77</ele>
        <time>2024-06-26T08:46:24.225Z</time>
      </trkpt>
      <trkpt lat="-6.657761" lon="106.982503">
        <ele>1735.82</ele>
        <time>2024-06-26T08:46:32.102Z</time>
      </trkpt>
      <trkpt lat="-6.65767" lon="106.982444">
        <ele>1734.47</ele>
        <time>2024-06-26T08:46:49.866Z</time>
      </trkpt>
      <trkpt lat="-6.657585" lon="106.982412">
        <ele>1733.01</ele>
        <time>2024-06-26T08:47:04.759Z</time>
      </trkpt>
      <trkpt lat="-6.657532" lon="106.982412">
        <ele>1731.61</ele>
        <time>2024-06-26T08:47:13.457Z</time>
      </trkpt>
      <trkpt lat="-6.657489" lon="106.982423">
        <ele>1730.59</ele>
        <time>2024-06-26T08:47:20.738Z</time>
      </trkpt>
      <trkpt lat="-6.657452" lon="106.982449">
        <ele>1729.92</ele>
        <time>2024-06-26T08:47:28.143Z</time>
      </trkpt>
      <trkpt lat="-6.657345" lon="106.982594">
        <ele>1727.73</ele>
        <time>2024-06-26T08:47:57.589Z</time>
      </trkpt>
      <trkpt lat="-6.657281" lon="106.982659">
        <ele>1726.4</ele>
        <time>2024-06-26T08:48:12.508Z</time>
      </trkpt>
      <trkpt lat="-6.657255" lon="106.982696">
        <ele>1725.68</ele>
        <time>2024-06-26T08:48:19.896Z</time>
      </trkpt>
      <trkpt lat="-6.657249" lon="106.982787">
        <ele>1724.98</ele>
        <time>2024-06-26T08:48:34.763Z</time>
      </trkpt>
      <trkpt lat="-6.657255" lon="106.982878">
        <ele>1723.96</ele>
        <time>2024-06-26T08:48:49.630Z</time>
      </trkpt>
      <trkpt lat="-6.657303" lon="106.982954">
        <ele>1723.53</ele>
        <time>2024-06-26T08:49:04.311Z</time>
      </trkpt>
      <trkpt lat="-6.657319" lon="106.982991">
        <ele>1723.16</ele>
        <time>2024-06-26T08:49:10.889Z</time>
      </trkpt>
      <trkpt lat="-6.65735" lon="106.983013">
        <ele>1723.64</ele>
        <time>2024-06-26T08:49:17.113Z</time>
      </trkpt>
      <trkpt lat="-6.657372" lon="106.98305">
        <ele>1723.4</ele>
        <time>2024-06-26T08:49:24.142Z</time>
      </trkpt>
      <trkpt lat="-6.657366" lon="106.983141">
        <ele>1721.12</ele>
        <time>2024-06-26T08:49:39.009Z</time>
      </trkpt>
      <trkpt lat="-6.657345" lon="106.983184">
        <ele>1719.5</ele>
        <time>2024-06-26T08:49:46.820Z</time>
      </trkpt>
      <trkpt lat="-6.65734" lon="106.983233">
        <ele>1717.95</ele>
        <time>2024-06-26T08:49:54.849Z</time>
      </trkpt>
      <trkpt lat="-6.657345" lon="106.983275">
        <ele>1716.86</ele>
        <time>2024-06-26T08:50:01.744Z</time>
      </trkpt>
      <trkpt lat="-6.657382" lon="106.983351">
        <ele>1715.76</ele>
        <time>2024-06-26T08:50:15.541Z</time>
      </trkpt>
      <trkpt lat="-6.65743" lon="106.983479">
        <ele>1714.13</ele>
        <time>2024-06-26T08:50:37.844Z</time>
      </trkpt>
      <trkpt lat="-6.657436" lon="106.983753">
        <ele>1708.17</ele>
        <time>2024-06-26T08:51:22.521Z</time>
      </trkpt>
      <trkpt lat="-6.657414" lon="106.98379">
        <ele>1707.15</ele>
        <time>2024-06-26T08:51:29.550Z</time>
      </trkpt>
      <trkpt lat="-6.657345" lon="106.983855">
        <ele>1705.2</ele>
        <time>2024-06-26T08:51:45.058Z</time>
      </trkpt>
      <trkpt lat="-6.657185" lon="106.983962">
        <ele>1702.16</ele>
        <time>2024-06-26T08:52:16.582Z</time>
      </trkpt>
      <trkpt lat="-6.657159" lon="106.984">
        <ele>1701.74</ele>
        <time>2024-06-26T08:52:24.104Z</time>
      </trkpt>
      <trkpt lat="-6.657127" lon="106.98408">
        <ele>1701.38</ele>
        <time>2024-06-26T08:52:38.163Z</time>
      </trkpt>
      <trkpt lat="-6.6571" lon="106.984118">
        <ele>1701.09</ele>
        <time>2024-06-26T08:52:45.779Z</time>
      </trkpt>
      <trkpt lat="-6.657068" lon="106.984144">
        <ele>1700.68</ele>
        <time>2024-06-26T08:52:52.527Z</time>
      </trkpt>
      <trkpt lat="-6.656924" lon="106.984182">
        <ele>1698.85</ele>
        <time>2024-06-26T08:53:16.958Z</time>
      </trkpt>
      <trkpt lat="-6.656802" lon="106.984236">
        <ele>1697.62</ele>
        <time>2024-06-26T08:53:38.830Z</time>
      </trkpt>
      <trkpt lat="-6.656732" lon="106.984289">
        <ele>1696.65</ele>
        <time>2024-06-26T08:53:53.204Z</time>
      </trkpt>
      <trkpt lat="-6.656668" lon="106.984354">
        <ele>1695.48</ele>
        <time>2024-06-26T08:54:08.123Z</time>
      </trkpt>
      <trkpt lat="-6.656583" lon="106.984461">
        <ele>1693.67</ele>
        <time>2024-06-26T08:54:30.458Z</time>
      </trkpt>
      <trkpt lat="-6.656541" lon="106.984472">
        <ele>1692.87</ele>
        <time>2024-06-26T08:54:37.580Z</time>
      </trkpt>
      <trkpt lat="-6.656397" lon="106.98445">
        <ele>1690.47</ele>
        <time>2024-06-26T08:55:01.484Z</time>
      </trkpt>
      <trkpt lat="-6.656157" lon="106.98445">
        <ele>1686.42</ele>
        <time>2024-06-26T08:55:40.873Z</time>
      </trkpt>
      <trkpt lat="-6.656125" lon="106.984477">
        <ele>1685.87</ele>
        <time>2024-06-26T08:55:47.725Z</time>
      </trkpt>
      <trkpt lat="-6.656098" lon="106.98452">
        <ele>1685.43</ele>
        <time>2024-06-26T08:55:56.017Z</time>
      </trkpt>
      <trkpt lat="-6.656002" lon="106.984611">
        <ele>1682.77</ele>
        <time>2024-06-26T08:56:17.657Z</time>
      </trkpt>
      <trkpt lat="-6.65596" lon="106.984633">
        <ele>1681.55</ele>
        <time>2024-06-26T08:56:25.427Z</time>
      </trkpt>
      <trkpt lat="-6.655912" lon="106.984638">
        <ele>1680.47</ele>
        <time>2024-06-26T08:56:33.346Z</time>
      </trkpt>
      <trkpt lat="-6.655869" lon="106.984606">
        <ele>1679.75</ele>
        <time>2024-06-26T08:56:42.121Z</time>
      </trkpt>
      <trkpt lat="-6.655827" lon="106.984584">
        <ele>1678.75</ele>
        <time>2024-06-26T08:56:49.891Z</time>
      </trkpt>
      <trkpt lat="-6.655731" lon="106.984579">
        <ele>1676</ele>
        <time>2024-06-26T08:57:05.667Z</time>
      </trkpt>
      <trkpt lat="-6.655683" lon="106.984584">
        <ele>1674.29</ele>
        <time>2024-06-26T08:57:13.586Z</time>
      </trkpt>
      <trkpt lat="-6.655539" lon="106.984622">
        <ele>1668.83</ele>
        <time>2024-06-26T08:57:38.017Z</time>
      </trkpt>
      <trkpt lat="-6.655502" lon="106.984654">
        <ele>1667.28</ele>
        <time>2024-06-26T08:57:46.022Z</time>
      </trkpt>
      <trkpt lat="-6.655454" lon="106.984665">
        <ele>1665.66</ele>
        <time>2024-06-26T08:57:54.101Z</time>
      </trkpt>
      <trkpt lat="-6.655411" lon="106.984649">
        <ele>1664.42</ele>
        <time>2024-06-26T08:58:01.624Z</time>
      </trkpt>
      <trkpt lat="-6.65532" lon="106.98467">
        <ele>1661.43</ele>
        <time>2024-06-26T08:58:16.946Z</time>
      </trkpt>
      <trkpt lat="-6.655272" lon="106.98467">
        <ele>1659.92</ele>
        <time>2024-06-26T08:58:24.823Z</time>
      </trkpt>
      <trkpt lat="-6.655225" lon="106.984665">
        <ele>1658.41</ele>
        <time>2024-06-26T08:58:32.579Z</time>
      </trkpt>
      <trkpt lat="-6.655139" lon="106.984627">
        <ele>1655.89</ele>
        <time>2024-06-26T08:58:47.993Z</time>
      </trkpt>
      <trkpt lat="-6.655091" lon="106.984627">
        <ele>1654.48</ele>
        <time>2024-06-26T08:58:55.870Z</time>
      </trkpt>
      <trkpt lat="-6.655043" lon="106.984638">
        <ele>1653.08</ele>
        <time>2024-06-26T08:59:03.949Z</time>
      </trkpt>
      <trkpt lat="-6.654958" lon="106.984676">
        <ele>1651.72</ele>
        <time>2024-06-26T08:59:19.212Z</time>
      </trkpt>
      <trkpt lat="-6.65491" lon="106.984686">
        <ele>1650.92</ele>
        <time>2024-06-26T08:59:27.256Z</time>
      </trkpt>
      <trkpt lat="-6.654862" lon="106.984686">
        <ele>1650.1</ele>
        <time>2024-06-26T08:59:35.133Z</time>
      </trkpt>
      <trkpt lat="-6.654809" lon="106.984702">
        <ele>1648.76</ele>
        <time>2024-06-26T08:59:44.214Z</time>
      </trkpt>
      <trkpt lat="-6.654788" lon="106.984745">
        <ele>1647.92</ele>
        <time>2024-06-26T08:59:52.025Z</time>
      </trkpt>
      <trkpt lat="-6.654734" lon="106.984815">
        <ele>1645.52</ele>
        <time>2024-06-26T09:00:06.473Z</time>
      </trkpt>
      <trkpt lat="-6.654702" lon="106.984847">
        <ele>1644.12</ele>
        <time>2024-06-26T09:00:13.875Z</time>
      </trkpt>
      <trkpt lat="-6.654665" lon="106.984869">
        <ele>1642.66</ele>
        <time>2024-06-26T09:00:20.927Z</time>
      </trkpt>
      <trkpt lat="-6.654622" lon="106.984879">
        <ele>1641.23</ele>
        <time>2024-06-26T09:00:28.170Z</time>
      </trkpt>
      <trkpt lat="-6.654473" lon="106.984874">
        <ele>1636.96</ele>
        <time>2024-06-26T09:00:52.637Z</time>
      </trkpt>
      <trkpt lat="-6.654441" lon="106.984901">
        <ele>1635.55</ele>
        <time>2024-06-26T09:00:59.489Z</time>
      </trkpt>
      <trkpt lat="-6.654329" lon="106.985035">
        <ele>1629.98</ele>
        <time>2024-06-26T09:01:28.038Z</time>
      </trkpt>
      <trkpt lat="-6.654196" lon="106.985078">
        <ele>1625.29</ele>
        <time>2024-06-26T09:01:50.964Z</time>
      </trkpt>
      <trkpt lat="-6.654148" lon="106.985067">
        <ele>1624.36</ele>
        <time>2024-06-26T09:01:59.043Z</time>
      </trkpt>
      <trkpt lat="-6.654106" lon="106.985046">
        <ele>1623.86</ele>
        <time>2024-06-26T09:02:06.739Z</time>
      </trkpt>
      <trkpt lat="-6.65401" lon="106.98504">
        <ele>1621.71</ele>
        <time>2024-06-26T09:02:22.525Z</time>
      </trkpt>
      <trkpt lat="-6.653956" lon="106.985046">
        <ele>1620.02</ele>
        <time>2024-06-26T09:02:31.441Z</time>
      </trkpt>
      <trkpt lat="-6.653887" lon="106.985099">
        <ele>1617</ele>
        <time>2024-06-26T09:02:45.684Z</time>
      </trkpt>
      <trkpt lat="-6.653844" lon="106.985115">
        <ele>1615.56</ele>
        <time>2024-06-26T09:02:53.207Z</time>
      </trkpt>
      <trkpt lat="-6.653797" lon="106.985126">
        <ele>1614.24</ele>
        <time>2024-06-26T09:03:01.126Z</time>
      </trkpt>
      <trkpt lat="-6.653743" lon="106.985126">
        <ele>1612.9</ele>
        <time>2024-06-26T09:03:09.988Z</time>
      </trkpt>
      <trkpt lat="-6.653695" lon="106.985115">
        <ele>1611.88</ele>
        <time>2024-06-26T09:03:18.067Z</time>
      </trkpt>
      <trkpt lat="-6.653615" lon="106.985164">
        <ele>1609.65</ele>
        <time>2024-06-26T09:03:33.435Z</time>
      </trkpt>
      <trkpt lat="-6.653583" lon="106.985196">
        <ele>1608.53</ele>
        <time>2024-06-26T09:03:40.837Z</time>
      </trkpt>
      <trkpt lat="-6.653541" lon="106.985223">
        <ele>1607.27</ele>
        <time>2024-06-26T09:03:49.015Z</time>
      </trkpt>
      <trkpt lat="-6.65345" lon="106.985255">
        <ele>1605.63</ele>
        <time>2024-06-26T09:04:04.834Z</time>
      </trkpt>
      <trkpt lat="-6.65336" lon="106.985276">
        <ele>1604.73</ele>
        <time>2024-06-26T09:04:19.996Z</time>
      </trkpt>
      <trkpt lat="-6.653258" lon="106.985276">
        <ele>1603.75</ele>
        <time>2024-06-26T09:04:36.736Z</time>
      </trkpt>
      <trkpt lat="-6.653184" lon="106.985325">
        <ele>1602.34</ele>
        <time>2024-06-26T09:04:51.272Z</time>
      </trkpt>
      <trkpt lat="-6.653141" lon="106.985341">
        <ele>1601.6</ele>
        <time>2024-06-26T09:04:58.795Z</time>
      </trkpt>
      <trkpt lat="-6.653045" lon="106.985335">
        <ele>1599.96</ele>
        <time>2024-06-26T09:05:14.581Z</time>
      </trkpt>
      <trkpt lat="-6.652912" lon="106.985282">
        <ele>1597.25</ele>
        <time>2024-06-26T09:05:38.056Z</time>
      </trkpt>
      <trkpt lat="-6.652864" lon="106.985276">
        <ele>1596.15</ele>
        <time>2024-06-26T09:05:45.994Z</time>
      </trkpt>
      <trkpt lat="-6.652821" lon="106.985292">
        <ele>1595.28</ele>
        <time>2024-06-26T09:05:53.517Z</time>
      </trkpt>
      <trkpt lat="-6.65271" lon="106.985362">
        <ele>1594.36</ele>
        <time>2024-06-26T09:06:15.013Z</time>
      </trkpt>
      <trkpt lat="-6.652662" lon="106.985368">
        <ele>1593.83</ele>
        <time>2024-06-26T09:06:22.951Z</time>
      </trkpt>
      <trkpt lat="-6.652624" lon="106.985335">
        <ele>1593.06</ele>
        <time>2024-06-26T09:06:31.187Z</time>
      </trkpt>
      <trkpt lat="-6.652608" lon="106.985233">
        <ele>1592.19</ele>
        <time>2024-06-26T09:06:48.020Z</time>
      </trkpt>
      <trkpt lat="-6.652587" lon="106.985185">
        <ele>1591.53</ele>
        <time>2024-06-26T09:06:56.570Z</time>
      </trkpt>
      <trkpt lat="-6.65256" lon="106.985148">
        <ele>1590.85</ele>
        <time>2024-06-26T09:07:04.054Z</time>
      </trkpt>
      <trkpt lat="-6.652512" lon="106.985142">
        <ele>1589.98</ele>
        <time>2024-06-26T09:07:11.992Z</time>
      </trkpt>
      <trkpt lat="-6.652374" lon="106.98526">
        <ele>1588.8</ele>
        <time>2024-06-26T09:07:41.707Z</time>
      </trkpt>
      <trkpt lat="-6.652209" lon="106.98525">
        <ele>1585.69</ele>
        <time>2024-06-26T09:08:08.836Z</time>
      </trkpt>
      <trkpt lat="-6.651969" lon="106.985255">
        <ele>1580.05</ele>
        <time>2024-06-26T09:08:48.233Z</time>
      </trkpt>
      <trkpt lat="-6.651926" lon="106.985239">
        <ele>1579.31</ele>
        <time>2024-06-26T09:08:55.756Z</time>
      </trkpt>
      <trkpt lat="-6.651878" lon="106.985233">
        <ele>1578.47</ele>
        <time>2024-06-26T09:09:03.694Z</time>
      </trkpt>
      <trkpt lat="-6.651772" lon="106.985319">
        <ele>1576.11</ele>
        <time>2024-06-26T09:09:26.036Z</time>
      </trkpt>
      <trkpt lat="-6.651687" lon="106.985362">
        <ele>1574.23</ele>
        <time>2024-06-26T09:09:41.648Z</time>
      </trkpt>
      <trkpt lat="-6.651639" lon="106.985373">
        <ele>1573.28</ele>
        <time>2024-06-26T09:09:49.727Z</time>
      </trkpt>
      <trkpt lat="-6.651591" lon="106.985373">
        <ele>1572.42</ele>
        <time>2024-06-26T09:09:57.604Z</time>
      </trkpt>
      <trkpt lat="-6.651543" lon="106.985357">
        <ele>1571.57</ele>
        <time>2024-06-26T09:10:05.902Z</time>
      </trkpt>
      <trkpt lat="-6.651516" lon="106.985309">
        <ele>1571.11</ele>
        <time>2024-06-26T09:10:14.894Z</time>
      </trkpt>
      <trkpt lat="-6.651447" lon="106.985244">
        <ele>1569.89</ele>
        <time>2024-06-26T09:10:30.402Z</time>
      </trkpt>
      <trkpt lat="-6.651399" lon="106.985239">
        <ele>1569.05</ele>
        <time>2024-06-26T09:10:38.321Z</time>
      </trkpt>
      <trkpt lat="-6.651303" lon="106.985266">
        <ele>1567.36</ele>
        <time>2024-06-26T09:10:54.679Z</time>
      </trkpt>
      <trkpt lat="-6.651255" lon="106.985271">
        <ele>1566.52</ele>
        <time>2024-06-26T09:11:02.598Z</time>
      </trkpt>
      <trkpt lat="-6.651212" lon="106.98525">
        <ele>1565.77</ele>
        <time>2024-06-26T09:11:10.441Z</time>
      </trkpt>
      <trkpt lat="-6.651164" lon="106.985153">
        <ele>1564.93</ele>
        <time>2024-06-26T09:11:28.107Z</time>
      </trkpt>
      <trkpt lat="-6.651122" lon="106.985132">
        <ele>1564.18</ele>
        <time>2024-06-26T09:11:35.803Z</time>
      </trkpt>
      <trkpt lat="-6.651068" lon="106.985115">
        <ele>1563.5</ele>
        <time>2024-06-26T09:11:45.088Z</time>
      </trkpt>
      <trkpt lat="-6.650909" lon="106.98511">
        <ele>1561.81</ele>
        <time>2024-06-26T09:12:11.196Z</time>
      </trkpt>
      <trkpt lat="-6.650685" lon="106.985019">
        <ele>1560.01</ele>
        <time>2024-06-26T09:12:50.839Z</time>
      </trkpt>
      <trkpt lat="-6.650589" lon="106.984912">
        <ele>1558.77</ele>
        <time>2024-06-26T09:13:14.344Z</time>
      </trkpt>
      <trkpt lat="-6.650552" lon="106.984879">
        <ele>1557.58</ele>
        <time>2024-06-26T09:13:22.456Z</time>
      </trkpt>
      <trkpt lat="-6.650498" lon="106.984874">
        <ele>1556.27</ele>
        <time>2024-06-26T09:13:31.356Z</time>
      </trkpt>
      <trkpt lat="-6.65045" lon="106.98489">
        <ele>1555.33</ele>
        <time>2024-06-26T09:13:39.654Z</time>
      </trkpt>
      <trkpt lat="-6.650402" lon="106.984879">
        <ele>1553.94</ele>
        <time>2024-06-26T09:13:47.733Z</time>
      </trkpt>
      <trkpt lat="-6.650376" lon="106.984837">
        <ele>1552.66</ele>
        <time>2024-06-26T09:13:55.800Z</time>
      </trkpt>
      <trkpt lat="-6.65036" lon="106.984788">
        <ele>1551.63</ele>
        <time>2024-06-26T09:14:04.208Z</time>
      </trkpt>
      <trkpt lat="-6.650221" lon="106.984681">
        <ele>1546.02</ele>
        <time>2024-06-26T09:14:32.925Z</time>
      </trkpt>
      <trkpt lat="-6.650173" lon="106.984681">
        <ele>1544.61</ele>
        <time>2024-06-26T09:14:40.802Z</time>
      </trkpt>
      <trkpt lat="-6.650125" lon="106.98467">
        <ele>1543.02</ele>
        <time>2024-06-26T09:14:48.881Z</time>
      </trkpt>
      <trkpt lat="-6.650019" lon="106.984584">
        <ele>1538.8</ele>
        <time>2024-06-26T09:15:11.223Z</time>
      </trkpt>
      <trkpt lat="-6.649987" lon="106.984547">
        <ele>1537.4</ele>
        <time>2024-06-26T09:15:19.220Z</time>
      </trkpt>
      <trkpt lat="-6.649965" lon="106.984504">
        <ele>1536.15</ele>
        <time>2024-06-26T09:15:27.105Z</time>
      </trkpt>
      <trkpt lat="-6.649886" lon="106.984386">
        <ele>1532.52</ele>
        <time>2024-06-26T09:15:50.302Z</time>
      </trkpt>
      <trkpt lat="-6.649843" lon="106.984354">
        <ele>1531.09</ele>
        <time>2024-06-26T09:15:59.077Z</time>
      </trkpt>
      <trkpt lat="-6.649758" lon="106.984311">
        <ele>1528.84</ele>
        <time>2024-06-26T09:16:14.689Z</time>
      </trkpt>
      <trkpt lat="-6.649598" lon="106.984305">
        <ele>1528.53</ele>
        <time>2024-06-26T09:16:40.966Z</time>
      </trkpt>
      <trkpt lat="-6.649555" lon="106.984279">
        <ele>1527.68</ele>
        <time>2024-06-26T09:16:49.198Z</time>
      </trkpt>
      <trkpt lat="-6.649497" lon="106.984198">
        <ele>1525.52</ele>
        <time>2024-06-26T09:17:05.475Z</time>
      </trkpt>
      <trkpt lat="-6.649459" lon="106.984166">
        <ele>1524.89</ele>
        <time>2024-06-26T09:17:13.605Z</time>
      </trkpt>
      <trkpt lat="-6.649411" lon="106.984144">
        <ele>1524.67</ele>
        <time>2024-06-26T09:17:22.260Z</time>
      </trkpt>
      <trkpt lat="-6.649358" lon="106.984144">
        <ele>1524.15</ele>
        <time>2024-06-26T09:17:30.958Z</time>
      </trkpt>
      <trkpt lat="-6.649273" lon="106.984187">
        <ele>1523.45</ele>
        <time>2024-06-26T09:17:46.570Z</time>
      </trkpt>
      <trkpt lat="-6.649172" lon="106.984193">
        <ele>1521.89</ele>
        <time>2024-06-26T09:18:03.175Z</time>
      </trkpt>
      <trkpt lat="-6.649118" lon="106.984182">
        <ele>1521.07</ele>
        <time>2024-06-26T09:18:12.217Z</time>
      </trkpt>
      <trkpt lat="-6.648937" lon="106.984112">
        <ele>1518.16</ele>
        <time>2024-06-26T09:18:44.039Z</time>
      </trkpt>
      <trkpt lat="-6.648836" lon="106.984107">
        <ele>1515.81</ele>
        <time>2024-06-26T09:19:00.635Z</time>
      </trkpt>
      <trkpt lat="-6.648745" lon="106.984075">
        <ele>1513.56</ele>
        <time>2024-06-26T09:19:16.454Z</time>
      </trkpt>
      <trkpt lat="-6.648697" lon="106.984048">
        <ele>1512.47</ele>
        <time>2024-06-26T09:19:25.478Z</time>
      </trkpt>
      <trkpt lat="-6.648649" lon="106.984064">
        <ele>1511.21</ele>
        <time>2024-06-26T09:19:33.776Z</time>
      </trkpt>
      <trkpt lat="-6.648633" lon="106.984102">
        <ele>1510.5</ele>
        <time>2024-06-26T09:19:40.504Z</time>
      </trkpt>
      <trkpt lat="-6.648559" lon="106.984166">
        <ele>1507.89</ele>
        <time>2024-06-26T09:19:56.515Z</time>
      </trkpt>
      <trkpt lat="-6.648463" lon="106.984182">
        <ele>1504.91</ele>
        <time>2024-06-26T09:20:12.485Z</time>
      </trkpt>
      <trkpt lat="-6.648388" lon="106.984295">
        <ele>1500.55</ele>
        <time>2024-06-26T09:20:34.640Z</time>
      </trkpt>
      <trkpt lat="-6.648298" lon="106.984456">
        <ele>1494.6</ele>
        <time>2024-06-26T09:21:04.757Z</time>
      </trkpt>
      <trkpt lat="-6.648255" lon="106.984482">
        <ele>1492.98</ele>
        <time>2024-06-26T09:21:12.989Z</time>
      </trkpt>
      <trkpt lat="-6.64817" lon="106.984509">
        <ele>1490.51</ele>
        <time>2024-06-26T09:21:27.617Z</time>
      </trkpt>
      <trkpt lat="-6.648133" lon="106.984531">
        <ele>1489.35</ele>
        <time>2024-06-26T09:21:34.669Z</time>
      </trkpt>
      <trkpt lat="-6.647919" lon="106.984767">
        <ele>1481.63</ele>
        <time>2024-06-26T09:22:26.762Z</time>
      </trkpt>
      <trkpt lat="-6.647808" lon="106.984976">
        <ele>1477.18</ele>
        <time>2024-06-26T09:23:05.397Z</time>
      </trkpt>
      <trkpt lat="-6.647744" lon="106.985046">
        <ele>1475.62</ele>
        <time>2024-06-26T09:23:20.906Z</time>
      </trkpt>
      <trkpt lat="-6.647669" lon="106.985094">
        <ele>1474.44</ele>
        <time>2024-06-26T09:23:35.491Z</time>
      </trkpt>
      <trkpt lat="-6.647626" lon="106.985174">
        <ele>1472.75</ele>
        <time>2024-06-26T09:23:50.319Z</time>
      </trkpt>
      <trkpt lat="-6.647594" lon="106.985207">
        <ele>1472.03</ele>
        <time>2024-06-26T09:23:57.837Z</time>
      </trkpt>
      <trkpt lat="-6.647552" lon="106.985228">
        <ele>1471.44</ele>
        <time>2024-06-26T09:24:05.533Z</time>
      </trkpt>
      <trkpt lat="-6.647461" lon="106.985255">
        <ele>1471.31</ele>
        <time>2024-06-26T09:24:21.103Z</time>
      </trkpt>
      <trkpt lat="-6.647381" lon="106.985298">
        <ele>1471.28</ele>
        <time>2024-06-26T09:24:35.986Z</time>
      </trkpt>
      <trkpt lat="-6.647301" lon="106.985405">
        <ele>1470.17</ele>
        <time>2024-06-26T09:24:57.818Z</time>
      </trkpt>
      <trkpt lat="-6.647227" lon="106.985529">
        <ele>1468.93</ele>
        <time>2024-06-26T09:25:21.400Z</time>
      </trkpt>
      <trkpt lat="-6.647189" lon="106.985561">
        <ele>1468.43</ele>
        <time>2024-06-26T09:25:29.530Z</time>
      </trkpt>
      <trkpt lat="-6.647067" lon="106.98563">
        <ele>1466.79</ele>
        <time>2024-06-26T09:25:52.496Z</time>
      </trkpt>
      <trkpt lat="-6.647014" lon="106.985706">
        <ele>1466.67</ele>
        <time>2024-06-26T09:26:07.634Z</time>
      </trkpt>
      <trkpt lat="-6.646944" lon="106.985829">
        <ele>1466.36</ele>
        <time>2024-06-26T09:26:30.743Z</time>
      </trkpt>
      <trkpt lat="-6.646859" lon="106.985952">
        <ele>1466.11</ele>
        <time>2024-06-26T09:26:55.169Z</time>
      </trkpt>
      <trkpt lat="-6.646838" lon="106.985995">
        <ele>1465.98</ele>
        <time>2024-06-26T09:27:02.980Z</time>
      </trkpt>
      <trkpt lat="-6.646779" lon="106.98607">
        <ele>1465.37</ele>
        <time>2024-06-26T09:27:18.576Z</time>
      </trkpt>
      <trkpt lat="-6.646651" lon="106.98621">
        <ele>1462.63</ele>
        <time>2024-06-26T09:27:49.595Z</time>
      </trkpt>
      <trkpt lat="-6.646507" lon="106.986333">
        <ele>1458.64</ele>
        <time>2024-06-26T09:28:20.588Z</time>
      </trkpt>
      <trkpt lat="-6.646454" lon="106.986398">
        <ele>1456.3</ele>
        <time>2024-06-26T09:28:34.297Z</time>
      </trkpt>
      <trkpt lat="-6.64639" lon="106.986569">
        <ele>1451.69</ele>
        <time>2024-06-26T09:29:04.086Z</time>
      </trkpt>
      <trkpt lat="-6.646316" lon="106.986617">
        <ele>1450.27</ele>
        <time>2024-06-26T09:29:18.533Z</time>
      </trkpt>
      <trkpt lat="-6.646273" lon="106.986628">
        <ele>1450.29</ele>
        <time>2024-06-26T09:29:25.814Z</time>
      </trkpt>
      <trkpt lat="-6.646225" lon="106.986628">
        <ele>1450.57</ele>
        <time>2024-06-26T09:29:33.691Z</time>
      </trkpt>
      <trkpt lat="-6.646044" lon="106.986703">
        <ele>1450.25</ele>
        <time>2024-06-26T09:30:05.814Z</time>
      </trkpt>
      <trkpt lat="-6.645895" lon="106.986821">
        <ele>1449.8</ele>
        <time>2024-06-26T09:30:36.927Z</time>
      </trkpt>
      <trkpt lat="-6.645852" lon="106.986837">
        <ele>1449.72</ele>
        <time>2024-06-26T09:30:44.450Z</time>
      </trkpt>
      <trkpt lat="-6.645703" lon="106.986848">
        <ele>1449.9</ele>
        <time>2024-06-26T09:31:08.969Z</time>
      </trkpt>
      <trkpt lat="-6.645612" lon="106.986875">
        <ele>1449.71</ele>
        <time>2024-06-26T09:31:24.539Z</time>
      </trkpt>
      <trkpt lat="-6.645324" lon="106.987052">
        <ele>1446.8</ele>
        <time>2024-06-26T09:32:19.917Z</time>
      </trkpt>
      <trkpt lat="-6.645282" lon="106.987063">
        <ele>1446.17</ele>
        <time>2024-06-26T09:32:27.039Z</time>
      </trkpt>
      <trkpt lat="-6.645181" lon="106.987063">
        <ele>1444.39</ele>
        <time>2024-06-26T09:32:43.615Z</time>
      </trkpt>
      <trkpt lat="-6.645138" lon="106.987073">
        <ele>1443.71</ele>
        <time>2024-06-26T09:32:50.858Z</time>
      </trkpt>
      <trkpt lat="-6.645015" lon="106.987149">
        <ele>1442.64</ele>
        <time>2024-06-26T09:33:14.543Z</time>
      </trkpt>
      <trkpt lat="-6.64477" lon="106.987154">
        <ele>1439.35</ele>
        <time>2024-06-26T09:33:54.761Z</time>
      </trkpt>
      <trkpt lat="-6.644722" lon="106.987165">
        <ele>1437.88</ele>
        <time>2024-06-26T09:34:02.840Z</time>
      </trkpt>
      <trkpt lat="-6.644637" lon="106.987202">
        <ele>1435.17</ele>
        <time>2024-06-26T09:34:18.038Z</time>
      </trkpt>
      <trkpt lat="-6.6446" lon="106.987229">
        <ele>1434.27</ele>
        <time>2024-06-26T09:34:25.537Z</time>
      </trkpt>
      <trkpt lat="-6.644477" lon="106.987363">
        <ele>1432.1</ele>
        <time>2024-06-26T09:34:55.280Z</time>
      </trkpt>
      <trkpt lat="-6.644472" lon="106.987535">
        <ele>1431.09</ele>
        <time>2024-06-26T09:35:23.331Z</time>
      </trkpt>
      <trkpt lat="-6.64444" lon="106.987567">
        <ele>1430.64</ele>
        <time>2024-06-26T09:35:30.733Z</time>
      </trkpt>
      <trkpt lat="-6.644328" lon="106.987647">
        <ele>1430.86</ele>
        <time>2024-06-26T09:35:53.271Z</time>
      </trkpt>
      <trkpt lat="-6.644232" lon="106.987733">
        <ele>1431.2</ele>
        <time>2024-06-26T09:36:14.361Z</time>
      </trkpt>
      <trkpt lat="-6.644184" lon="106.987744">
        <ele>1432.19</ele>
        <time>2024-06-26T09:36:22.440Z</time>
      </trkpt>
      <trkpt lat="-6.644136" lon="106.987744">
        <ele>1433.31</ele>
        <time>2024-06-26T09:36:30.317Z</time>
      </trkpt>
      <trkpt lat="-6.644072" lon="106.98768">
        <ele>1435.38</ele>
        <time>2024-06-26T09:36:45.121Z</time>
      </trkpt>
      <trkpt lat="-6.644014" lon="106.987605">
        <ele>1437.4</ele>
        <time>2024-06-26T09:37:00.616Z</time>
      </trkpt>
      <trkpt lat="-6.643971" lon="106.987578">
        <ele>1438.42</ele>
        <time>2024-06-26T09:37:08.933Z</time>
      </trkpt>
      <trkpt lat="-6.643923" lon="106.987578">
        <ele>1438.94</ele>
        <time>2024-06-26T09:37:16.810Z</time>
      </trkpt>
      <trkpt lat="-6.643891" lon="106.98761">
        <ele>1438.56</ele>
        <time>2024-06-26T09:37:24.212Z</time>
      </trkpt>
      <trkpt lat="-6.643865" lon="106.987647">
        <ele>1438.13</ele>
        <time>2024-06-26T09:37:31.600Z</time>
      </trkpt>
      <trkpt lat="-6.643801" lon="106.987846">
        <ele>1436.89</ele>
        <time>2024-06-26T09:38:05.699Z</time>
      </trkpt>
      <trkpt lat="-6.643785" lon="106.987932">
        <ele>1436.34</ele>
        <time>2024-06-26T09:38:19.962Z</time>
      </trkpt>
      <trkpt lat="-6.643785" lon="106.988023">
        <ele>1435.86</ele>
        <time>2024-06-26T09:38:34.796Z</time>
      </trkpt>
      <trkpt lat="-6.643801" lon="106.988061">
        <ele>1435.65</ele>
        <time>2024-06-26T09:38:41.524Z</time>
      </trkpt>
      <trkpt lat="-6.643827" lon="106.988098">
        <ele>1435.23</ele>
        <time>2024-06-26T09:38:48.912Z</time>
      </trkpt>
      <trkpt lat="-6.643843" lon="106.988189">
        <ele>1434.54</ele>
        <time>2024-06-26T09:39:03.977Z</time>
      </trkpt>
      <trkpt lat="-6.643833" lon="106.988232">
        <ele>1434.48</ele>
        <time>2024-06-26T09:39:11.176Z</time>
      </trkpt>
      <trkpt lat="-6.643806" lon="106.988264">
        <ele>1434.76</ele>
        <time>2024-06-26T09:39:18.020Z</time>
      </trkpt>
      <trkpt lat="-6.643774" lon="106.988345">
        <ele>1434.85</ele>
        <time>2024-06-26T09:39:32.230Z</time>
      </trkpt>
      <trkpt lat="-6.643769" lon="106.988393">
        <ele>1434.66</ele>
        <time>2024-06-26T09:39:40.097Z</time>
      </trkpt>
      <trkpt lat="-6.643774" lon="106.988447">
        <ele>1434.23</ele>
        <time>2024-06-26T09:39:48.938Z</time>
      </trkpt>
      <trkpt lat="-6.643822" lon="106.988527">
        <ele>1432.62</ele>
        <time>2024-06-26T09:40:04.174Z</time>
      </trkpt>
      <trkpt lat="-6.643838" lon="106.98857">
        <ele>1432</ele>
        <time>2024-06-26T09:40:11.659Z</time>
      </trkpt>
      <trkpt lat="-6.643849" lon="106.988618">
        <ele>1431.47</ele>
        <time>2024-06-26T09:40:19.689Z</time>
      </trkpt>
      <trkpt lat="-6.643849" lon="106.988753">
        <ele>1430.5</ele>
        <time>2024-06-26T09:40:41.696Z</time>
      </trkpt>
      <trkpt lat="-6.643747" lon="106.988903">
        <ele>1430.42</ele>
        <time>2024-06-26T09:41:11.330Z</time>
      </trkpt>
      <trkpt lat="-6.643566" lon="106.989219">
        <ele>1424.53</ele>
        <time>2024-06-26T09:42:10.795Z</time>
      </trkpt>
      <trkpt lat="-6.643534" lon="106.9893">
        <ele>1423.4</ele>
        <time>2024-06-26T09:42:25.005Z</time>
      </trkpt>
      <trkpt lat="-6.643508" lon="106.989396">
        <ele>1422.44</ele>
        <time>2024-06-26T09:42:41.226Z</time>
      </trkpt>
      <trkpt lat="-6.643492" lon="106.989584">
        <ele>1421.73</ele>
        <time>2024-06-26T09:43:11.986Z</time>
      </trkpt>
      <trkpt lat="-6.64347" lon="106.98967">
        <ele>1421.11</ele>
        <time>2024-06-26T09:43:26.463Z</time>
      </trkpt>
      <trkpt lat="-6.643369" lon="106.98982">
        <ele>1419.41</ele>
        <time>2024-06-26T09:43:56.004Z</time>
      </trkpt>
      <trkpt lat="-6.643326" lon="106.989954">
        <ele>1417.74</ele>
        <time>2024-06-26T09:44:18.960Z</time>
      </trkpt>
      <trkpt lat="-6.643257" lon="106.990094">
        <ele>1415.54</ele>
        <time>2024-06-26T09:44:44.437Z</time>
      </trkpt>
      <trkpt lat="-6.64323" lon="106.990137">
        <ele>1414.57</ele>
        <time>2024-06-26T09:44:52.730Z</time>
      </trkpt>
      <trkpt lat="-6.643129" lon="106.990238">
        <ele>1412.27</ele>
        <time>2024-06-26T09:45:16.093Z</time>
      </trkpt>
      <trkpt lat="-6.643055" lon="106.990287">
        <ele>1411.28</ele>
        <time>2024-06-26T09:45:30.629Z</time>
      </trkpt>
      <trkpt lat="-6.642953" lon="106.990367">
        <ele>1409.75</ele>
        <time>2024-06-26T09:45:51.849Z</time>
      </trkpt>
      <trkpt lat="-6.642911" lon="106.990389">
        <ele>1409.25</ele>
        <time>2024-06-26T09:45:59.619Z</time>
      </trkpt>
      <trkpt lat="-6.642847" lon="106.990448">
        <ele>1408.56</ele>
        <time>2024-06-26T09:46:13.861Z</time>
      </trkpt>
      <trkpt lat="-6.642794" lon="106.990517">
        <ele>1407.75</ele>
        <time>2024-06-26T09:46:28.080Z</time>
      </trkpt>
      <trkpt lat="-6.642527" lon="106.990625">
        <ele>1407.75</ele>
        <time>2024-06-26T09:47:15.305Z</time>
      </trkpt>
      <trkpt lat="-6.642479" lon="106.99063">
        <ele>1407.72</ele>
        <time>2024-06-26T09:47:23.224Z</time>
      </trkpt>
      <trkpt lat="-6.642431" lon="106.990625">
        <ele>1407.75</ele>
        <time>2024-06-26T09:47:31.143Z</time>
      </trkpt>
      <trkpt lat="-6.642351" lon="106.990571">
        <ele>1408</ele>
        <time>2024-06-26T09:47:46.950Z</time>
      </trkpt>
      <trkpt lat="-6.642298" lon="106.990571">
        <ele>1408</ele>
        <time>2024-06-26T09:47:55.648Z</time>
      </trkpt>
      <trkpt lat="-6.642255" lon="106.990598">
        <ele>1407.91</ele>
        <time>2024-06-26T09:48:03.965Z</time>
      </trkpt>
      <trkpt lat="-6.642079" lon="106.990678">
        <ele>1406.96</ele>
        <time>2024-06-26T09:48:35.658Z</time>
      </trkpt>
      <trkpt lat="-6.642" lon="106.990727">
        <ele>1406.38</ele>
        <time>2024-06-26T09:48:50.886Z</time>
      </trkpt>
      <trkpt lat="-6.64193" lon="106.990791">
        <ele>1405.57</ele>
        <time>2024-06-26T09:49:06.405Z</time>
      </trkpt>
      <trkpt lat="-6.641904" lon="106.990829">
        <ele>1405.14</ele>
        <time>2024-06-26T09:49:13.927Z</time>
      </trkpt>
      <trkpt lat="-6.641888" lon="106.990866">
        <ele>1404.7</ele>
        <time>2024-06-26T09:49:20.505Z</time>
      </trkpt>
      <trkpt lat="-6.641882" lon="106.990957">
        <ele>1403.7</ele>
        <time>2024-06-26T09:49:35.372Z</time>
      </trkpt>
      <trkpt lat="-6.641866" lon="106.991048">
        <ele>1402.92</ele>
        <time>2024-06-26T09:49:50.437Z</time>
      </trkpt>
      <trkpt lat="-6.64185" lon="106.991086">
        <ele>1402.77</ele>
        <time>2024-06-26T09:49:57.165Z</time>
      </trkpt>
      <trkpt lat="-6.641808" lon="106.991108">
        <ele>1403.29</ele>
        <time>2024-06-26T09:50:04.935Z</time>
      </trkpt>
      <trkpt lat="-6.64176" lon="106.991108">
        <ele>1404.15</ele>
        <time>2024-06-26T09:50:12.812Z</time>
      </trkpt>
      <trkpt lat="-6.641675" lon="106.991134">
        <ele>1405.45</ele>
        <time>2024-06-26T09:50:27.392Z</time>
      </trkpt>
      <trkpt lat="-6.641611" lon="106.991204">
        <ele>1405.84</ele>
        <time>2024-06-26T09:50:42.901Z</time>
      </trkpt>
      <trkpt lat="-6.641552" lon="106.99129">
        <ele>1405.68</ele>
        <time>2024-06-26T09:50:59.939Z</time>
      </trkpt>
      <trkpt lat="-6.64152" lon="106.991322">
        <ele>1405.68</ele>
        <time>2024-06-26T09:51:07.341Z</time>
      </trkpt>
      <trkpt lat="-6.641413" lon="106.991478">
        <ele>1404.96</ele>
        <time>2024-06-26T09:51:38.246Z</time>
      </trkpt>
      <trkpt lat="-6.641387" lon="106.991671">
        <ele>1402.26</ele>
        <time>2024-06-26T09:52:09.997Z</time>
      </trkpt>
      <trkpt lat="-6.641312" lon="106.991794">
        <ele>1401.65</ele>
        <time>2024-06-26T09:52:33.525Z</time>
      </trkpt>
      <trkpt lat="-6.641142" lon="106.99203">
        <ele>1401.92</ele>
        <time>2024-06-26T09:53:21.049Z</time>
      </trkpt>
      <trkpt lat="-6.641126" lon="106.992127">
        <ele>1401.91</ele>
        <time>2024-06-26T09:53:37.078Z</time>
      </trkpt>
      <trkpt lat="-6.641072" lon="106.992207">
        <ele>1402.52</ele>
        <time>2024-06-26T09:53:52.846Z</time>
      </trkpt>
      <trkpt lat="-6.641056" lon="106.992245">
        <ele>1402.71</ele>
        <time>2024-06-26T09:53:59.574Z</time>
      </trkpt>
      <trkpt lat="-6.641019" lon="106.992518">
        <ele>1402.82</ele>
        <time>2024-06-26T09:54:44.491Z</time>
      </trkpt>
      <trkpt lat="-6.641014" lon="106.992738">
        <ele>1401.03</ele>
        <time>2024-06-26T09:55:20.365Z</time>
      </trkpt>
      <trkpt lat="-6.640987" lon="106.992819">
        <ele>1400.25</ele>
        <time>2024-06-26T09:55:34.293Z</time>
      </trkpt>
      <trkpt lat="-6.640929" lon="106.992894">
        <ele>1399.55</ele>
        <time>2024-06-26T09:55:49.788Z</time>
      </trkpt>
      <trkpt lat="-6.640838" lon="106.993055">
        <ele>1398.25</ele>
        <time>2024-06-26T09:56:19.986Z</time>
      </trkpt>
      <trkpt lat="-6.640758" lon="106.993275">
        <ele>1395.69</ele>
        <time>2024-06-26T09:56:58.178Z</time>
      </trkpt>
      <trkpt lat="-6.640534" lon="106.993693">
        <ele>1390.83</ele>
        <time>2024-06-26T09:58:15.605Z</time>
      </trkpt>
      <trkpt lat="-6.640454" lon="106.99379">
        <ele>1389.32</ele>
        <time>2024-06-26T09:58:36.158Z</time>
      </trkpt>
      <trkpt lat="-6.640406" lon="106.993795">
        <ele>1388.98</ele>
        <time>2024-06-26T09:58:44.077Z</time>
      </trkpt>
      <trkpt lat="-6.640316" lon="106.993758">
        <ele>1388.78</ele>
        <time>2024-06-26T09:59:00.032Z</time>
      </trkpt>
      <trkpt lat="-6.64022" lon="106.993741">
        <ele>1388.04</ele>
        <time>2024-06-26T09:59:16.029Z</time>
      </trkpt>
      <trkpt lat="-6.640087" lon="106.99379">
        <ele>1386.29</ele>
        <time>2024-06-26T09:59:39.272Z</time>
      </trkpt>
      <trkpt lat="-6.640039" lon="106.993779">
        <ele>1385.79</ele>
        <time>2024-06-26T09:59:47.351Z</time>
      </trkpt>
      <trkpt lat="-6.640001" lon="106.993747">
        <ele>1385.54</ele>
        <time>2024-06-26T09:59:55.481Z</time>
      </trkpt>
      <trkpt lat="-6.639959" lon="106.993768">
        <ele>1384.92</ele>
        <time>2024-06-26T10:00:03.177Z</time>
      </trkpt>
      <trkpt lat="-6.639927" lon="106.9938">
        <ele>1384.35</ele>
        <time>2024-06-26T10:00:10.579Z</time>
      </trkpt>
      <trkpt lat="-6.639858" lon="106.993918">
        <ele>1383.25</ele>
        <time>2024-06-26T10:00:32.901Z</time>
      </trkpt>
      <trkpt lat="-6.639826" lon="106.993951">
        <ele>1382.88</ele>
        <time>2024-06-26T10:00:40.419Z</time>
      </trkpt>
      <trkpt lat="-6.639778" lon="106.993961">
        <ele>1382.32</ele>
        <time>2024-06-26T10:00:48.463Z</time>
      </trkpt>
      <trkpt lat="-6.63973" lon="106.993951">
        <ele>1381.76</ele>
        <time>2024-06-26T10:00:56.507Z</time>
      </trkpt>
      <trkpt lat="-6.639682" lon="106.993961">
        <ele>1381.2</ele>
        <time>2024-06-26T10:01:04.551Z</time>
      </trkpt>
      <trkpt lat="-6.639639" lon="106.993988">
        <ele>1380.7</ele>
        <time>2024-06-26T10:01:12.868Z</time>
      </trkpt>
      <trkpt lat="-6.639517" lon="106.994122">
        <ele>1378.76</ele>
        <time>2024-06-26T10:01:42.501Z</time>
      </trkpt>
      <trkpt lat="-6.639442" lon="106.994176">
        <ele>1377.5</ele>
        <time>2024-06-26T10:01:57.634Z</time>
      </trkpt>
      <trkpt lat="-6.639314" lon="106.99423">
        <ele>1376.15</ele>
        <time>2024-06-26T10:02:20.411Z</time>
      </trkpt>
      <trkpt lat="-6.639239" lon="106.994283">
        <ele>1376.03</ele>
        <time>2024-06-26T10:02:35.449Z</time>
      </trkpt>
      <trkpt lat="-6.639207" lon="106.994321">
        <ele>1376.06</ele>
        <time>2024-06-26T10:02:43.570Z</time>
      </trkpt>
      <trkpt lat="-6.63917" lon="106.994348">
        <ele>1376</ele>
        <time>2024-06-26T10:02:51.069Z</time>
      </trkpt>
      <trkpt lat="-6.639128" lon="106.994471">
        <ele>1375.71</ele>
        <time>2024-06-26T10:03:12.272Z</time>
      </trkpt>
      <trkpt lat="-6.639058" lon="106.99453">
        <ele>1374.9</ele>
        <time>2024-06-26T10:03:27.255Z</time>
      </trkpt>
      <trkpt lat="-6.638898" lon="106.994637">
        <ele>1371.57</ele>
        <time>2024-06-26T10:03:58.780Z</time>
      </trkpt>
      <trkpt lat="-6.638856" lon="106.994653">
        <ele>1370.32</ele>
        <time>2024-06-26T10:04:06.150Z</time>
      </trkpt>
      <trkpt lat="-6.638776" lon="106.994702">
        <ele>1367.78</ele>
        <time>2024-06-26T10:04:21.518Z</time>
      </trkpt>
      <trkpt lat="-6.638733" lon="106.994718">
        <ele>1366.21</ele>
        <time>2024-06-26T10:04:29.041Z</time>
      </trkpt>
      <trkpt lat="-6.638632" lon="106.994728">
        <ele>1362.7</ele>
        <time>2024-06-26T10:04:45.697Z</time>
      </trkpt>
      <trkpt lat="-6.638541" lon="106.994761">
        <ele>1361.26</ele>
        <time>2024-06-26T10:05:01.571Z</time>
      </trkpt>
      <trkpt lat="-6.638467" lon="106.994873">
        <ele>1359.13</ele>
        <time>2024-06-26T10:05:23.499Z</time>
      </trkpt>
      <trkpt lat="-6.638328" lon="106.995056">
        <ele>1356.77</ele>
        <time>2024-06-26T10:06:01.054Z</time>
      </trkpt>
      <trkpt lat="-6.638296" lon="106.995088">
        <ele>1355.84</ele>
        <time>2024-06-26T10:06:08.456Z</time>
      </trkpt>
      <trkpt lat="-6.638248" lon="106.995174">
        <ele>1353.01</ele>
        <time>2024-06-26T10:06:24.537Z</time>
      </trkpt>
      <trkpt lat="-6.638195" lon="106.995249">
        <ele>1349.52</ele>
        <time>2024-06-26T10:06:39.542Z</time>
      </trkpt>
      <trkpt lat="-6.638163" lon="106.995276">
        <ele>1347.67</ele>
        <time>2024-06-26T10:06:46.394Z</time>
      </trkpt>
      <trkpt lat="-6.63812" lon="106.995292">
        <ele>1346.31</ele>
        <time>2024-06-26T10:06:53.917Z</time>
      </trkpt>
      <trkpt lat="-6.638078" lon="106.995276">
        <ele>1346.8</ele>
        <time>2024-06-26T10:07:01.287Z</time>
      </trkpt>
      <trkpt lat="-6.637955" lon="106.995201">
        <ele>1350.3</ele>
        <time>2024-06-26T10:07:24.887Z</time>
      </trkpt>
      <trkpt lat="-6.637865" lon="106.995174">
        <ele>1349.06</ele>
        <time>2024-06-26T10:07:40.299Z</time>
      </trkpt>
      <trkpt lat="-6.637625" lon="106.995179">
        <ele>1339.88</ele>
        <time>2024-06-26T10:08:19.696Z</time>
      </trkpt>
      <trkpt lat="-6.637465" lon="106.99527">
        <ele>1325.09</ele>
        <time>2024-06-26T10:08:49.856Z</time>
      </trkpt>
      <trkpt lat="-6.637428" lon="106.995238">
        <ele>1325.23</ele>
        <time>2024-06-26T10:08:57.861Z</time>
      </trkpt>
      <trkpt lat="-6.637412" lon="106.995131">
        <ele>1329.34</ele>
        <time>2024-06-26T10:09:15.500Z</time>
      </trkpt>
      <trkpt lat="-6.637385" lon="106.995088">
        <ele>1329.43</ele>
        <time>2024-06-26T10:09:23.793Z</time>
      </trkpt>
      <trkpt lat="-6.637353" lon="106.995056">
        <ele>1328.56</ele>
        <time>2024-06-26T10:09:31.195Z</time>
      </trkpt>
      <trkpt lat="-6.637311" lon="106.99504">
        <ele>1326.13</ele>
        <time>2024-06-26T10:09:38.565Z</time>
      </trkpt>
      <trkpt lat="-6.637215" lon="106.995056">
        <ele>1319.86</ele>
        <time>2024-06-26T10:09:54.535Z</time>
      </trkpt>
      <trkpt lat="-6.637172" lon="106.99504">
        <ele>1318.18</ele>
        <time>2024-06-26T10:10:02.058Z</time>
      </trkpt>
      <trkpt lat="-6.637071" lon="106.994938">
        <ele>1316.77</ele>
        <time>2024-06-26T10:10:25.537Z</time>
      </trkpt>
      <trkpt lat="-6.637023" lon="106.994938">
        <ele>1314.81</ele>
        <time>2024-06-26T10:10:33.414Z</time>
      </trkpt>
      <trkpt lat="-6.636975" lon="106.994948">
        <ele>1312.47</ele>
        <time>2024-06-26T10:10:41.458Z</time>
      </trkpt>
      <trkpt lat="-6.636879" lon="106.994986">
        <ele>1307.41</ele>
        <time>2024-06-26T10:10:58.387Z</time>
      </trkpt>
      <trkpt lat="-6.636831" lon="106.994986">
        <ele>1305.62</ele>
        <time>2024-06-26T10:11:06.264Z</time>
      </trkpt>
      <trkpt lat="-6.636613" lon="106.994906">
        <ele>1300.99</ele>
        <time>2024-06-26T10:11:44.345Z</time>
      </trkpt>
      <trkpt lat="-6.63657" lon="106.994916">
        <ele>1299.43</ele>
        <time>2024-06-26T10:11:51.588Z</time>
      </trkpt>
      <trkpt lat="-6.636533" lon="106.994938">
        <ele>1297.71</ele>
        <time>2024-06-26T10:11:58.640Z</time>
      </trkpt>
      <trkpt lat="-6.636501" lon="106.99497">
        <ele>1295.84</ele>
        <time>2024-06-26T10:12:06.042Z</time>
      </trkpt>
      <trkpt lat="-6.636474" lon="106.995056">
        <ele>1292.56</ele>
        <time>2024-06-26T10:12:20.745Z</time>
      </trkpt>
      <trkpt lat="-6.636442" lon="106.995093">
        <ele>1290.51</ele>
        <time>2024-06-26T10:12:28.742Z</time>
      </trkpt>
      <trkpt lat="-6.63641" lon="106.99512">
        <ele>1288.82</ele>
        <time>2024-06-26T10:12:35.594Z</time>
      </trkpt>
      <trkpt lat="-6.636325" lon="106.995152">
        <ele>1285.39</ele>
        <time>2024-06-26T10:12:50.487Z</time>
      </trkpt>
      <trkpt lat="-6.636287" lon="106.995179">
        <ele>1283.52</ele>
        <time>2024-06-26T10:12:58.120Z</time>
      </trkpt>
      <trkpt lat="-6.636245" lon="106.995265">
        <ele>1279.32</ele>
        <time>2024-06-26T10:13:13.742Z</time>
      </trkpt>
      <trkpt lat="-6.636133" lon="106.995399">
        <ele>1271.26</ele>
        <time>2024-06-26T10:13:42.291Z</time>
      </trkpt>
      <trkpt lat="-6.636042" lon="106.995442">
        <ele>1267.35</ele>
        <time>2024-06-26T10:13:58.789Z</time>
      </trkpt>
      <trkpt lat="-6.635968" lon="106.995496">
        <ele>1263.92</ele>
        <time>2024-06-26T10:14:13.788Z</time>
      </trkpt>
      <trkpt lat="-6.63592" lon="106.995576">
        <ele>1260.94</ele>
        <time>2024-06-26T10:14:29.024Z</time>
      </trkpt>
      <trkpt lat="-6.635888" lon="106.995662">
        <ele>1257.54</ele>
        <time>2024-06-26T10:14:43.995Z</time>
      </trkpt>
      <trkpt lat="-6.635808" lon="106.99578">
        <ele>1252.83</ele>
        <time>2024-06-26T10:15:07.285Z</time>
      </trkpt>
      <trkpt lat="-6.635691" lon="106.995866">
        <ele>1249.39</ele>
        <time>2024-06-26T10:15:31.060Z</time>
      </trkpt>
      <trkpt lat="-6.635632" lon="106.995935">
        <ele>1247.31</ele>
        <time>2024-06-26T10:15:45.902Z</time>
      </trkpt>
      <trkpt lat="-6.635611" lon="106.996075">
        <ele>1243.25</ele>
        <time>2024-06-26T10:16:08.983Z</time>
      </trkpt>
      <trkpt lat="-6.635541" lon="106.996139">
        <ele>1241.4</ele>
        <time>2024-06-26T10:16:24.502Z</time>
      </trkpt>
      <trkpt lat="-6.635462" lon="106.996193">
        <ele>1239.39</ele>
        <time>2024-06-26T10:16:40.173Z</time>
      </trkpt>
      <trkpt lat="-6.635366" lon="106.996295">
        <ele>1234.14</ele>
        <time>2024-06-26T10:17:03.080Z</time>
      </trkpt>
      <trkpt lat="-6.635339" lon="106.996332">
        <ele>1231.31</ele>
        <time>2024-06-26T10:17:10.564Z</time>
      </trkpt>
      <trkpt lat="-6.635307" lon="106.996359">
        <ele>1229.23</ele>
        <time>2024-06-26T10:17:17.416Z</time>
      </trkpt>
      <trkpt lat="-6.635259" lon="106.996365">
        <ele>1228.48</ele>
        <time>2024-06-26T10:17:25.354Z</time>
      </trkpt>
      <trkpt lat="-6.635184" lon="106.9963">
        <ele>1231.06</ele>
        <time>2024-06-26T10:17:41.595Z</time>
      </trkpt>
      <trkpt lat="-6.635126" lon="106.996225">
        <ele>1232.71</ele>
        <time>2024-06-26T10:17:57.090Z</time>
      </trkpt>
      <trkpt lat="-6.635009" lon="106.996139">
        <ele>1230.42</ele>
        <time>2024-06-26T10:18:20.865Z</time>
      </trkpt>
      <trkpt lat="-6.634913" lon="106.996113">
        <ele>1226.71</ele>
        <time>2024-06-26T10:18:37.180Z</time>
      </trkpt>
      <trkpt lat="-6.634811" lon="106.996113">
        <ele>1222.02</ele>
        <time>2024-06-26T10:18:53.920Z</time>
      </trkpt>
      <trkpt lat="-6.634726" lon="106.996134">
        <ele>1217.6</ele>
        <time>2024-06-26T10:19:08.284Z</time>
      </trkpt>
      <trkpt lat="-6.634689" lon="106.996155">
        <ele>1215.48</ele>
        <time>2024-06-26T10:19:15.255Z</time>
      </trkpt>
      <trkpt lat="-6.634657" lon="106.996188">
        <ele>1213.5</ele>
        <time>2024-06-26T10:19:22.773Z</time>
      </trkpt>
      <trkpt lat="-6.634641" lon="106.996225">
        <ele>1212.17</ele>
        <time>2024-06-26T10:19:29.351Z</time>
      </trkpt>
      <trkpt lat="-6.634636" lon="106.996273">
        <ele>1210.88</ele>
        <time>2024-06-26T10:19:37.219Z</time>
      </trkpt>
      <trkpt lat="-6.634668" lon="106.996306">
        <ele>1210.91</ele>
        <time>2024-06-26T10:19:44.737Z</time>
      </trkpt>
      <trkpt lat="-6.634716" lon="106.996322">
        <ele>1211.98</ele>
        <time>2024-06-26T10:19:53.035Z</time>
      </trkpt>
      <trkpt lat="-6.634732" lon="106.996359">
        <ele>1211.26</ele>
        <time>2024-06-26T10:19:59.613Z</time>
      </trkpt>
      <trkpt lat="-6.634694" lon="106.996391">
        <ele>1208.85</ele>
        <time>2024-06-26T10:20:07.743Z</time>
      </trkpt>
      <trkpt lat="-6.634652" lon="106.996408">
        <ele>1207.02</ele>
        <time>2024-06-26T10:20:15.172Z</time>
      </trkpt>
      <trkpt lat="-6.634508" lon="106.99644">
        <ele>1201.27</ele>
        <time>2024-06-26T10:20:39.374Z</time>
      </trkpt>
      <trkpt lat="-6.63438" lon="106.996488">
        <ele>1194.39</ele>
        <time>2024-06-26T10:21:01.791Z</time>
      </trkpt>
      <trkpt lat="-6.634204" lon="106.996585">
        <ele>1184.53</ele>
        <time>2024-06-26T10:21:34.721Z</time>
      </trkpt>
      <trkpt lat="-6.634028" lon="106.996644">
        <ele>1175.32</ele>
        <time>2024-06-26T10:22:05.165Z</time>
      </trkpt>
      <trkpt lat="-6.63398" lon="106.996649">
        <ele>1172.87</ele>
        <time>2024-06-26T10:22:13.084Z</time>
      </trkpt>
      <trkpt lat="-6.633943" lon="106.99667">
        <ele>1170.77</ele>
        <time>2024-06-26T10:22:20.055Z</time>
      </trkpt>
      <trkpt lat="-6.633927" lon="106.996708">
        <ele>1169.6</ele>
        <time>2024-06-26T10:22:26.783Z</time>
      </trkpt>
      <trkpt lat="-6.633938" lon="106.996756">
        <ele>1169.54</ele>
        <time>2024-06-26T10:22:34.813Z</time>
      </trkpt>
      <trkpt lat="-6.633975" lon="106.996783">
        <ele>1170.43</ele>
        <time>2024-06-26T10:22:42.312Z</time>
      </trkpt>
      <trkpt lat="-6.634023" lon="106.996794">
        <ele>1171.81</ele>
        <time>2024-06-26T10:22:50.391Z</time>
      </trkpt>
      <trkpt lat="-6.634034" lon="106.996837">
        <ele>1169.9</ele>
        <time>2024-06-26T10:22:57.629Z</time>
      </trkpt>
      <trkpt lat="-6.634018" lon="106.996874">
        <ele>1167.44</ele>
        <time>2024-06-26T10:23:04.207Z</time>
      </trkpt>
      <trkpt lat="-6.633975" lon="106.996896">
        <ele>1164.93</ele>
        <time>2024-06-26T10:23:12.123Z</time>
      </trkpt>
      <trkpt lat="-6.633826" lon="106.996901">
        <ele>1159.54</ele>
        <time>2024-06-26T10:23:36.590Z</time>
      </trkpt>
      <trkpt lat="-6.633778" lon="106.99689">
        <ele>1157.91</ele>
        <time>2024-06-26T10:23:44.669Z</time>
      </trkpt>
      <trkpt lat="-6.633708" lon="106.996815">
        <ele>1157.61</ele>
        <time>2024-06-26T10:24:01.446Z</time>
      </trkpt>
      <trkpt lat="-6.633671" lon="106.996724">
        <ele>1157.17</ele>
        <time>2024-06-26T10:24:17.475Z</time>
      </trkpt>
      <trkpt lat="-6.633661" lon="106.996627">
        <ele>1156.55</ele>
        <time>2024-06-26T10:24:33.373Z</time>
      </trkpt>
      <trkpt lat="-6.633623" lon="106.996595">
        <ele>1154.2</ele>
        <time>2024-06-26T10:24:41.503Z</time>
      </trkpt>
      <trkpt lat="-6.633575" lon="106.996595">
        <ele>1151.4</ele>
        <time>2024-06-26T10:24:49.380Z</time>
      </trkpt>
      <trkpt lat="-6.633517" lon="106.99667">
        <ele>1148.12</ele>
        <time>2024-06-26T10:25:04.875Z</time>
      </trkpt>
      <trkpt lat="-6.633501" lon="106.996708">
        <ele>1147.1</ele>
        <time>2024-06-26T10:25:11.603Z</time>
      </trkpt>
      <trkpt lat="-6.633485" lon="106.996751">
        <ele>1146.07</ele>
        <time>2024-06-26T10:25:19.088Z</time>
      </trkpt>
      <trkpt lat="-6.633469" lon="106.99688">
        <ele>1141.98</ele>
        <time>2024-06-26T10:25:40.281Z</time>
      </trkpt>
      <trkpt lat="-6.633453" lon="106.996917">
        <ele>1139.86</ele>
        <time>2024-06-26T10:25:46.859Z</time>
      </trkpt>
      <trkpt lat="-6.633421" lon="106.996944">
        <ele>1137.02</ele>
        <time>2024-06-26T10:25:53.711Z</time>
      </trkpt>
      <trkpt lat="-6.633373" lon="106.996939">
        <ele>1134.09</ele>
        <time>2024-06-26T10:26:01.630Z</time>
      </trkpt>
      <trkpt lat="-6.63325" lon="106.996772">
        <ele>1130.44</ele>
        <time>2024-06-26T10:26:35.522Z</time>
      </trkpt>
      <trkpt lat="-6.633192" lon="106.996638">
        <ele>1127.02</ele>
        <time>2024-06-26T10:26:59.351Z</time>
      </trkpt>
      <trkpt lat="-6.633165" lon="106.99652">
        <ele>1124.56</ele>
        <time>2024-06-26T10:27:19.091Z</time>
      </trkpt>
      <trkpt lat="-6.633165" lon="106.996386">
        <ele>1123.04</ele>
        <time>2024-06-26T10:27:40.936Z</time>
      </trkpt>
      <trkpt lat="-6.633125" lon="106.996338">
        <ele>1120.28</ele>
        <time>2024-06-26T10:27:51.150Z</time>
      </trkpt>
      <trkpt lat="-6.632962" lon="106.996306">
        <ele>1111.36</ele>
        <time>2024-06-26T10:28:18.405Z</time>
      </trkpt>
      <trkpt lat="-6.632872" lon="106.996268">
        <ele>1106.92</ele>
        <time>2024-06-26T10:28:34.422Z</time>
      </trkpt>
      <trkpt lat="-6.632819" lon="106.996257">
        <ele>1104.49</ele>
        <time>2024-06-26T10:28:43.303Z</time>
      </trkpt>
      <trkpt lat="-6.632776" lon="106.996236">
        <ele>1102.74</ele>
        <time>2024-06-26T10:28:51.146Z</time>
      </trkpt>
      <trkpt lat="-6.632584" lon="106.996177">
        <ele>1095.32</ele>
        <time>2024-06-26T10:29:24.092Z</time>
      </trkpt>
      <trkpt lat="-6.632478" lon="106.996161">
        <ele>1091.58</ele>
        <time>2024-06-26T10:29:41.683Z</time>
      </trkpt>
      <trkpt lat="-6.632185" lon="106.996161">
        <ele>1082.08</ele>
        <time>2024-06-26T10:30:29.770Z</time>
      </trkpt>
      <trkpt lat="-6.632086" lon="106.996104">
        <ele>1079.19</ele>
        <time>2024-06-26T10:30:48.487Z</time>
      </trkpt>
      <trkpt lat="-6.632089" lon="106.996021">
        <ele>1079.14</ele>
        <time>2024-06-26T10:31:02.026Z</time>
      </trkpt>
      <trkpt lat="-6.632115" lon="106.995957">
        <ele>1079.91</ele>
        <time>2024-06-26T10:31:13.298Z</time>
      </trkpt>
      <trkpt lat="-6.632185" lon="106.99588">
        <ele>1081.97</ele>
        <time>2024-06-26T10:31:30.314Z</time>
      </trkpt>
      <trkpt lat="-6.632180972434227" lon="106.99587408066202">
        <ele>1085.03662145079</ele>
        <time>2024-06-26T10:31:31.483Z</time>
      </trkpt>
      <trkpt lat="-6.632185" lon="106.99588">
        <ele>1081.97</ele>
        <time>2024-06-26T10:31:32.652Z</time>
      </trkpt>
      <trkpt lat="-6.632115" lon="106.995957">
        <ele>1079.91</ele>
        <time>2024-06-26T10:31:49.674Z</time>
      </trkpt>
      <trkpt lat="-6.632089" lon="106.996021">
        <ele>1079.14</ele>
        <time>2024-06-26T10:32:00.950Z</time>
      </trkpt>
      <trkpt lat="-6.632086" lon="106.996104">
        <ele>1079.19</ele>
        <time>2024-06-26T10:32:14.494Z</time>
      </trkpt>
      <trkpt lat="-6.631998" lon="106.996118">
        <ele>1076.62</ele>
        <time>2024-06-26T10:32:29.120Z</time>
      </trkpt>
      <trkpt lat="-6.631971" lon="106.99615">
        <ele>1075.84</ele>
        <time>2024-06-26T10:32:35.967Z</time>
      </trkpt>
      <trkpt lat="-6.631929" lon="106.996172">
        <ele>1074.59</ele>
        <time>2024-06-26T10:32:43.740Z</time>
      </trkpt>
      <trkpt lat="-6.631881" lon="106.996161">
        <ele>1073.19</ele>
        <time>2024-06-26T10:32:51.822Z</time>
      </trkpt>
      <trkpt lat="-6.631833" lon="106.996134">
        <ele>1071.78</ele>
        <time>2024-06-26T10:33:00.849Z</time>
      </trkpt>
      <trkpt lat="-6.631785" lon="106.996134">
        <ele>1070.41</ele>
        <time>2024-06-26T10:33:08.729Z</time>
      </trkpt>
      <trkpt lat="-6.631742" lon="106.99615">
        <ele>1069.27</ele>
        <time>2024-06-26T10:33:16.255Z</time>
      </trkpt>
      <trkpt lat="-6.631694" lon="106.996155">
        <ele>1067.99</ele>
        <time>2024-06-26T10:33:24.177Z</time>
      </trkpt>
      <trkpt lat="-6.631465" lon="106.996161">
        <ele>1062.88</ele>
        <time>2024-06-26T10:34:01.786Z</time>
      </trkpt>
      <trkpt lat="-6.631428" lon="106.996182">
        <ele>1062.38</ele>
        <time>2024-06-26T10:34:08.759Z</time>
      </trkpt>
      <trkpt lat="-6.631396" lon="106.996214">
        <ele>1062.19</ele>
        <time>2024-06-26T10:34:16.164Z</time>
      </trkpt>
      <trkpt lat="-6.631316" lon="106.996263">
        <ele>1061.47</ele>
        <time>2024-06-26T10:34:31.538Z</time>
      </trkpt>
      <trkpt lat="-6.631273" lon="106.996273">
        <ele>1060.79</ele>
        <time>2024-06-26T10:34:38.783Z</time>
      </trkpt>
      <trkpt lat="-6.631225" lon="106.996268">
        <ele>1059.58</ele>
        <time>2024-06-26T10:34:46.705Z</time>
      </trkpt>
      <trkpt lat="-6.631183" lon="106.996247">
        <ele>1058.21</ele>
        <time>2024-06-26T10:34:54.404Z</time>
      </trkpt>
      <trkpt lat="-6.631135" lon="106.996236">
        <ele>1056.9</ele>
        <time>2024-06-26T10:35:02.486Z</time>
      </trkpt>
      <trkpt lat="-6.631039" lon="106.996236">
        <ele>1054.1</ele>
        <time>2024-06-26T10:35:18.247Z</time>
      </trkpt>
      <trkpt lat="-6.631002" lon="106.996263">
        <ele>1053.52</ele>
        <time>2024-06-26T10:35:25.749Z</time>
      </trkpt>
      <trkpt lat="-6.630948" lon="106.996338">
        <ele>1052.78</ele>
        <time>2024-06-26T10:35:40.855Z</time>
      </trkpt>
      <trkpt lat="-6.630948" lon="106.996381">
        <ele>1053.28</ele>
        <time>2024-06-26T10:35:47.867Z</time>
      </trkpt>
      <trkpt lat="-6.630932" lon="106.996418">
        <ele>1053.06</ele>
        <time>2024-06-26T10:35:54.447Z</time>
      </trkpt>
      <trkpt lat="-6.630826" lon="106.996568">
        <ele>1048.83</ele>
        <time>2024-06-26T10:36:24.467Z</time>
      </trkpt>
      <trkpt lat="-6.630794" lon="106.996595">
        <ele>1047.52</ele>
        <time>2024-06-26T10:36:31.321Z</time>
      </trkpt>
      <trkpt lat="-6.63073" lon="106.99667">
        <ele>1044.81</ele>
        <time>2024-06-26T10:36:47.445Z</time>
      </trkpt>
      <trkpt lat="-6.630357" lon="106.996906">
        <ele>1032.56</ele>
        <time>2024-06-26T10:37:59.773Z</time>
      </trkpt>
      <trkpt lat="-6.63025" lon="106.996998">
        <ele>1030.63</ele>
        <time>2024-06-26T10:38:22.875Z</time>
      </trkpt>
      <trkpt lat="-6.630202" lon="106.997008">
        <ele>1030.39</ele>
        <time>2024-06-26T10:38:30.922Z</time>
      </trkpt>
      <trkpt lat="-6.630181" lon="106.996965">
        <ele>1030.43</ele>
        <time>2024-06-26T10:38:38.736Z</time>
      </trkpt>
      <trkpt lat="-6.630186" lon="106.996869">
        <ele>1029.64</ele>
        <time>2024-06-26T10:38:54.413Z</time>
      </trkpt>
      <trkpt lat="-6.630218" lon="106.996778">
        <ele>1029.15</ele>
        <time>2024-06-26T10:39:10.155Z</time>
      </trkpt>
      <trkpt lat="-6.630245" lon="106.996627">
        <ele>1027.65</ele>
        <time>2024-06-26T10:39:35.175Z</time>
      </trkpt>
      <trkpt lat="-6.630261" lon="106.996574">
        <ele>1027.45</ele>
        <time>2024-06-26T10:39:44.208Z</time>
      </trkpt>
      <trkpt lat="-6.630277" lon="106.996418">
        <ele>1026.28</ele>
        <time>2024-06-26T10:40:09.783Z</time>
      </trkpt>
      <trkpt lat="-6.630256" lon="106.996107">
        <ele>1023.75</ele>
        <time>2024-06-26T10:41:00.618Z</time>
      </trkpt>
      <trkpt lat="-6.630275" lon="106.996052">
        <ele>1024.28</ele>
        <time>2024-06-26T10:41:10.114Z</time>
      </trkpt>
      <trkpt lat="-6.630288" lon="106.996016">
        <ele>1024.63</ele>
        <time>2024-06-26T10:41:16.360Z</time>
      </trkpt>
      <trkpt lat="-6.630293" lon="106.995968">
        <ele>1024.76</ele>
        <time>2024-06-26T10:41:24.230Z</time>
      </trkpt>
      <trkpt lat="-6.630266" lon="106.995817">
        <ele>1022.81</ele>
        <time>2024-06-26T10:41:49.250Z</time>
      </trkpt>
      <trkpt lat="-6.630277" lon="106.995764">
        <ele>1022.5</ele>
        <time>2024-06-26T10:41:58.079Z</time>
      </trkpt>
      <trkpt lat="-6.630304" lon="106.995721">
        <ele>1022.9</ele>
        <time>2024-06-26T10:42:06.375Z</time>
      </trkpt>
      <trkpt lat="-6.630325" lon="106.995565">
        <ele>1022.67</ele>
        <time>2024-06-26T10:42:32.048Z</time>
      </trkpt>
      <trkpt lat="-6.630312" lon="106.995481">
        <ele>1022.65</ele>
        <time>2024-06-26T10:42:45.912Z</time>
      </trkpt>
      <trkpt lat="-6.630264" lon="106.995402">
        <ele>1021.89</ele>
        <time>2024-06-26T10:43:01.014Z</time>
      </trkpt>
      <trkpt lat="-6.63008" lon="106.995372">
        <ele>1019.02</ele>
        <time>2024-06-26T10:43:31.616Z</time>
      </trkpt>
      <trkpt lat="-6.629872" lon="106.995372">
        <ele>1013.6</ele>
        <time>2024-06-26T10:44:05.765Z</time>
      </trkpt>
      <trkpt lat="-6.629781" lon="106.995402">
        <ele>1010.72</ele>
        <time>2024-06-26T10:44:21.485Z</time>
      </trkpt>
      <trkpt lat="-6.629668" lon="106.995457">
        <ele>1007.78</ele>
        <time>2024-06-26T10:44:42.091Z</time>
      </trkpt>
      <trkpt lat="-6.629563" lon="106.995421">
        <ele>1005.5</ele>
        <time>2024-06-26T10:45:00.302Z</time>
      </trkpt>
      <trkpt lat="-6.629518" lon="106.995388">
        <ele>1004.34</ele>
        <time>2024-06-26T10:45:09.442Z</time>
      </trkpt>
      <trkpt lat="-6.629451" lon="106.995313">
        <ele>1001.98</ele>
        <time>2024-06-26T10:45:25.891Z</time>
      </trkpt>
      <trkpt lat="-6.629387" lon="106.995281">
        <ele>1000.27</ele>
        <time>2024-06-26T10:45:37.622Z</time>
      </trkpt>
      <trkpt lat="-6.629355" lon="106.995246">
        <ele>999.5</ele>
        <time>2024-06-26T10:45:45.379Z</time>
      </trkpt>
      <trkpt lat="-6.629315" lon="106.995219">
        <ele>998.72</ele>
        <time>2024-06-26T10:45:53.285Z</time>
      </trkpt>
      <trkpt lat="-6.629147" lon="106.995166">
        <ele>996.02</ele>
        <time>2024-06-26T10:46:22.189Z</time>
      </trkpt>
      <trkpt lat="-6.628905" lon="106.995053">
        <ele>992.02</ele>
        <time>2024-06-26T10:47:05.985Z</time>
      </trkpt>
      <trkpt lat="-6.628708" lon="106.994951">
        <ele>987.4</ele>
        <time>2024-06-26T10:47:42.354Z</time>
      </trkpt>
      <trkpt lat="-6.628665" lon="106.994935">
        <ele>986.46</ele>
        <time>2024-06-26T10:47:49.880Z</time>
      </trkpt>
      <trkpt lat="-6.62858" lon="106.994935">
        <ele>984.96</ele>
        <time>2024-06-26T10:48:03.835Z</time>
      </trkpt>
      <trkpt lat="-6.628553" lon="106.994927">
        <ele>984.44</ele>
        <time>2024-06-26T10:48:08.455Z</time>
      </trkpt>
      <trkpt lat="-6.628471" lon="106.994876">
        <ele>982.85</ele>
        <time>2024-06-26T10:48:24.279Z</time>
      </trkpt>
      <trkpt lat="-6.628367" lon="106.994881">
        <ele>981.85</ele>
        <time>2024-06-26T10:48:41.373Z</time>
      </trkpt>
      <trkpt lat="-6.628289" lon="106.994914">
        <ele>981.78</ele>
        <time>2024-06-26T10:48:55.263Z</time>
      </trkpt>
      <trkpt lat="-6.628244" lon="106.995007">
        <ele>982.61</ele>
        <time>2024-06-26T10:49:12.133Z</time>
      </trkpt>
      <trkpt lat="-6.628132" lon="106.995166">
        <ele>982.82</ele>
        <time>2024-06-26T10:49:43.920Z</time>
      </trkpt>
      <trkpt lat="-6.628076" lon="106.995193">
        <ele>982.3</ele>
        <time>2024-06-26T10:49:54.113Z</time>
      </trkpt>
      <trkpt lat="-6.628018" lon="106.995203">
        <ele>981.83</ele>
        <time>2024-06-26T10:50:03.773Z</time>
      </trkpt>
      <trkpt lat="-6.627882" lon="106.995152">
        <ele>981.03</ele>
        <time>2024-06-26T10:50:27.599Z</time>
      </trkpt>
      <trkpt lat="-6.627786" lon="106.995152">
        <ele>980.7</ele>
        <time>2024-06-26T10:50:43.360Z</time>
      </trkpt>
      <trkpt lat="-6.627559" lon="106.995069">
        <ele>980.91</ele>
        <time>2024-06-26T10:51:23.010Z</time>
      </trkpt>
      <trkpt lat="-6.627217" lon="106.994924">
        <ele>982.51</ele>
        <time>2024-06-26T10:52:23.935Z</time>
      </trkpt>
      <trkpt lat="-6.627158" lon="106.994952">
        <ele>982.88</ele>
        <time>2024-06-26T10:52:34.643Z</time>
      </trkpt>
      <trkpt lat="-6.627041" lon="106.994974">
        <ele>983.83</ele>
        <time>2024-06-26T10:52:54.184Z</time>
      </trkpt>
      <trkpt lat="-6.62696" lon="106.994978">
        <ele>984.73</ele>
        <time>2024-06-26T10:53:07.498Z</time>
      </trkpt>
      <trkpt lat="-6.626955" lon="106.994932">
        <ele>984.79</ele>
        <time>2024-06-26T10:53:15.044Z</time>
      </trkpt>
      <trkpt lat="-6.626912" lon="106.994773">
        <ele>985.7</ele>
        <time>2024-06-26T10:53:41.917Z</time>
      </trkpt>
      <trkpt lat="-6.626906" lon="106.9947">
        <ele>986.06</ele>
        <time>2024-06-26T10:53:53.862Z</time>
      </trkpt>
      <trkpt lat="-6.626917" lon="106.994623">
        <ele>986.04</ele>
        <time>2024-06-26T10:54:06.548Z</time>
      </trkpt>
      <trkpt lat="-6.626961" lon="106.994441">
        <ele>985.92</ele>
        <time>2024-06-26T10:54:37.095Z</time>
      </trkpt>
      <trkpt lat="-6.626973" lon="106.994338">
        <ele>985.86</ele>
        <time>2024-06-26T10:54:54.007Z</time>
      </trkpt>
      <trkpt lat="-6.626964" lon="106.994179">
        <ele>986.03</ele>
        <time>2024-06-26T10:55:19.979Z</time>
      </trkpt>
      <trkpt lat="-6.626938" lon="106.994033">
        <ele>986.29</ele>
        <time>2024-06-26T10:55:44.168Z</time>
      </trkpt>
      <trkpt lat="-6.6269931915319376" lon="106.99402299582101">
        <ele>983.8057404758874</ele>
        <time>2024-06-26T10:55:53.377Z</time>
      </trkpt>
      <trkpt lat="-6.626938" lon="106.994033">
        <ele>986.29</ele>
        <time>2024-06-26T10:56:02.586Z</time>
      </trkpt>
      <trkpt lat="-6.626919" lon="106.993927">
        <ele>986.48</ele>
        <time>2024-06-26T10:56:20.155Z</time>
      </trkpt>
      <trkpt lat="-6.626908" lon="106.993814">
        <ele>986.13</ele>
        <time>2024-06-26T10:56:38.675Z</time>
      </trkpt>
      <trkpt lat="-6.626897" lon="106.993548">
        <ele>984.16</ele>
        <time>2024-06-26T10:57:22.102Z</time>
      </trkpt>
      <trkpt lat="-6.626835" lon="106.993241">
        <ele>980.28</ele>
        <time>2024-06-26T10:58:13.203Z</time>
      </trkpt>
      <trkpt lat="-6.626813" lon="106.993082">
        <ele>978.31</ele>
        <time>2024-06-26T10:58:39.389Z</time>
      </trkpt>
      <trkpt lat="-6.626837" lon="106.992952">
        <ele>977.71</ele>
        <time>2024-06-26T10:59:00.957Z</time>
      </trkpt>
      <trkpt lat="-6.626916" lon="106.992695">
        <ele>978.27</ele>
        <time>2024-06-26T10:59:44.839Z</time>
      </trkpt>
      <trkpt lat="-6.627019" lon="106.99252">
        <ele>979.49</ele>
        <time>2024-06-26T11:00:18.019Z</time>
      </trkpt>
      <trkpt lat="-6.627045" lon="106.992451">
        <ele>979.85</ele>
        <time>2024-06-26T11:00:30.056Z</time>
      </trkpt>
      <trkpt lat="-6.627085" lon="106.99229">
        <ele>979.97</ele>
        <time>2024-06-26T11:00:57.127Z</time>
      </trkpt>
      <trkpt lat="-6.627085" lon="106.992243">
        <ele>980.24</ele>
        <time>2024-06-26T11:01:04.793Z</time>
      </trkpt>
      <trkpt lat="-6.62705" lon="106.992113">
        <ele>981.62</ele>
        <time>2024-06-26T11:01:26.763Z</time>
      </trkpt>
      <trkpt lat="-6.62705" lon="106.992073">
        <ele>981.85</ele>
        <time>2024-06-26T11:01:33.287Z</time>
      </trkpt>
      <trkpt lat="-6.627092" lon="106.991928">
        <ele>981.96</ele>
        <time>2024-06-26T11:01:57.924Z</time>
      </trkpt>
      <trkpt lat="-6.627093" lon="106.991852">
        <ele>982.38</ele>
        <time>2024-06-26T11:02:10.322Z</time>
      </trkpt>
      <trkpt lat="-6.627084" lon="106.991773">
        <ele>983</ele>
        <time>2024-06-26T11:02:23.292Z</time>
      </trkpt>
      <trkpt lat="-6.627061" lon="106.991707">
        <ele>983.78</ele>
        <time>2024-06-26T11:02:34.701Z</time>
      </trkpt>
      <trkpt lat="-6.62696" lon="106.991596">
        <ele>986.16</ele>
        <time>2024-06-26T11:02:59.255Z</time>
      </trkpt>
      <trkpt lat="-6.626918" lon="106.991518">
        <ele>987.05</ele>
        <time>2024-06-26T11:03:13.727Z</time>
      </trkpt>
      <trkpt lat="-6.6269" lon="106.991459">
        <ele>987.4</ele>
        <time>2024-06-26T11:03:23.794Z</time>
      </trkpt>
      <trkpt lat="-6.626912" lon="106.991335">
        <ele>988.54</ele>
        <time>2024-06-26T11:03:44.116Z</time>
      </trkpt>
      <trkpt lat="-6.626877" lon="106.991222">
        <ele>990.27</ele>
        <time>2024-06-26T11:04:03.423Z</time>
      </trkpt>
      <trkpt lat="-6.626867" lon="106.991171">
        <ele>990.97</ele>
        <time>2024-06-26T11:04:11.902Z</time>
      </trkpt>
      <trkpt lat="-6.626851" lon="106.99086">
        <ele>995.78</ele>
        <time>2024-06-26T11:05:02.699Z</time>
      </trkpt>
      <trkpt lat="-6.626875" lon="106.990758">
        <ele>996.81</ele>
        <time>2024-06-26T11:05:19.797Z</time>
      </trkpt>
      <trkpt lat="-6.626971" lon="106.990636">
        <ele>998.16</ele>
        <time>2024-06-26T11:05:45.185Z</time>
      </trkpt>
      <trkpt lat="-6.626995" lon="106.990554">
        <ele>999.16</ele>
        <time>2024-06-26T11:05:59.129Z</time>
      </trkpt>
      <trkpt lat="-6.626982" lon="106.990493">
        <ele>999.52</ele>
        <time>2024-06-26T11:06:09.305Z</time>
      </trkpt>
      <trkpt lat="-6.626898" lon="106.990332">
        <ele>1000.12</ele>
        <time>2024-06-26T11:06:38.969Z</time>
      </trkpt>
      <trkpt lat="-6.626839" lon="106.990239">
        <ele>999.85</ele>
        <time>2024-06-26T11:06:56.968Z</time>
      </trkpt>
      <trkpt lat="-6.626715" lon="106.990069">
        <ele>998.4</ele>
        <time>2024-06-26T11:07:31.371Z</time>
      </trkpt>
      <trkpt lat="-6.626683" lon="106.990044">
        <ele>998.03</ele>
        <time>2024-06-26T11:07:38.022Z</time>
      </trkpt>
      <trkpt lat="-6.626598" lon="106.990006">
        <ele>996.38</ele>
        <time>2024-06-26T11:07:53.294Z</time>
      </trkpt>
      <trkpt lat="-6.626584" lon="106.989991">
        <ele>996.05</ele>
        <time>2024-06-26T11:07:56.651Z</time>
      </trkpt>
      <trkpt lat="-6.626583" lon="106.98995">
        <ele>995.91</ele>
        <time>2024-06-26T11:08:03.340Z</time>
      </trkpt>
      <trkpt lat="-6.626683" lon="106.989798">
        <ele>998.62</ele>
        <time>2024-06-26T11:08:33.079Z</time>
      </trkpt>
      <trkpt lat="-6.627005" lon="106.989407">
        <ele>1008.35</ele>
        <time>2024-06-26T11:09:55.927Z</time>
      </trkpt>
      <trkpt lat="-6.627221" lon="106.989192">
        <ele>1015.73</ele>
        <time>2024-06-26T11:10:45.807Z</time>
      </trkpt>
      <trkpt lat="-6.6273" lon="106.989135">
        <ele>1017.91</ele>
        <time>2024-06-26T11:11:01.767Z</time>
      </trkpt>
      <trkpt lat="-6.6274" lon="106.98908">
        <ele>1020.51</ele>
        <time>2024-06-26T11:11:20.479Z</time>
      </trkpt>
      <trkpt lat="-6.627437" lon="106.989052">
        <ele>1021.57</ele>
        <time>2024-06-26T11:11:28.080Z</time>
      </trkpt>
      <trkpt lat="-6.627466" lon="106.98902">
        <ele>1022.52</ele>
        <time>2024-06-26T11:11:35.145Z</time>
      </trkpt>
      <trkpt lat="-6.627491" lon="106.988968">
        <ele>1023.63</ele>
        <time>2024-06-26T11:11:44.568Z</time>
      </trkpt>
      <trkpt lat="-6.627519" lon="106.988852">
        <ele>1025.59</ele>
        <time>2024-06-26T11:12:04.040Z</time>
      </trkpt>
      <trkpt lat="-6.627638" lon="106.98863">
        <ele>1030.36</ele>
        <time>2024-06-26T11:12:45.188Z</time>
      </trkpt>
      <trkpt lat="-6.627692" lon="106.988499">
        <ele>1032.81</ele>
        <time>2024-06-26T11:13:08.323Z</time>
      </trkpt>
      <trkpt lat="-6.62774" lon="106.988404">
        <ele>1035.54</ele>
        <time>2024-06-26T11:13:25.708Z</time>
      </trkpt>
      <trkpt lat="-6.627766" lon="106.988371">
        <ele>1036.82</ele>
        <time>2024-06-26T11:13:32.578Z</time>
      </trkpt>
      <trkpt lat="-6.627798" lon="106.988345">
        <ele>1038.26</ele>
        <time>2024-06-26T11:13:39.330Z</time>
      </trkpt>
      <trkpt lat="-6.627841" lon="106.988331">
        <ele>1040.11</ele>
        <time>2024-06-26T11:13:46.751Z</time>
      </trkpt>
      <trkpt lat="-6.627884" lon="106.988329">
        <ele>1041.68</ele>
        <time>2024-06-26T11:13:53.819Z</time>
      </trkpt>
      <trkpt lat="-6.627926" lon="106.988344">
        <ele>1042.77</ele>
        <time>2024-06-26T11:14:01.137Z</time>
      </trkpt>
      <trkpt lat="-6.627978" lon="106.988379">
        <ele>1044.19</ele>
        <time>2024-06-26T11:14:11.408Z</time>
      </trkpt>
      <trkpt lat="-6.628011" lon="106.988427">
        <ele>1044.78</ele>
        <time>2024-06-26T11:14:20.930Z</time>
      </trkpt>
      <trkpt lat="-6.628081" lon="106.988563">
        <ele>1045.21</ele>
        <time>2024-06-26T11:14:45.915Z</time>
      </trkpt>
      <trkpt lat="-6.628101" lon="106.988587">
        <ele>1045.32</ele>
        <time>2024-06-26T11:14:51.025Z</time>
      </trkpt>
      <trkpt lat="-6.62812" lon="106.988596">
        <ele>1045.61</ele>
        <time>2024-06-26T11:14:54.473Z</time>
      </trkpt>
      <trkpt lat="-6.628165" lon="106.988599">
        <ele>1046.5</ele>
        <time>2024-06-26T11:15:01.878Z</time>
      </trkpt>
      <trkpt lat="-6.628236" lon="106.988573">
        <ele>1048.22</ele>
        <time>2024-06-26T11:15:14.284Z</time>
      </trkpt>
      <trkpt lat="-6.628285" lon="106.988497">
        <ele>1050.19</ele>
        <time>2024-06-26T11:15:29.063Z</time>
      </trkpt>
      <trkpt lat="-6.628419" lon="106.988063">
        <ele>1060.23</ele>
        <time>2024-06-26T11:16:43.197Z</time>
      </trkpt>
      <trkpt lat="-6.628487" lon="106.987952">
        <ele>1063.31</ele>
        <time>2024-06-26T11:17:04.469Z</time>
      </trkpt>
      <trkpt lat="-6.628519" lon="106.987878">
        <ele>1065.41</ele>
        <time>2024-06-26T11:17:17.633Z</time>
      </trkpt>
      <trkpt lat="-6.628534" lon="106.987597">
        <ele>1073.91</ele>
        <time>2024-06-26T11:18:03.535Z</time>
      </trkpt>
      <trkpt lat="-6.628564" lon="106.987522">
        <ele>1076.79</ele>
        <time>2024-06-26T11:18:16.723Z</time>
      </trkpt>
      <trkpt lat="-6.628566" lon="106.987468">
        <ele>1078.9</ele>
        <time>2024-06-26T11:18:25.537Z</time>
      </trkpt>
      <trkpt lat="-6.628539" lon="106.987394">
        <ele>1082.24</ele>
        <time>2024-06-26T11:18:38.396Z</time>
      </trkpt>
      <trkpt lat="-6.628301" lon="106.987321">
        <ele>1085.12</ele>
        <time>2024-06-26T11:19:19.252Z</time>
      </trkpt>
      <trkpt lat="-6.628201" lon="106.987298">
        <ele>1085.71</ele>
        <time>2024-06-26T11:19:36.096Z</time>
      </trkpt>
      <trkpt lat="-6.628165" lon="106.987273">
        <ele>1086.72</ele>
        <time>2024-06-26T11:19:43.277Z</time>
      </trkpt>
      <trkpt lat="-6.62809" lon="106.987135">
        <ele>1092.04</ele>
        <time>2024-06-26T11:20:08.936Z</time>
      </trkpt>
      <trkpt lat="-6.62807" lon="106.987113">
        <ele>1092.58</ele>
        <time>2024-06-26T11:20:13.800Z</time>
      </trkpt>
      <trkpt lat="-6.628019" lon="106.98708">
        <ele>1093.03</ele>
        <time>2024-06-26T11:20:23.755Z</time>
      </trkpt>
      <trkpt lat="-6.627989" lon="106.987071">
        <ele>1092.86</ele>
        <time>2024-06-26T11:20:28.895Z</time>
      </trkpt>
      <trkpt lat="-6.627965" lon="106.987039">
        <ele>1093.78</ele>
        <time>2024-06-26T11:20:35.435Z</time>
      </trkpt>
      <trkpt lat="-6.627966" lon="106.986992">
        <ele>1095.7</ele>
        <time>2024-06-26T11:20:43.103Z</time>
      </trkpt>
      <trkpt lat="-6.62801" lon="106.986893">
        <ele>1099.95</ele>
        <time>2024-06-26T11:21:00.794Z</time>
      </trkpt>
      <trkpt lat="-6.628" lon="106.986833">
        <ele>1101.73</ele>
        <time>2024-06-26T11:21:10.717Z</time>
      </trkpt>
      <trkpt lat="-6.627944" lon="106.986728">
        <ele>1103.79</ele>
        <time>2024-06-26T11:21:30.157Z</time>
      </trkpt>
      <trkpt lat="-6.627945" lon="106.986645">
        <ele>1106.41</ele>
        <time>2024-06-26T11:21:43.696Z</time>
      </trkpt>
      <trkpt lat="-6.627994" lon="106.986636">
        <ele>1108.1</ele>
        <time>2024-06-26T11:21:51.875Z</time>
      </trkpt>
      <trkpt lat="-6.628116" lon="106.986662">
        <ele>1110.36</ele>
        <time>2024-06-26T11:22:12.353Z</time>
      </trkpt>
      <trkpt lat="-6.628273" lon="106.986645">
        <ele>1114.03</ele>
        <time>2024-06-26T11:22:38.283Z</time>
      </trkpt>
      <trkpt lat="-6.628356" lon="106.986614">
        <ele>1115.89</ele>
        <time>2024-06-26T11:22:52.820Z</time>
      </trkpt>
      <trkpt lat="-6.628394" lon="106.986587">
        <ele>1116.89</ele>
        <time>2024-06-26T11:23:00.457Z</time>
      </trkpt>
      <trkpt lat="-6.628421" lon="106.986554">
        <ele>1117.43</ele>
        <time>2024-06-26T11:23:07.430Z</time>
      </trkpt>
      <trkpt lat="-6.628434" lon="106.986518">
        <ele>1118.09</ele>
        <time>2024-06-26T11:23:13.678Z</time>
      </trkpt>
      <trkpt lat="-6.628427" lon="106.986432">
        <ele>1119.8</ele>
        <time>2024-06-26T11:23:27.753Z</time>
      </trkpt>
      <trkpt lat="-6.628399" lon="106.986306">
        <ele>1121.55</ele>
        <time>2024-06-26T11:23:48.813Z</time>
      </trkpt>
      <trkpt lat="-6.628403" lon="106.986257">
        <ele>1121.91</ele>
        <time>2024-06-26T11:23:56.832Z</time>
      </trkpt>
      <trkpt lat="-6.628422" lon="106.986204">
        <ele>1121.96</ele>
        <time>2024-06-26T11:24:06.023Z</time>
      </trkpt>
      <trkpt lat="-6.628622" lon="106.985954">
        <ele>1122.4</ele>
        <time>2024-06-26T11:24:58.383Z</time>
      </trkpt>
      <trkpt lat="-6.628695" lon="106.985818">
        <ele>1124.17</ele>
        <time>2024-06-26T11:25:23.598Z</time>
      </trkpt>
      <trkpt lat="-6.628736" lon="106.985704">
        <ele>1126.46</ele>
        <time>2024-06-26T11:25:43.374Z</time>
      </trkpt>
      <trkpt lat="-6.62879" lon="106.985602">
        <ele>1128.83</ele>
        <time>2024-06-26T11:26:02.227Z</time>
      </trkpt>
      <trkpt lat="-6.628948" lon="106.985381">
        <ele>1135.65</ele>
        <time>2024-06-26T11:26:46.642Z</time>
      </trkpt>
      <trkpt lat="-6.628962" lon="106.985349">
        <ele>1136.77</ele>
        <time>2024-06-26T11:26:52.345Z</time>
      </trkpt>
      <trkpt lat="-6.628966" lon="106.985314">
        <ele>1137.92</ele>
        <time>2024-06-26T11:26:58.091Z</time>
      </trkpt>
      <trkpt lat="-6.628953" lon="106.985278">
        <ele>1139.09</ele>
        <time>2024-06-26T11:27:04.339Z</time>
      </trkpt>
      <trkpt lat="-6.628845" lon="106.985155">
        <ele>1142.66</ele>
        <time>2024-06-26T11:27:31.117Z</time>
      </trkpt>
      <trkpt lat="-6.62876" lon="106.98506">
        <ele>1144.87</ele>
        <time>2024-06-26T11:27:51.972Z</time>
      </trkpt>
      <trkpt lat="-6.628736" lon="106.985012">
        <ele>1146.01</ele>
        <time>2024-06-26T11:28:00.737Z</time>
      </trkpt>
      <trkpt lat="-6.62873" lon="106.984959">
        <ele>1147.45</ele>
        <time>2024-06-26T11:28:09.438Z</time>
      </trkpt>
      <trkpt lat="-6.628738" lon="106.984898">
        <ele>1149.29</ele>
        <time>2024-06-26T11:28:19.474Z</time>
      </trkpt>
      <trkpt lat="-6.628771" lon="106.984765">
        <ele>1152.36</ele>
        <time>2024-06-26T11:28:41.835Z</time>
      </trkpt>
      <trkpt lat="-6.628855" lon="106.98458">
        <ele>1156.46</ele>
        <time>2024-06-26T11:29:15.015Z</time>
      </trkpt>
      <trkpt lat="-6.628946" lon="106.984444">
        <ele>1160.68</ele>
        <time>2024-06-26T11:29:41.762Z</time>
      </trkpt>
      <trkpt lat="-6.628957" lon="106.984389">
        <ele>1161.65</ele>
        <time>2024-06-26T11:29:50.913Z</time>
      </trkpt>
      <trkpt lat="-6.62896" lon="106.984247">
        <ele>1164.77</ele>
        <time>2024-06-26T11:30:14.080Z</time>
      </trkpt>
      <trkpt lat="-6.628906" lon="106.984103">
        <ele>1166.52</ele>
        <time>2024-06-26T11:30:39.187Z</time>
      </trkpt>
      <trkpt lat="-6.628758" lon="106.983786">
        <ele>1171.52</ele>
        <time>2024-06-26T11:31:36.322Z</time>
      </trkpt>
      <trkpt lat="-6.628744" lon="106.983739">
        <ele>1172.37</ele>
        <time>2024-06-26T11:31:44.325Z</time>
      </trkpt>
      <trkpt lat="-6.628742" lon="106.983695">
        <ele>1173.51</ele>
        <time>2024-06-26T11:31:51.509Z</time>
      </trkpt>
      <trkpt lat="-6.628749" lon="106.983656">
        <ele>1174.47</ele>
        <time>2024-06-26T11:31:57.973Z</time>
      </trkpt>
      <trkpt lat="-6.628814" lon="106.9835">
        <ele>1179.77</ele>
        <time>2024-06-26T11:32:25.567Z</time>
      </trkpt>
      <trkpt lat="-6.62885" lon="106.983376">
        <ele>1182.7</ele>
        <time>2024-06-26T11:32:46.639Z</time>
      </trkpt>
      <trkpt lat="-6.628827" lon="106.98326">
        <ele>1183.09</ele>
        <time>2024-06-26T11:33:05.933Z</time>
      </trkpt>
      <trkpt lat="-6.628794" lon="106.983184">
        <ele>1182.65</ele>
        <time>2024-06-26T11:33:19.462Z</time>
      </trkpt>
      <trkpt lat="-6.628802" lon="106.983038">
        <ele>1185.51</ele>
        <time>2024-06-26T11:33:43.313Z</time>
      </trkpt>
      <trkpt lat="-6.62886" lon="106.982893">
        <ele>1189.33</ele>
        <time>2024-06-26T11:34:08.810Z</time>
      </trkpt>
      <trkpt lat="-6.628899" lon="106.98283">
        <ele>1191.14</ele>
        <time>2024-06-26T11:34:20.918Z</time>
      </trkpt>
      <trkpt lat="-6.628906" lon="106.982791">
        <ele>1192.13</ele>
        <time>2024-06-26T11:34:27.382Z</time>
      </trkpt>
      <trkpt lat="-6.628888" lon="106.98277">
        <ele>1191.91</ele>
        <time>2024-06-26T11:34:31.906Z</time>
      </trkpt>
      <trkpt lat="-6.628842" lon="106.982767">
        <ele>1190.71</ele>
        <time>2024-06-26T11:34:39.475Z</time>
      </trkpt>
      <trkpt lat="-6.628792" lon="106.982789">
        <ele>1188.91</ele>
        <time>2024-06-26T11:34:48.435Z</time>
      </trkpt>
      <trkpt lat="-6.628656" lon="106.982868">
        <ele>1184.55</ele>
        <time>2024-06-26T11:35:14.219Z</time>
      </trkpt>
      <trkpt lat="-6.628616" lon="106.982853">
        <ele>1184.38</ele>
        <time>2024-06-26T11:35:21.228Z</time>
      </trkpt>
      <trkpt lat="-6.628528" lon="106.982778">
        <ele>1185.31</ele>
        <time>2024-06-26T11:35:40.162Z</time>
      </trkpt>
      <trkpt lat="-6.627932" lon="106.982169">
        <ele>1193.9</ele>
        <time>2024-06-26T11:37:59.615Z</time>
      </trkpt>
      <trkpt lat="-6.627868" lon="106.982074">
        <ele>1195.87</ele>
        <time>2024-06-26T11:38:18.338Z</time>
      </trkpt>
      <trkpt lat="-6.62783" lon="106.981845">
        <ele>1200.4</ele>
        <time>2024-06-26T11:38:56.209Z</time>
      </trkpt>
      <trkpt lat="-6.627751" lon="106.981767">
        <ele>1201.57</ele>
        <time>2024-06-26T11:39:14.379Z</time>
      </trkpt>
      <trkpt lat="-6.627703" lon="106.981642">
        <ele>1202.96</ele>
        <time>2024-06-26T11:39:36.239Z</time>
      </trkpt>
      <trkpt lat="-6.627692" lon="106.98152">
        <ele>1204.96</ele>
        <time>2024-06-26T11:39:56.221Z</time>
      </trkpt>
      <trkpt lat="-6.627648" lon="106.981376">
        <ele>1206.21</ele>
        <time>2024-06-26T11:40:20.796Z</time>
      </trkpt>
      <trkpt lat="-6.627456" lon="106.980971">
        <ele>1202.7</ele>
        <time>2024-06-26T11:41:33.997Z</time>
      </trkpt>
      <trkpt lat="-6.62757845319598" lon="106.98091195807831">
        <ele>1208.2368807118619</ele>
        <time>2024-06-26T11:41:56.421Z</time>
      </trkpt>
      <trkpt lat="-6.627456" lon="106.980971">
        <ele>1202.7</ele>
        <time>2024-06-26T11:42:18.845Z</time>
      </trkpt>
      <trkpt lat="-6.627329" lon="106.980683">
        <ele>1199.73</ele>
        <time>2024-06-26T11:43:10.541Z</time>
      </trkpt>
      <trkpt lat="-6.627256" lon="106.98032">
        <ele>1199.83</ele>
        <time>2024-06-26T11:44:11.303Z</time>
      </trkpt>
      <trkpt lat="-6.627197" lon="106.980203">
        <ele>1198.11</ele>
        <time>2024-06-26T11:44:32.829Z</time>
      </trkpt>
      <trkpt lat="-6.627092" lon="106.980082">
        <ele>1196.25</ele>
        <time>2024-06-26T11:44:59.188Z</time>
      </trkpt>
      <trkpt lat="-6.626993" lon="106.980006">
        <ele>1195.15</ele>
        <time>2024-06-26T11:45:19.750Z</time>
      </trkpt>
      <trkpt lat="-6.626909" lon="106.979917">
        <ele>1194.68</ele>
        <time>2024-06-26T11:45:39.891Z</time>
      </trkpt>
      <trkpt lat="-6.626869" lon="106.979844">
        <ele>1194.64</ele>
        <time>2024-06-26T11:45:53.568Z</time>
      </trkpt>
      <trkpt lat="-6.626827" lon="106.979698">
        <ele>1195.38</ele>
        <time>2024-06-26T11:46:18.520Z</time>
      </trkpt>
      <trkpt lat="-6.626827" lon="106.979698">
        <ele>1195.38</ele>
        <time>2024-06-26T11:46:18.520Z</time>
      </trkpt>
      <trkpt lat="-6.626791" lon="106.979569">
        <ele>1196.03</ele>
        <time>2024-06-26T11:46:40.517Z</time>
      </trkpt>
      <trkpt lat="-6.626753" lon="106.979469">
        <ele>1196.61</ele>
        <time>2024-06-26T11:46:58.093Z</time>
      </trkpt>
      <trkpt lat="-6.626724" lon="106.979417">
        <ele>1196.91</ele>
        <time>2024-06-26T11:47:07.882Z</time>
      </trkpt>
      <trkpt lat="-6.626691" lon="106.979388">
        <ele>1197</ele>
        <time>2024-06-26T11:47:15.121Z</time>
      </trkpt>
      <trkpt lat="-6.626604" lon="106.979339">
        <ele>1196.55</ele>
        <time>2024-06-26T11:47:31.596Z</time>
      </trkpt>
      <trkpt lat="-6.626311" lon="106.979225">
        <ele>1196</ele>
        <time>2024-06-26T11:48:23.510Z</time>
      </trkpt>
      <trkpt lat="-6.626213" lon="106.979161">
        <ele>1196</ele>
        <time>2024-06-26T11:48:42.815Z</time>
      </trkpt>
      <trkpt lat="-6.626123" lon="106.979052">
        <ele>1196.03</ele>
        <time>2024-06-26T11:49:06.083Z</time>
      </trkpt>
      <trkpt lat="-6.626069" lon="106.97895">
        <ele>1196.63</ele>
        <time>2024-06-26T11:49:25.057Z</time>
      </trkpt>
      <trkpt lat="-6.626048" lon="106.978866">
        <ele>1197.12</ele>
        <time>2024-06-26T11:49:39.276Z</time>
      </trkpt>
      <trkpt lat="-6.626045" lon="106.978774">
        <ele>1197.65</ele>
        <time>2024-06-26T11:49:54.387Z</time>
      </trkpt>
      <trkpt lat="-6.626066" lon="106.978339">
        <ele>1199.99</ele>
        <time>2024-06-26T11:51:05.882Z</time>
      </trkpt>
      <trkpt lat="-6.626065" lon="106.978219">
        <ele>1200.68</ele>
        <time>2024-06-26T11:51:25.582Z</time>
      </trkpt>
      <trkpt lat="-6.626044" lon="106.978117">
        <ele>1200.68</ele>
        <time>2024-06-26T11:51:42.682Z</time>
      </trkpt>
      <trkpt lat="-6.625896" lon="106.977756">
        <ele>1197.96</ele>
        <time>2024-06-26T11:52:46.794Z</time>
      </trkpt>
      <trkpt lat="-6.625804" lon="106.977466">
        <ele>1198.11</ele>
        <time>2024-06-26T11:53:36.770Z</time>
      </trkpt>
      <trkpt lat="-6.6257" lon="106.977295">
        <ele>1198.52</ele>
        <time>2024-06-26T11:54:09.686Z</time>
      </trkpt>
      <trkpt lat="-6.625659" lon="106.977212">
        <ele>1199.26</ele>
        <time>2024-06-26T11:54:24.903Z</time>
      </trkpt>
      <trkpt lat="-6.625634" lon="106.977132">
        <ele>1199.82</ele>
        <time>2024-06-26T11:54:38.670Z</time>
      </trkpt>
      <trkpt lat="-6.625585" lon="106.976923">
        <ele>1199.76</ele>
        <time>2024-06-26T11:55:13.923Z</time>
      </trkpt>
      <trkpt lat="-6.625638" lon="106.976639">
        <ele>1199.86</ele>
        <time>2024-06-26T11:56:01.361Z</time>
      </trkpt>
      <trkpt lat="-6.625597" lon="106.976559">
        <ele>1199.84</ele>
        <time>2024-06-26T11:56:16.139Z</time>
      </trkpt>
      <trkpt lat="-6.625485" lon="106.976464">
        <ele>1199.17</ele>
        <time>2024-06-26T11:56:40.343Z</time>
      </trkpt>
      <trkpt lat="-6.625268" lon="106.976304">
        <ele>1197.79</ele>
        <time>2024-06-26T11:57:24.796Z</time>
      </trkpt>
      <trkpt lat="-6.62508" lon="106.976343">
        <ele>1195.34</ele>
        <time>2024-06-26T11:57:56.519Z</time>
      </trkpt>
      <trkpt lat="-6.625064" lon="106.976185">
        <ele>1197.73</ele>
        <time>2024-06-26T11:58:22.591Z</time>
      </trkpt>
      <trkpt lat="-6.625048" lon="106.976143">
        <ele>1198.19</ele>
        <time>2024-06-26T11:58:29.975Z</time>
      </trkpt>
      <trkpt lat="-6.624992" lon="106.976054">
        <ele>1198.76</ele>
        <time>2024-06-26T11:58:47.270Z</time>
      </trkpt>
      <trkpt lat="-6.625009" lon="106.975902">
        <ele>1201.7</ele>
        <time>2024-06-26T11:59:12.380Z</time>
      </trkpt>
      <trkpt lat="-6.62505" lon="106.975797">
        <ele>1204.24</ele>
        <time>2024-06-26T11:59:30.901Z</time>
      </trkpt>
      <trkpt lat="-6.625021" lon="106.975677">
        <ele>1205.82</ele>
        <time>2024-06-26T11:59:51.175Z</time>
      </trkpt>
      <trkpt lat="-6.625004" lon="106.975567">
        <ele>1207.22</ele>
        <time>2024-06-26T12:00:09.450Z</time>
      </trkpt>
      <trkpt lat="-6.624966" lon="106.97552">
        <ele>1207.07</ele>
        <time>2024-06-26T12:00:19.398Z</time>
      </trkpt>
      <trkpt lat="-6.624865" lon="106.975546">
        <ele>1205.5</ele>
        <time>2024-06-26T12:00:36.627Z</time>
      </trkpt>
      <trkpt lat="-6.624794" lon="106.975546">
        <ele>1204.66</ele>
        <time>2024-06-26T12:00:48.361Z</time>
      </trkpt>
      <trkpt lat="-6.624774" lon="106.975517">
        <ele>1205.21</ele>
        <time>2024-06-26T12:00:54.156Z</time>
      </trkpt>
      <trkpt lat="-6.624821" lon="106.975399">
        <ele>1207.95</ele>
        <time>2024-06-26T12:01:15.026Z</time>
      </trkpt>
      <trkpt lat="-6.624663" lon="106.975155">
        <ele>1211.83</ele>
        <time>2024-06-26T12:02:02.841Z</time>
      </trkpt>
      <trkpt lat="-6.624687" lon="106.975025">
        <ele>1214.5</ele>
        <time>2024-06-26T12:02:24.547Z</time>
      </trkpt>
      <trkpt lat="-6.624633" lon="106.974911">
        <ele>1216.47</ele>
        <time>2024-06-26T12:02:45.280Z</time>
      </trkpt>
      <trkpt lat="-6.624766" lon="106.974507">
        <ele>1225.63</ele>
        <time>2024-06-26T12:03:55.150Z</time>
      </trkpt>
      <trkpt lat="-6.62493" lon="106.974089">
        <ele>1235.57</ele>
        <time>2024-06-26T12:05:08.929Z</time>
      </trkpt>
      <trkpt lat="-6.624991" lon="106.973885">
        <ele>1240.3</ele>
        <time>2024-06-26T12:05:43.903Z</time>
      </trkpt>
      <trkpt lat="-6.625119" lon="106.973668">
        <ele>1244.46</ele>
        <time>2024-06-26T12:06:25.334Z</time>
      </trkpt>
      <trkpt lat="-6.625217" lon="106.973475">
        <ele>1248.66</ele>
        <time>2024-06-26T12:07:00.917Z</time>
      </trkpt>
      <trkpt lat="-6.625225" lon="106.973346">
        <ele>1251.04</ele>
        <time>2024-06-26T12:07:22.135Z</time>
      </trkpt>
      <trkpt lat="-6.625023" lon="106.972976">
        <ele>1256.73</ele>
        <time>2024-06-26T12:08:31.445Z</time>
      </trkpt>
      <trkpt lat="-6.625028" lon="106.972772">
        <ele>1258.73</ele>
        <time>2024-06-26T12:09:04.944Z</time>
      </trkpt>
      <trkpt lat="-6.624994" lon="106.972592">
        <ele>1260.31</ele>
        <time>2024-06-26T12:09:35.023Z</time>
      </trkpt>
      <trkpt lat="-6.624993" lon="106.972472">
        <ele>1261.45</ele>
        <time>2024-06-26T12:09:54.723Z</time>
      </trkpt>
      <trkpt lat="-6.625139" lon="106.971914">
        <ele>1268.01</ele>
        <time>2024-06-26T12:11:29.451Z</time>
      </trkpt>
      <trkpt lat="-6.625274" lon="106.971591">
        <ele>1276.09</ele>
        <time>2024-06-26T12:12:26.978Z</time>
      </trkpt>
      <trkpt lat="-6.625321" lon="106.971266">
        <ele>1281.58</ele>
        <time>2024-06-26T12:13:20.893Z</time>
      </trkpt>
      <trkpt lat="-6.625407" lon="106.97105">
        <ele>1284.41</ele>
        <time>2024-06-26T12:13:59.095Z</time>
      </trkpt>
      <trkpt lat="-6.625394" lon="106.970839">
        <ele>1281.4</ele>
        <time>2024-06-26T12:14:33.800Z</time>
      </trkpt>
      <trkpt lat="-6.625397" lon="106.970637">
        <ele>1279.93</ele>
        <time>2024-06-26T12:15:06.964Z</time>
      </trkpt>
      <trkpt lat="-6.625397" lon="106.970637">
        <ele>1279.93</ele>
        <time>2024-06-26T12:15:06.964Z</time>
      </trkpt>
      <trkpt lat="-6.625397" lon="106.970575">
        <ele>1279.47</ele>
        <time>2024-06-26T12:23:52.233Z</time>
      </trkpt>
      <trkpt lat="-6.625468" lon="106.97039">
        <ele>1280.66</ele>
        <time>2024-06-26T12:24:24.717Z</time>
      </trkpt>
      <trkpt lat="-6.625369" lon="106.969902">
        <ele>1286.36</ele>
        <time>2024-06-26T12:25:46.296Z</time>
      </trkpt>
      <trkpt lat="-6.625431" lon="106.969685">
        <ele>1290.86</ele>
        <time>2024-06-26T12:26:23.279Z</time>
      </trkpt>
      <trkpt lat="-6.625606" lon="106.969526">
        <ele>1296.4</ele>
        <time>2024-06-26T12:27:02.149Z</time>
      </trkpt>
      <trkpt lat="-6.625838" lon="106.969462">
        <ele>1302.03</ele>
        <time>2024-06-26T12:27:41.813Z</time>
      </trkpt>
      <trkpt lat="-6.626066" lon="106.969391">
        <ele>1305.55</ele>
        <time>2024-06-26T12:28:21.165Z</time>
      </trkpt>
      <trkpt lat="-6.626294" lon="106.96932">
        <ele>1305.7</ele>
        <time>2024-06-26T12:29:00.517Z</time>
      </trkpt>
      <trkpt lat="-6.626594" lon="106.969108">
        <ele>1296.54</ele>
        <time>2024-06-26T12:30:00.954Z</time>
      </trkpt>
      <trkpt lat="-6.626689" lon="106.969013">
        <ele>1292.74</ele>
        <time>2024-06-26T12:30:23.033Z</time>
      </trkpt>
      <trkpt lat="-6.626741" lon="106.968875">
        <ele>1289.8</ele>
        <time>2024-06-26T12:30:47.207Z</time>
      </trkpt>
      <trkpt lat="-6.626751" lon="106.968737">
        <ele>1286.41</ele>
        <time>2024-06-26T12:31:09.870Z</time>
      </trkpt>
      <trkpt lat="-6.626858" lon="106.968585">
        <ele>1285.89</ele>
        <time>2024-06-26T12:31:40.383Z</time>
      </trkpt>
      <trkpt lat="-6.627056" lon="106.96837">
        <ele>1286.22</ele>
        <time>2024-06-26T12:32:28.403Z</time>
      </trkpt>
      <trkpt lat="-6.627174" lon="106.968313">
        <ele>1287.98</ele>
        <time>2024-06-26T12:32:49.984Z</time>
      </trkpt>
      <trkpt lat="-6.627328" lon="106.968251">
        <ele>1289.58</ele>
        <time>2024-06-26T12:33:17.332Z</time>
      </trkpt>
      <trkpt lat="-6.627431" lon="106.968132">
        <ele>1287.01</ele>
        <time>2024-06-26T12:33:43.184Z</time>
      </trkpt>
      <trkpt lat="-6.627476" lon="106.967736">
        <ele>1282.08</ele>
        <time>2024-06-26T12:34:48.467Z</time>
      </trkpt>
      <trkpt lat="-6.627598" lon="106.96729">
        <ele>1281.9</ele>
        <time>2024-06-26T12:36:04.236Z</time>
      </trkpt>
      <trkpt lat="-6.627713" lon="106.96704">
        <ele>1282.21</ele>
        <time>2024-06-26T12:36:49.360Z</time>
      </trkpt>
      <trkpt lat="-6.627759" lon="106.966748">
        <ele>1282</ele>
        <time>2024-06-26T12:37:37.784Z</time>
      </trkpt>
      <trkpt lat="-6.627765" lon="106.966486">
        <ele>1281.25</ele>
        <time>2024-06-26T12:38:20.708Z</time>
      </trkpt>
      <trkpt lat="-6.627815" lon="106.966265">
        <ele>1280.64</ele>
        <time>2024-06-26T12:38:57.832Z</time>
      </trkpt>
      <trkpt lat="-6.627967" lon="106.966015">
        <ele>1280.7</ele>
        <time>2024-06-26T12:39:45.840Z</time>
      </trkpt>
      <trkpt lat="-6.628082" lon="106.965933">
        <ele>1281.09</ele>
        <time>2024-06-26T12:40:09.077Z</time>
      </trkpt>
      <trkpt lat="-6.628206" lon="106.96589">
        <ele>1282.29</ele>
        <time>2024-06-26T12:40:30.702Z</time>
      </trkpt>
      <trkpt lat="-6.628449" lon="106.965731">
        <ele>1282.73</ele>
        <time>2024-06-26T12:41:18.490Z</time>
      </trkpt>
      <trkpt lat="-6.628606" lon="106.96558">
        <ele>1282.72</ele>
        <time>2024-06-26T12:41:54.293Z</time>
      </trkpt>
      <trkpt lat="-6.628718" lon="106.96528">
        <ele>1278.23</ele>
        <time>2024-06-26T12:42:46.785Z</time>
      </trkpt>
      <trkpt lat="-6.628816" lon="106.965212">
        <ele>1278.21</ele>
        <time>2024-06-26T12:43:06.410Z</time>
      </trkpt>
      <trkpt lat="-6.628954" lon="106.965137">
        <ele>1278.62</ele>
        <time>2024-06-26T12:43:32.269Z</time>
      </trkpt>
      <trkpt lat="-6.62915" lon="106.964961">
        <ele>1275.62</ele>
        <time>2024-06-26T12:44:15.575Z</time>
      </trkpt>
      <trkpt lat="-6.629235" lon="106.964717">
        <ele>1269.38</ele>
        <time>2024-06-26T12:44:57.925Z</time>
      </trkpt>
      <trkpt lat="-6.629224" lon="106.964628">
        <ele>1267.18</ele>
        <time>2024-06-26T12:45:12.614Z</time>
      </trkpt>
      <trkpt lat="-6.629256" lon="106.964518">
        <ele>1265.09</ele>
        <time>2024-06-26T12:45:31.387Z</time>
      </trkpt>
      <trkpt lat="-6.629376" lon="106.964403">
        <ele>1264.3</ele>
        <time>2024-06-26T12:45:58.705Z</time>
      </trkpt>
      <trkpt lat="-6.629484" lon="106.964253">
        <ele>1262.1</ele>
        <time>2024-06-26T12:46:29.048Z</time>
      </trkpt>
      <trkpt lat="-6.629548" lon="106.964176">
        <ele>1262.7</ele>
        <time>2024-06-26T12:46:45.492Z</time>
      </trkpt>
      <trkpt lat="-6.62948" lon="106.964083">
        <ele>1260.73</ele>
        <time>2024-06-26T12:47:04.406Z</time>
      </trkpt>
      <trkpt lat="-6.629245" lon="106.963956">
        <ele>1255.85</ele>
        <time>2024-06-26T12:47:48.385Z</time>
      </trkpt>
      <trkpt lat="-6.629204" lon="106.963839">
        <ele>1256.79</ele>
        <time>2024-06-26T12:48:08.705Z</time>
      </trkpt>
      <trkpt lat="-6.629262" lon="106.963694">
        <ele>1262.01</ele>
        <time>2024-06-26T12:48:34.307Z</time>
      </trkpt>
      <trkpt lat="-6.629349" lon="106.963552">
        <ele>1269.34</ele>
        <time>2024-06-26T12:49:01.633Z</time>
      </trkpt>
      <trkpt lat="-6.629315" lon="106.963435">
        <ele>1272.43</ele>
        <time>2024-06-26T12:49:21.599Z</time>
      </trkpt>
      <trkpt lat="-6.629162" lon="106.963389">
        <ele>1268.41</ele>
        <time>2024-06-26T12:49:47.928Z</time>
      </trkpt>
      <trkpt lat="-6.629039" lon="106.963364">
        <ele>1264.57</ele>
        <time>2024-06-26T12:50:08.618Z</time>
      </trkpt>
      <trkpt lat="-6.62893" lon="106.963242">
        <ele>1265.68</ele>
        <time>2024-06-26T12:50:35.494Z</time>
      </trkpt>
      <trkpt lat="-6.628671" lon="106.963061">
        <ele>1268.39</ele>
        <time>2024-06-26T12:51:27.481Z</time>
      </trkpt>
      <trkpt lat="-6.628616" lon="106.962924">
        <ele>1272.47</ele>
        <time>2024-06-26T12:51:51.683Z</time>
      </trkpt>
      <trkpt lat="-6.628565" lon="106.962721">
        <ele>1281.16</ele>
        <time>2024-06-26T12:52:25.979Z</time>
      </trkpt>
      <trkpt lat="-6.628507" lon="106.962594">
        <ele>1282.24</ele>
        <time>2024-06-26T12:52:48.873Z</time>
      </trkpt>
      <trkpt lat="-6.628424" lon="106.962624">
        <ele>1280.26</ele>
        <time>2024-06-26T12:53:03.414Z</time>
      </trkpt>
      <trkpt lat="-6.62834" lon="106.962732">
        <ele>1277.97</ele>
        <time>2024-06-26T12:53:25.880Z</time>
      </trkpt>
      <trkpt lat="-6.6281" lon="106.962927">
        <ele>1271.75</ele>
        <time>2024-06-26T12:54:16.734Z</time>
      </trkpt>
      <trkpt lat="-6.627943" lon="106.963012">
        <ele>1271.07</ele>
        <time>2024-06-26T12:54:46.128Z</time>
      </trkpt>
      <trkpt lat="-6.627827" lon="106.963046">
        <ele>1270.14</ele>
        <time>2024-06-26T12:55:06.049Z</time>
      </trkpt>
      <trkpt lat="-6.627752" lon="106.963001">
        <ele>1270.97</ele>
        <time>2024-06-26T12:55:20.445Z</time>
      </trkpt>
      <trkpt lat="-6.627692" lon="106.962927">
        <ele>1272.71</ele>
        <time>2024-06-26T12:55:36.090Z</time>
      </trkpt>
      <trkpt lat="-6.627645" lon="106.962692">
        <ele>1274.36</ele>
        <time>2024-06-26T12:56:15.352Z</time>
      </trkpt>
      <trkpt lat="-6.627645" lon="106.962398">
        <ele>1270.89</ele>
        <time>2024-06-26T12:57:03.506Z</time>
      </trkpt>
      <trkpt lat="-6.627709" lon="106.962209">
        <ele>1270.26</ele>
        <time>2024-06-26T12:57:36.211Z</time>
      </trkpt>
      <trkpt lat="-6.627893" lon="106.961897">
        <ele>1275.88</ele>
        <time>2024-06-26T12:58:35.641Z</time>
      </trkpt>
      <trkpt lat="-6.627941" lon="106.961756">
        <ele>1277.43</ele>
        <time>2024-06-26T12:59:00.053Z</time>
      </trkpt>
      <trkpt lat="-6.627938" lon="106.961689">
        <ele>1277.15</ele>
        <time>2024-06-26T12:59:11.038Z</time>
      </trkpt>
      <trkpt lat="-6.627852" lon="106.961574">
        <ele>1275.61</ele>
        <time>2024-06-26T12:59:34.615Z</time>
      </trkpt>
      <trkpt lat="-6.627842" lon="106.961481">
        <ele>1276.38</ele>
        <time>2024-06-26T12:59:49.936Z</time>
      </trkpt>
      <trkpt lat="-6.627936" lon="106.961387">
        <ele>1279.96</ele>
        <time>2024-06-26T13:00:11.782Z</time>
      </trkpt>
      <trkpt lat="-6.628054" lon="106.961387">
        <ele>1282.88</ele>
        <time>2024-06-26T13:00:31.239Z</time>
      </trkpt>
      <trkpt lat="-6.627868" lon="106.961211">
        <ele>1280.28</ele>
        <time>2024-06-26T13:01:13.329Z</time>
      </trkpt>
      <trkpt lat="-6.627781" lon="106.961112">
        <ele>1279.37</ele>
        <time>2024-06-26T13:01:34.979Z</time>
      </trkpt>
      <trkpt lat="-6.627709" lon="106.961135">
        <ele>1276.7</ele>
        <time>2024-06-26T13:01:47.434Z</time>
      </trkpt>
      <trkpt lat="-6.627615" lon="106.961181">
        <ele>1273.22</ele>
        <time>2024-06-26T13:02:04.667Z</time>
      </trkpt>
      <trkpt lat="-6.627503" lon="106.961023">
        <ele>1271.79</ele>
        <time>2024-06-26T13:02:36.459Z</time>
      </trkpt>
      <trkpt lat="-6.62761" lon="106.96078">
        <ele>1279.42</ele>
        <time>2024-06-26T13:03:19.995Z</time>
      </trkpt>
      <trkpt lat="-6.627557" lon="106.960702">
        <ele>1278.4</ele>
        <time>2024-06-26T13:03:35.473Z</time>
      </trkpt>
      <trkpt lat="-6.627361" lon="106.960578">
        <ele>1273.82</ele>
        <time>2024-06-26T13:04:13.643Z</time>
      </trkpt>
      <trkpt lat="-6.627347" lon="106.960283">
        <ele>1278.19</ele>
        <time>2024-06-26T13:05:02.015Z</time>
      </trkpt>
      <trkpt lat="-6.627286" lon="106.960131">
        <ele>1280.07</ele>
        <time>2024-06-26T13:05:28.866Z</time>
      </trkpt>
      <trkpt lat="-6.627149" lon="106.960021">
        <ele>1278.4</ele>
        <time>2024-06-26T13:05:57.760Z</time>
      </trkpt>
      <trkpt lat="-6.626894" lon="106.959973">
        <ele>1274.55</ele>
        <time>2024-06-26T13:06:40.535Z</time>
      </trkpt>
      <trkpt lat="-6.626758" lon="106.959826">
        <ele>1277.83</ele>
        <time>2024-06-26T13:07:13.437Z</time>
      </trkpt>
      <trkpt lat="-6.626597" lon="106.959811">
        <ele>1277</ele>
        <time>2024-06-26T13:07:40.097Z</time>
      </trkpt>
      <trkpt lat="-6.626437" lon="106.959817">
        <ele>1276.04</ele>
        <time>2024-06-26T13:08:06.497Z</time>
      </trkpt>
      <trkpt lat="-6.626303" lon="106.959766">
        <ele>1276.61</ele>
        <time>2024-06-26T13:08:30.118Z</time>
      </trkpt>
      <trkpt lat="-6.626193" lon="106.959643">
        <ele>1277.24</ele>
        <time>2024-06-26T13:08:57.226Z</time>
      </trkpt>
      <trkpt lat="-6.626053" lon="106.959513">
        <ele>1277.1</ele>
        <time>2024-06-26T13:09:28.631Z</time>
      </trkpt>
      <trkpt lat="-6.626005" lon="106.959342">
        <ele>1273.54</ele>
        <time>2024-06-26T13:09:57.735Z</time>
      </trkpt>
      <trkpt lat="-6.626012" lon="106.958945">
        <ele>1265.42</ele>
        <time>2024-06-26T13:11:02.769Z</time>
      </trkpt>
      <trkpt lat="-6.626077" lon="106.958531">
        <ele>1256.26</ele>
        <time>2024-06-26T13:12:11.419Z</time>
      </trkpt>
      <trkpt lat="-6.626056" lon="106.958316">
        <ele>1250.62</ele>
        <time>2024-06-26T13:12:46.803Z</time>
      </trkpt>
      <trkpt lat="-6.626012" lon="106.958124">
        <ele>1246.86</ele>
        <time>2024-06-26T13:13:19.076Z</time>
      </trkpt>
      <trkpt lat="-6.625997" lon="106.957972">
        <ele>1244.21</ele>
        <time>2024-06-26T13:13:44.094Z</time>
      </trkpt>
      <trkpt lat="-6.626001" lon="106.957848">
        <ele>1242.03</ele>
        <time>2024-06-26T13:14:04.414Z</time>
      </trkpt>
      <trkpt lat="-6.626023" lon="106.957693">
        <ele>1239.31</ele>
        <time>2024-06-26T13:14:30.059Z</time>
      </trkpt>
      <trkpt lat="-6.626184" lon="106.957515">
        <ele>1234.98</ele>
        <time>2024-06-26T13:15:09.489Z</time>
      </trkpt>
      <trkpt lat="-6.626336" lon="106.957382">
        <ele>1231.9</ele>
        <time>2024-06-26T13:15:42.696Z</time>
      </trkpt>
      <trkpt lat="-6.626405" lon="106.957004">
        <ele>1224.16</ele>
        <time>2024-06-26T13:16:45.645Z</time>
      </trkpt>
      <trkpt lat="-6.626417" lon="106.956899">
        <ele>1220.9</ele>
        <time>2024-06-26T13:17:02.956Z</time>
      </trkpt>
      <trkpt lat="-6.626477" lon="106.956781">
        <ele>1217.07</ele>
        <time>2024-06-26T13:17:24.668Z</time>
      </trkpt>
      <trkpt lat="-6.626554" lon="106.956728">
        <ele>1214.86</ele>
        <time>2024-06-26T13:17:40.048Z</time>
      </trkpt>
      <trkpt lat="-6.62685" lon="106.956728">
        <ele>1215.18</ele>
        <time>2024-06-26T13:18:28.855Z</time>
      </trkpt>
      <trkpt lat="-6.626862" lon="106.956647">
        <ele>1213.43</ele>
        <time>2024-06-26T13:18:42.268Z</time>
      </trkpt>
      <trkpt lat="-6.6268" lon="106.956589">
        <ele>1211.39</ele>
        <time>2024-06-26T13:18:56.223Z</time>
      </trkpt>
      <trkpt lat="-6.626737" lon="106.956482">
        <ele>1208.63</ele>
        <time>2024-06-26T13:19:16.595Z</time>
      </trkpt>
      <trkpt lat="-6.626604" lon="106.956145">
        <ele>1202.68</ele>
        <time>2024-06-26T13:20:15.989Z</time>
      </trkpt>
      <trkpt lat="-6.626637" lon="106.955808">
        <ele>1197.07</ele>
        <time>2024-06-26T13:21:11.453Z</time>
      </trkpt>
      <trkpt lat="-6.626704" lon="106.955633">
        <ele>1193.17</ele>
        <time>2024-06-26T13:21:42.171Z</time>
      </trkpt>
      <trkpt lat="-6.626808" lon="106.955541">
        <ele>1190.78</ele>
        <time>2024-06-26T13:22:04.999Z</time>
      </trkpt>
      <trkpt lat="-6.626936" lon="106.955469">
        <ele>1188.29</ele>
        <time>2024-06-26T13:22:29.176Z</time>
      </trkpt>
      <trkpt lat="-6.627062" lon="106.955295">
        <ele>1180.93</ele>
        <time>2024-06-26T13:23:04.444Z</time>
      </trkpt>
      <trkpt lat="-6.627138" lon="106.955147">
        <ele>1174.51</ele>
        <time>2024-06-26T13:23:31.732Z</time>
      </trkpt>
      <trkpt lat="-6.62721" lon="106.95512">
        <ele>1173.67</ele>
        <time>2024-06-26T13:23:44.401Z</time>
      </trkpt>
      <trkpt lat="-6.62729" lon="106.955126">
        <ele>1174.31</ele>
        <time>2024-06-26T13:23:57.628Z</time>
      </trkpt>
      <trkpt lat="-6.627413" lon="106.955077">
        <ele>1171.91</ele>
        <time>2024-06-26T13:24:19.439Z</time>
      </trkpt>
      <trkpt lat="-6.627546" lon="106.955099">
        <ele>1172.68</ele>
        <time>2024-06-26T13:24:41.663Z</time>
      </trkpt>
      <trkpt lat="-6.627725" lon="106.955069">
        <ele>1170.74</ele>
        <time>2024-06-26T13:25:11.584Z</time>
      </trkpt>
      <trkpt lat="-6.627946" lon="106.955048">
        <ele>1168.41</ele>
        <time>2024-06-26T13:25:48.186Z</time>
      </trkpt>
      <trkpt lat="-6.62814" lon="106.955064">
        <ele>1168.95</ele>
        <time>2024-06-26T13:26:20.282Z</time>
      </trkpt>
      <trkpt lat="-6.628335" lon="106.955048">
        <ele>1167.88</ele>
        <time>2024-06-26T13:26:52.542Z</time>
      </trkpt>
      <trkpt lat="-6.628437" lon="106.95497">
        <ele>1164.75</ele>
        <time>2024-06-26T13:27:13.662Z</time>
      </trkpt>
      <trkpt lat="-6.628543" lon="106.954729">
        <ele>1159.54</ele>
        <time>2024-06-26T13:27:56.831Z</time>
      </trkpt>
      <trkpt lat="-6.628654" lon="106.954665">
        <ele>1159.17</ele>
        <time>2024-06-26T13:28:17.923Z</time>
      </trkpt>
      <trkpt lat="-6.628755" lon="106.954461">
        <ele>1155.96</ele>
        <time>2024-06-26T13:28:55.256Z</time>
      </trkpt>
      <trkpt lat="-6.62888" lon="106.954276">
        <ele>1152.83</ele>
        <time>2024-06-26T13:29:31.902Z</time>
      </trkpt>
      <trkpt lat="-6.628917" lon="106.954167">
        <ele>1151.65</ele>
        <time>2024-06-26T13:29:50.768Z</time>
      </trkpt>
      <trkpt lat="-6.628868" lon="106.953904">
        <ele>1149.5</ele>
        <time>2024-06-26T13:30:34.595Z</time>
      </trkpt>
      <trkpt lat="-6.628888" lon="106.953736">
        <ele>1147.77</ele>
        <time>2024-06-26T13:31:02.308Z</time>
      </trkpt>
      <trkpt lat="-6.628762" lon="106.953433">
        <ele>1146.25</ele>
        <time>2024-06-26T13:31:56.109Z</time>
      </trkpt>
      <trkpt lat="-6.628851483884546" lon="106.95337114837895">
        <ele>1146.9206449512858</ele>
        <time>2024-06-26T13:32:13.961Z</time>
      </trkpt>
      <trkpt lat="-6.628762" lon="106.953433">
        <ele>1146.25</ele>
        <time>2024-06-26T13:32:31.813Z</time>
      </trkpt>
      <trkpt lat="-6.628529" lon="106.953094">
        <ele>1146.79</ele>
        <time>2024-06-26T13:33:39.161Z</time>
      </trkpt>
      <trkpt lat="-6.628555" lon="106.952929">
        <ele>1147.86</ele>
        <time>2024-06-26T13:34:06.454Z</time>
      </trkpt>
      <trkpt lat="-6.628609" lon="106.952708">
        <ele>1147.29</ele>
        <time>2024-06-26T13:34:43.635Z</time>
      </trkpt>
      <trkpt lat="-6.628115" lon="106.952853">
        <ele>1142.65</ele>
        <time>2024-06-26T13:36:08.266Z</time>
      </trkpt>
      <trkpt lat="-6.627831" lon="106.953226">
        <ele>1140.98</ele>
        <time>2024-06-26T13:37:25.046Z</time>
      </trkpt>
      <trkpt lat="-6.627674" lon="106.953428">
        <ele>1137.85</ele>
        <time>2024-06-26T13:38:06.949Z</time>
      </trkpt>
      <trkpt lat="-6.62761" lon="106.953462">
        <ele>1137.44</ele>
        <time>2024-06-26T13:38:18.850Z</time>
      </trkpt>
      <trkpt lat="-6.627389" lon="106.95366">
        <ele>1136.76</ele>
        <time>2024-06-26T13:39:07.507Z</time>
      </trkpt>
      <trkpt lat="-6.627271" lon="106.953678">
        <ele>1137.18</ele>
        <time>2024-06-26T13:39:27.136Z</time>
      </trkpt>
      <trkpt lat="-6.626975" lon="106.953742">
        <ele>1138.76</ele>
        <time>2024-06-26T13:40:16.929Z</time>
      </trkpt>
      <trkpt lat="-6.626784" lon="106.95377">
        <ele>1138.94</ele>
        <time>2024-06-26T13:40:48.674Z</time>
      </trkpt>
      <trkpt lat="-6.626705" lon="106.953995">
        <ele>1141.52</ele>
        <time>2024-06-26T13:41:27.661Z</time>
      </trkpt>
      <trkpt lat="-6.626592" lon="106.954117">
        <ele>1143.5</ele>
        <time>2024-06-26T13:41:54.913Z</time>
      </trkpt>
      <trkpt lat="-6.62633" lon="106.954124">
        <ele>1146.19</ele>
        <time>2024-06-26T13:42:38.019Z</time>
      </trkpt>
      <trkpt lat="-6.626041" lon="106.954107">
        <ele>1148.58</ele>
        <time>2024-06-26T13:43:25.632Z</time>
      </trkpt>
      <trkpt lat="-6.625887" lon="106.954168">
        <ele>1149.67</ele>
        <time>2024-06-26T13:43:52.850Z</time>
      </trkpt>
      <trkpt lat="-6.625884" lon="106.954377">
        <ele>1152.84</ele>
        <time>2024-06-26T13:44:26.998Z</time>
      </trkpt>
      <trkpt lat="-6.625907" lon="106.954813">
        <ele>1162.58</ele>
        <time>2024-06-26T13:45:38.329Z</time>
      </trkpt>
      <trkpt lat="-6.62586" lon="106.955141">
        <ele>1168.03</ele>
        <time>2024-06-26T13:46:32.470Z</time>
      </trkpt>
      <trkpt lat="-6.625736" lon="106.955239">
        <ele>1170.05</ele>
        <time>2024-06-26T13:46:58.398Z</time>
      </trkpt>
      <trkpt lat="-6.625551" lon="106.955188">
        <ele>1170.22</ele>
        <time>2024-06-26T13:47:29.945Z</time>
      </trkpt>
      <trkpt lat="-6.625444" lon="106.955185">
        <ele>1172.14</ele>
        <time>2024-06-26T13:47:47.550Z</time>
      </trkpt>
      <trkpt lat="-6.6254" lon="106.954948">
        <ele>1168.18</ele>
        <time>2024-06-26T13:48:26.939Z</time>
      </trkpt>
      <trkpt lat="-6.625273" lon="106.95484">
        <ele>1167.93</ele>
        <time>2024-06-26T13:48:54.281Z</time>
      </trkpt>
      <trkpt lat="-6.625081" lon="106.95483">
        <ele>1172.48</ele>
        <time>2024-06-26T13:49:25.901Z</time>
      </trkpt>
      <trkpt lat="-6.624934" lon="106.954685">
        <ele>1173.51</ele>
        <time>2024-06-26T13:49:59.749Z</time>
      </trkpt>
      <trkpt lat="-6.624806" lon="106.954425">
        <ele>1168.05</ele>
        <time>2024-06-26T13:50:47.156Z</time>
      </trkpt>
      <trkpt lat="-6.624601" lon="106.954171">
        <ele>1161.53</ele>
        <time>2024-06-26T13:51:40.623Z</time>
      </trkpt>
      <trkpt lat="-6.624252" lon="106.953874">
        <ele>1154.81</ele>
        <time>2024-06-26T13:52:55.784Z</time>
      </trkpt>
      <trkpt lat="-6.623903" lon="106.953779">
        <ele>1149.43</ele>
        <time>2024-06-26T13:53:55.245Z</time>
      </trkpt>
      <trkpt lat="-6.623457" lon="106.953749">
        <ele>1138.46</ele>
        <time>2024-06-26T13:55:08.762Z</time>
      </trkpt>
      <trkpt lat="-6.623262" lon="106.953813">
        <ele>1134.82</ele>
        <time>2024-06-26T13:55:42.495Z</time>
      </trkpt>
      <trkpt lat="-6.623158" lon="106.954124">
        <ele>1136.55</ele>
        <time>2024-06-26T13:56:36.106Z</time>
      </trkpt>
      <trkpt lat="-6.623104" lon="106.954414">
        <ele>1142.02</ele>
        <time>2024-06-26T13:57:24.309Z</time>
      </trkpt>
      <trkpt lat="-6.622893" lon="106.954631">
        <ele>1141.79</ele>
        <time>2024-06-26T13:58:13.919Z</time>
      </trkpt>
      <trkpt lat="-6.622728" lon="106.954637">
        <ele>1136.8</ele>
        <time>2024-06-26T13:58:41.074Z</time>
      </trkpt>
      <trkpt lat="-6.622396" lon="106.954648">
        <ele>1135.23</ele>
        <time>2024-06-26T13:59:35.708Z</time>
      </trkpt>
      <trkpt lat="-6.622161" lon="106.954425">
        <ele>1135.56</ele>
        <time>2024-06-26T14:00:28.823Z</time>
      </trkpt>
      <trkpt lat="-6.621892" lon="106.953981">
        <ele>1136.43</ele>
        <time>2024-06-26T14:01:53.789Z</time>
      </trkpt>
      <trkpt lat="-6.621876" lon="106.953955">
        <ele>1136.48</ele>
        <time>2024-06-26T14:01:58.785Z</time>
      </trkpt>
      <trkpt lat="-6.621815" lon="106.953695">
        <ele>1132.39</ele>
        <time>2024-06-26T14:02:42.431Z</time>
      </trkpt>
      <trkpt lat="-6.621681" lon="106.95358">
        <ele>1128.49</ele>
        <time>2024-06-26T14:03:11.391Z</time>
      </trkpt>
      <trkpt lat="-6.621349" lon="106.953543">
        <ele>1123.86</ele>
        <time>2024-06-26T14:04:06.329Z</time>
      </trkpt>
      <trkpt lat="-6.620956" lon="106.953455">
        <ele>1116.4</ele>
        <time>2024-06-26T14:05:12.545Z</time>
      </trkpt>
      <trkpt lat="-6.620734" lon="106.953374">
        <ele>1118.76</ele>
        <time>2024-06-26T14:05:51.381Z</time>
      </trkpt>
      <trkpt lat="-6.620754" lon="106.953191">
        <ele>1113.88</ele>
        <time>2024-06-26T14:06:21.459Z</time>
      </trkpt>
      <trkpt lat="-6.620929" lon="106.95286">
        <ele>1097.72</ele>
        <time>2024-06-26T14:07:22.718Z</time>
      </trkpt>
      <trkpt lat="-6.620909" lon="106.952728">
        <ele>1095.12</ele>
        <time>2024-06-26T14:07:44.532Z</time>
      </trkpt>
      <trkpt lat="-6.620815" lon="106.952539">
        <ele>1094.24</ele>
        <time>2024-06-26T14:08:19.064Z</time>
      </trkpt>
      <trkpt lat="-6.620721" lon="106.95235">
        <ele>1090.47</ele>
        <time>2024-06-26T14:08:53.596Z</time>
      </trkpt>
      <trkpt lat="-6.62066" lon="106.952164">
        <ele>1082.39</ele>
        <time>2024-06-26T14:09:25.597Z</time>
      </trkpt>
      <trkpt lat="-6.620432" lon="106.952072">
        <ele>1078.29</ele>
        <time>2024-06-26T14:10:05.996Z</time>
      </trkpt>
      <trkpt lat="-6.620133" lon="106.952042">
        <ele>1073.02</ele>
        <time>2024-06-26T14:10:55.416Z</time>
      </trkpt>
      <trkpt lat="-6.619872" lon="106.951961">
        <ele>1062.34</ele>
        <time>2024-06-26T14:11:40.336Z</time>
      </trkpt>
      <trkpt lat="-6.619563" lon="106.951971">
        <ele>1058.2</ele>
        <time>2024-06-26T14:12:31.184Z</time>
      </trkpt>
      <trkpt lat="-6.619358" lon="106.951883">
        <ele>1051.75</ele>
        <time>2024-06-26T14:13:07.837Z</time>
      </trkpt>
      <trkpt lat="-6.619089" lon="106.951697">
        <ele>1043.75</ele>
        <time>2024-06-26T14:14:01.510Z</time>
      </trkpt>
      <trkpt lat="-6.618801" lon="106.951591">
        <ele>1041.56</ele>
        <time>2024-06-26T14:14:51.944Z</time>
      </trkpt>
      <trkpt lat="-6.618512" lon="106.951484">
        <ele>1035.27</ele>
        <time>2024-06-26T14:15:42.588Z</time>
      </trkpt>
      <trkpt lat="-6.618277" lon="106.951569">
        <ele>1037.97</ele>
        <time>2024-06-26T14:16:23.657Z</time>
      </trkpt>
      <trkpt lat="-6.617811" lon="106.951721">
        <ele>1033.81</ele>
        <time>2024-06-26T14:17:44.223Z</time>
      </trkpt>
      <trkpt lat="-6.617594" lon="106.95174">
        <ele>1029.89</ele>
        <time>2024-06-26T14:18:20.048Z</time>
      </trkpt>
      <trkpt lat="-6.617377" lon="106.951758">
        <ele>1021.58</ele>
        <time>2024-06-26T14:18:55.859Z</time>
      </trkpt>
      <trkpt lat="-6.61728" lon="106.951836">
        <ele>1019.1</ele>
        <time>2024-06-26T14:19:16.277Z</time>
      </trkpt>
      <trkpt lat="-6.617176" lon="106.952231">
        <ele>1021.55</ele>
        <time>2024-06-26T14:20:23.038Z</time>
      </trkpt>
      <trkpt lat="-6.616965" lon="106.952492">
        <ele>1020.89</ele>
        <time>2024-06-26T14:21:18.016Z</time>
      </trkpt>
      <trkpt lat="-6.616867" lon="106.952441">
        <ele>1020.22</ele>
        <time>2024-06-26T14:21:36.160Z</time>
      </trkpt>
      <trkpt lat="-6.616848" lon="106.952376">
        <ele>1018.4</ele>
        <time>2024-06-26T14:21:47.229Z</time>
      </trkpt>
      <trkpt lat="-6.616807" lon="106.952238">
        <ele>1014.56</ele>
        <time>2024-06-26T14:22:10.761Z</time>
      </trkpt>
      <trkpt lat="-6.616552" lon="106.952032">
        <ele>1019.74</ele>
        <time>2024-06-26T14:23:04.535Z</time>
      </trkpt>
      <trkpt lat="-6.616223" lon="106.951859">
        <ele>1026.95</ele>
        <time>2024-06-26T14:24:05.583Z</time>
      </trkpt>
      <trkpt lat="-6.615975" lon="106.951888">
        <ele>1032.59</ele>
        <time>2024-06-26T14:24:46.646Z</time>
      </trkpt>
      <trkpt lat="-6.615658" lon="106.952025">
        <ele>1039.92</ele>
        <time>2024-06-26T14:25:43.384Z</time>
      </trkpt>
      <trkpt lat="-6.615386" lon="106.952132">
        <ele>1041.05</ele>
        <time>2024-06-26T14:26:31.414Z</time>
      </trkpt>
      <trkpt lat="-6.615117" lon="106.952148">
        <ele>1042.49</ele>
        <time>2024-06-26T14:27:15.734Z</time>
      </trkpt>
      <trkpt lat="-6.615026" lon="106.952009">
        <ele>1039.25</ele>
        <time>2024-06-26T14:27:42.931Z</time>
      </trkpt>
      <trkpt lat="-6.614992" lon="106.951843">
        <ele>1034.59</ele>
        <time>2024-06-26T14:28:10.622Z</time>
      </trkpt>
      <trkpt lat="-6.614853" lon="106.95176">
        <ele>1036.49</ele>
        <time>2024-06-26T14:28:37.202Z</time>
      </trkpt>
      <trkpt lat="-6.614779" lon="106.951652">
        <ele>1037.3</ele>
        <time>2024-06-26T14:28:58.637Z</time>
      </trkpt>
      <trkpt lat="-6.614773" lon="106.951301">
        <ele>1031.52</ele>
        <time>2024-06-26T14:29:55.990Z</time>
      </trkpt>
      <trkpt lat="-6.614675" lon="106.951196">
        <ele>1029.33</ele>
        <time>2024-06-26T14:30:19.528Z</time>
      </trkpt>
      <trkpt lat="-6.614195" lon="106.951062">
        <ele>1018.19</ele>
        <time>2024-06-26T14:31:41.453Z</time>
      </trkpt>
      <trkpt lat="-6.61397" lon="106.950978">
        <ele>1010.65</ele>
        <time>2024-06-26T14:32:20.921Z</time>
      </trkpt>
      <trkpt lat="-6.613658" lon="106.951005">
        <ele>1010.06</ele>
        <time>2024-06-26T14:33:12.425Z</time>
      </trkpt>
      <trkpt lat="-6.613359" lon="106.950954">
        <ele>1005.74</ele>
        <time>2024-06-26T14:34:02.302Z</time>
      </trkpt>
      <trkpt lat="-6.613104" lon="106.950825">
        <ele>1002.5</ele>
        <time>2024-06-26T14:34:49.239Z</time>
      </trkpt>
      <trkpt lat="-6.61293" lon="106.950724">
        <ele>1001.22</ele>
        <time>2024-06-26T14:35:22.273Z</time>
      </trkpt>
      <trkpt lat="-6.612641" lon="106.950697">
        <ele>1009.39</ele>
        <time>2024-06-26T14:36:10.009Z</time>
      </trkpt>
      <trkpt lat="-6.612349" lon="106.950481">
        <ele>1006.91</ele>
        <time>2024-06-26T14:37:09.606Z</time>
      </trkpt>
      <trkpt lat="-6.612159" lon="106.950351">
        <ele>1004.62</ele>
        <time>2024-06-26T14:37:47.390Z</time>
      </trkpt>
      <trkpt lat="-6.61197" lon="106.950221">
        <ele>999.8</ele>
        <time>2024-06-26T14:38:25.038Z</time>
      </trkpt>
      <trkpt lat="-6.611453" lon="106.949761">
        <ele>977.59</ele>
        <time>2024-06-26T14:40:18.521Z</time>
      </trkpt>
      <trkpt lat="-6.611261" lon="106.94954">
        <ele>969.25</ele>
        <time>2024-06-26T14:41:06.488Z</time>
      </trkpt>
      <trkpt lat="-6.610879" lon="106.949102">
        <ele>957.01</ele>
        <time>2024-06-26T14:42:41.714Z</time>
      </trkpt>
      <trkpt lat="-6.610469" lon="106.948872">
        <ele>949.81</ele>
        <time>2024-06-26T14:43:58.910Z</time>
      </trkpt>
      <trkpt lat="-6.610016" lon="106.948595">
        <ele>948.63</ele>
        <time>2024-06-26T14:45:26.083Z</time>
      </trkpt>
      <trkpt lat="-6.609707" lon="106.948487">
        <ele>948.07</ele>
        <time>2024-06-26T14:46:19.880Z</time>
      </trkpt>
      <trkpt lat="-6.609437" lon="106.94843">
        <ele>942.81</ele>
        <time>2024-06-26T14:47:05.253Z</time>
      </trkpt>
      <trkpt lat="-6.609167" lon="106.948372">
        <ele>933.3</ele>
        <time>2024-06-26T14:47:50.660Z</time>
      </trkpt>
      <trkpt lat="-6.608918" lon="106.948323">
        <ele>928.07</ele>
        <time>2024-06-26T14:48:32.388Z</time>
      </trkpt>
      <trkpt lat="-6.60867" lon="106.948274">
        <ele>928.39</ele>
        <time>2024-06-26T14:49:13.955Z</time>
      </trkpt>
      <trkpt lat="-6.608525" lon="106.948332">
        <ele>927.43</ele>
        <time>2024-06-26T14:49:39.617Z</time>
      </trkpt>
      <trkpt lat="-6.608475" lon="106.94849">
        <ele>923.98</ele>
        <time>2024-06-26T14:50:06.709Z</time>
      </trkpt>
      <trkpt lat="-6.608341" lon="106.948551">
        <ele>920.71</ele>
        <time>2024-06-26T14:50:30.896Z</time>
      </trkpt>
      <trkpt lat="-6.607898" lon="106.948673">
        <ele>911.58</ele>
        <time>2024-06-26T14:51:46.434Z</time>
      </trkpt>
      <trkpt lat="-6.607491" lon="106.948838">
        <ele>906.08</ele>
        <time>2024-06-26T14:52:58.598Z</time>
      </trkpt>
      <trkpt lat="-6.607179" lon="106.948876">
        <ele>907.24</ele>
        <time>2024-06-26T14:53:50.287Z</time>
      </trkpt>
      <trkpt lat="-6.607025" lon="106.948865">
        <ele>908.55</ele>
        <time>2024-06-26T14:54:15.679Z</time>
      </trkpt>
      <trkpt lat="-6.606417" lon="106.948896">
        <ele>911.73</ele>
        <time>2024-06-26T14:55:55.805Z</time>
      </trkpt>
      <trkpt lat="-6.606035" lon="106.948825">
        <ele>912.62</ele>
        <time>2024-06-26T14:56:59.695Z</time>
      </trkpt>
      <trkpt lat="-6.605531" lon="106.94872">
        <ele>919.19</ele>
        <time>2024-06-26T14:58:24.345Z</time>
      </trkpt>
      <trkpt lat="-6.604957" lon="106.948578">
        <ele>924.23</ele>
        <time>2024-06-26T15:00:01.560Z</time>
      </trkpt>
      <trkpt lat="-6.604625" lon="106.948558">
        <ele>925.06</ele>
        <time>2024-06-26T15:00:56.262Z</time>
      </trkpt>
      <trkpt lat="-6.604467" lon="106.948659">
        <ele>924.44</ele>
        <time>2024-06-26T15:01:27.045Z</time>
      </trkpt>
      <trkpt lat="-6.604322" lon="106.948818">
        <ele>923.54</ele>
        <time>2024-06-26T15:02:02.309Z</time>
      </trkpt>
      <trkpt lat="-6.604128" lon="106.948879">
        <ele>920.6</ele>
        <time>2024-06-26T15:02:35.736Z</time>
      </trkpt>
      <trkpt lat="-6.603829" lon="106.948889">
        <ele>916.84</ele>
        <time>2024-06-26T15:03:24.940Z</time>
      </trkpt>
      <trkpt lat="-6.603607" lon="106.948771">
        <ele>912.31</ele>
        <time>2024-06-26T15:04:06.229Z</time>
      </trkpt>
      <trkpt lat="-6.603289" lon="106.948707">
        <ele>907.1</ele>
        <time>2024-06-26T15:04:59.565Z</time>
      </trkpt>
      <trkpt lat="-6.603089" lon="106.948762">
        <ele>906.5</ele>
        <time>2024-06-26T15:05:33.664Z</time>
      </trkpt>
      <trkpt lat="-6.602889" lon="106.948818">
        <ele>902.7</ele>
        <time>2024-06-26T15:06:07.807Z</time>
      </trkpt>
      <trkpt lat="-6.602493" lon="106.949031">
        <ele>884.29</ele>
        <time>2024-06-26T15:07:21.651Z</time>
      </trkpt>
      <trkpt lat="-6.602218" lon="106.949244">
        <ele>870.7</ele>
        <time>2024-06-26T15:08:18.719Z</time>
      </trkpt>
      <trkpt lat="-6.601899" lon="106.949376">
        <ele>856.15</ele>
        <time>2024-06-26T15:09:15.444Z</time>
      </trkpt>
      <trkpt lat="-6.601684" lon="106.949401">
        <ele>850.09</ele>
        <time>2024-06-26T15:09:51.040Z</time>
      </trkpt>
      <trkpt lat="-6.601469" lon="106.949426">
        <ele>847.59</ele>
        <time>2024-06-26T15:10:26.636Z</time>
      </trkpt>
      <trkpt lat="-6.601023" lon="106.94947">
        <ele>845.74</ele>
        <time>2024-06-26T15:11:40.341Z</time>
      </trkpt>
      <trkpt lat="-6.600734" lon="106.949372">
        <ele>841.65</ele>
        <time>2024-06-26T15:12:30.497Z</time>
      </trkpt>
      <trkpt lat="-6.60046" lon="106.949306">
        <ele>838.05</ele>
        <time>2024-06-26T15:13:16.834Z</time>
      </trkpt>
      <trkpt lat="-6.600187" lon="106.949241">
        <ele>830.94</ele>
        <time>2024-06-26T15:14:02.973Z</time>
      </trkpt>
      <trkpt lat="-6.599764" lon="106.949224">
        <ele>822.27</ele>
        <time>2024-06-26T15:15:12.599Z</time>
      </trkpt>
      <trkpt lat="-6.59937" lon="106.949209">
        <ele>811.58</ele>
        <time>2024-06-26T15:16:17.447Z</time>
      </trkpt>
      <trkpt lat="-6.599267" lon="106.949249">
        <ele>810.24</ele>
        <time>2024-06-26T15:16:35.604Z</time>
      </trkpt>
      <trkpt lat="-6.599213" lon="106.94919">
        <ele>807.57</ele>
        <time>2024-06-26T15:16:48.711Z</time>
      </trkpt>
      <trkpt lat="-6.599184" lon="106.949083">
        <ele>802.71</ele>
        <time>2024-06-26T15:17:06.831Z</time>
      </trkpt>
      <trkpt lat="-6.598963" lon="106.948935">
        <ele>795.26</ele>
        <time>2024-06-26T15:17:50.487Z</time>
      </trkpt>
      <trkpt lat="-6.598736" lon="106.94875">
        <ele>789.09</ele>
        <time>2024-06-26T15:18:38.523Z</time>
      </trkpt>
      <trkpt lat="-6.59844" lon="106.948508">
        <ele>777.79</ele>
        <time>2024-06-26T15:19:41.239Z</time>
      </trkpt>
      <trkpt lat="-6.598198" lon="106.948353">
        <ele>766.65</ele>
        <time>2024-06-26T15:20:28.414Z</time>
      </trkpt>
      <trkpt lat="-6.598086" lon="106.948326">
        <ele>764.07</ele>
        <time>2024-06-26T15:20:47.355Z</time>
      </trkpt>
      <trkpt lat="-6.597998" lon="106.948187">
        <ele>754.2</ele>
        <time>2024-06-26T15:21:14.285Z</time>
      </trkpt>
      <trkpt lat="-6.59783" lon="106.947916">
        <ele>738.09</ele>
        <time>2024-06-26T15:22:06.476Z</time>
      </trkpt>
      <trkpt lat="-6.597702" lon="106.947803">
        <ele>730.71</ele>
        <time>2024-06-26T15:22:34.477Z</time>
      </trkpt>
      <trkpt lat="-6.597521" lon="106.947755">
        <ele>727</ele>
        <time>2024-06-26T15:23:05.262Z</time>
      </trkpt>
      <trkpt lat="-6.597183" lon="106.947699">
        <ele>716.82</ele>
        <time>2024-06-26T15:24:01.601Z</time>
      </trkpt>
      <trkpt lat="-6.596877" lon="106.947656">
        <ele>706.65</ele>
        <time>2024-06-26T15:24:52.417Z</time>
      </trkpt>
      <trkpt lat="-6.596695" lon="106.947672">
        <ele>703.43</ele>
        <time>2024-06-26T15:25:22.464Z</time>
      </trkpt>
      <trkpt lat="-6.59657" lon="106.947763">
        <ele>704.81</ele>
        <time>2024-06-26T15:25:47.835Z</time>
      </trkpt>
      <trkpt lat="-6.596464" lon="106.947811">
        <ele>702.97</ele>
        <time>2024-06-26T15:26:06.951Z</time>
      </trkpt>
      <trkpt lat="-6.596322" lon="106.947742">
        <ele>694.23</ele>
        <time>2024-06-26T15:26:32.884Z</time>
      </trkpt>
      <trkpt lat="-6.596117" lon="106.947615">
        <ele>682.8</ele>
        <time>2024-06-26T15:27:12.473Z</time>
      </trkpt>
      <trkpt lat="-6.595933" lon="106.947428">
        <ele>672.57</ele>
        <time>2024-06-26T15:27:55.476Z</time>
      </trkpt>
      <trkpt lat="-6.595755" lon="106.947358">
        <ele>668.14</ele>
        <time>2024-06-26T15:28:26.906Z</time>
      </trkpt>
      <trkpt lat="-6.595548" lon="106.947311">
        <ele>665.11</ele>
        <time>2024-06-26T15:29:01.806Z</time>
      </trkpt>
      <trkpt lat="-6.595342" lon="106.947264">
        <ele>665.03</ele>
        <time>2024-06-26T15:29:36.546Z</time>
      </trkpt>
      <trkpt lat="-6.595027" lon="106.947154">
        <ele>668.1</ele>
        <time>2024-06-26T15:30:31.383Z</time>
      </trkpt>
      <trkpt lat="-6.594748" lon="106.947092">
        <ele>672.63</ele>
        <time>2024-06-26T15:31:18.375Z</time>
      </trkpt>
      <trkpt lat="-6.594481" lon="106.947135">
        <ele>670.82</ele>
        <time>2024-06-26T15:32:02.847Z</time>
      </trkpt>
      <trkpt lat="-6.594121" lon="106.947248">
        <ele>664.06</ele>
        <time>2024-06-26T15:33:04.868Z</time>
      </trkpt>
      <trkpt lat="-6.593844" lon="106.947275">
        <ele>660.03</ele>
        <time>2024-06-26T15:33:50.639Z</time>
      </trkpt>
      <trkpt lat="-6.593607" lon="106.94739">
        <ele>651.22</ele>
        <time>2024-06-26T15:34:33.910Z</time>
      </trkpt>
      <trkpt lat="-6.593455" lon="106.947527">
        <ele>642.47</ele>
        <time>2024-06-26T15:35:07.466Z</time>
      </trkpt>
      <trkpt lat="-6.59324" lon="106.947565">
        <ele>634</ele>
        <time>2024-06-26T15:35:43.368Z</time>
      </trkpt>
      <trkpt lat="-6.593085" lon="106.947599">
        <ele>627.01</ele>
        <time>2024-06-26T15:36:09.459Z</time>
      </trkpt>
      <trkpt lat="-6.593016" lon="106.947565">
        <ele>624.93</ele>
        <time>2024-06-26T15:36:22.094Z</time>
      </trkpt>
      <trkpt lat="-6.593042" lon="106.94746">
        <ele>627.33</ele>
        <time>2024-06-26T15:36:39.774Z</time>
      </trkpt>
      <trkpt lat="-6.593053" lon="106.947339">
        <ele>628.17</ele>
        <time>2024-06-26T15:36:59.626Z</time>
      </trkpt>
      <trkpt lat="-6.592941" lon="106.947291">
        <ele>621.68</ele>
        <time>2024-06-26T15:37:19.646Z</time>
      </trkpt>
      <trkpt lat="-6.592787" lon="106.94731">
        <ele>612.8</ele>
        <time>2024-06-26T15:37:45.164Z</time>
      </trkpt>
      <trkpt lat="-6.592709" lon="106.94743">
        <ele>609.77</ele>
        <time>2024-06-26T15:38:08.594Z</time>
      </trkpt>
      <trkpt lat="-6.5924" lon="106.947768">
        <ele>592.45</ele>
        <time>2024-06-26T15:39:23.644Z</time>
      </trkpt>
      <trkpt lat="-6.592235" lon="106.948031">
        <ele>581.21</ele>
        <time>2024-06-26T15:40:14.466Z</time>
      </trkpt>
      <trkpt lat="-6.592006" lon="106.948206">
        <ele>571.56</ele>
        <time>2024-06-26T15:41:01.753Z</time>
      </trkpt>
      <trkpt lat="-6.591777" lon="106.948321">
        <ele>565.55</ele>
        <time>2024-06-26T15:41:43.843Z</time>
      </trkpt>
      <trkpt lat="-6.591745" lon="106.948442">
        <ele>564.61</ele>
        <time>2024-06-26T15:42:04.301Z</time>
      </trkpt>
      <trkpt lat="-6.591857" lon="106.94867">
        <ele>563.54</ele>
        <time>2024-06-26T15:42:45.858Z</time>
      </trkpt>
      <trkpt lat="-6.591987" lon="106.948731">
        <ele>563.59</ele>
        <time>2024-06-26T15:43:09.448Z</time>
      </trkpt>
      <trkpt lat="-6.592286" lon="106.948654">
        <ele>562.55</ele>
        <time>2024-06-26T15:44:00.208Z</time>
      </trkpt>
      <trkpt lat="-6.592416" lon="106.948683">
        <ele>561.06</ele>
        <time>2024-06-26T15:44:22.108Z</time>
      </trkpt>
      <trkpt lat="-6.592544" lon="106.948898">
        <ele>555.07</ele>
        <time>2024-06-26T15:45:03.061Z</time>
      </trkpt>
      <trkpt lat="-6.592504" lon="106.949174">
        <ele>550.87</ele>
        <time>2024-06-26T15:45:48.632Z</time>
      </trkpt>
      <trkpt lat="-6.592485" lon="106.949506">
        <ele>547.57</ele>
        <time>2024-06-26T15:46:42.965Z</time>
      </trkpt>
      <trkpt lat="-6.592541" lon="106.949686">
        <ele>545.14</ele>
        <time>2024-06-26T15:47:13.782Z</time>
      </trkpt>
      <trkpt lat="-6.592517" lon="106.949772">
        <ele>543.71</ele>
        <time>2024-06-26T15:47:28.376Z</time>
      </trkpt>
      <trkpt lat="-6.592009" lon="106.950102">
        <ele>534.82</ele>
        <time>2024-06-26T15:49:07.813Z</time>
      </trkpt>
      <trkpt lat="-6.591822" lon="106.950097">
        <ele>535.34</ele>
        <time>2024-06-26T15:49:38.580Z</time>
      </trkpt>
      <trkpt lat="-6.591692" lon="106.950162">
        <ele>533.82</ele>
        <time>2024-06-26T15:50:02.453Z</time>
      </trkpt>
      <trkpt lat="-6.591581" lon="106.950276">
        <ele>532.02</ele>
        <time>2024-06-26T15:50:28.533Z</time>
      </trkpt>
      <trkpt lat="-6.591601" lon="106.950457">
        <ele>526.17</ele>
        <time>2024-06-26T15:50:58.287Z</time>
      </trkpt>
      <trkpt lat="-6.591632" lon="106.950535">
        <ele>523.44</ele>
        <time>2024-06-26T15:51:12.013Z</time>
      </trkpt>
      <trkpt lat="-6.591561" lon="106.950614">
        <ele>521.99</ele>
        <time>2024-06-26T15:51:29.418Z</time>
      </trkpt>
      <trkpt lat="-6.591369" lon="106.950742">
        <ele>519.6</ele>
        <time>2024-06-26T15:52:07.293Z</time>
      </trkpt>
      <trkpt lat="-6.591234" lon="106.950808">
        <ele>517.15</ele>
        <time>2024-06-26T15:52:31.976Z</time>
      </trkpt>
      <trkpt lat="-6.591127" lon="106.950808">
        <ele>516.56</ele>
        <time>2024-06-26T15:52:49.574Z</time>
      </trkpt>
      <trkpt lat="-6.591046" lon="106.950771">
        <ele>517.13</ele>
        <time>2024-06-26T15:53:04.203Z</time>
      </trkpt>
      <trkpt lat="-6.590969" lon="106.950677">
        <ele>519.97</ele>
        <time>2024-06-26T15:53:24.109Z</time>
      </trkpt>
      <trkpt lat="-6.590865" lon="106.950593">
        <ele>519.04</ele>
        <time>2024-06-26T15:53:46.039Z</time>
      </trkpt>
      <trkpt lat="-6.590748" lon="106.950456">
        <ele>517.95</ele>
        <time>2024-06-26T15:54:15.557Z</time>
      </trkpt>
      <trkpt lat="-6.590559" lon="106.950353">
        <ele>512.81</ele>
        <time>2024-06-26T15:54:50.905Z</time>
      </trkpt>
      <trkpt lat="-6.590502" lon="106.9503">
        <ele>511.41</ele>
        <time>2024-06-26T15:55:03.667Z</time>
      </trkpt>
      <trkpt lat="-6.590379" lon="106.950115">
        <ele>509.58</ele>
        <time>2024-06-26T15:55:40.038Z</time>
      </trkpt>
      <trkpt lat="-6.590193" lon="106.949635">
        <ele>503.67</ele>
        <time>2024-06-26T15:57:04.218Z</time>
      </trkpt>
      <trkpt lat="-6.590438" lon="106.949412">
        <ele>502.03</ele>
        <time>2024-06-26T15:57:58.543Z</time>
      </trkpt>
      <trkpt lat="-6.590623367110311" lon="106.94961871653857">
        <ele>513.4653145530181</ele>
        <time>2024-06-26T15:58:44.034Z</time>
      </trkpt>
      <trkpt lat="-6.590438" lon="106.949412">
        <ele>502.03</ele>
        <time>2024-06-26T15:59:29.525Z</time>
      </trkpt>
      <trkpt lat="-6.590544" lon="106.949316">
        <ele>501.32</ele>
        <time>2024-06-26T15:59:52.972Z</time>
      </trkpt>
      <trkpt lat="-6.590791" lon="106.949006">
        <ele>499.41</ele>
        <time>2024-06-26T16:00:57.889Z</time>
      </trkpt>
      <trkpt lat="-6.590815" lon="106.948965">
        <ele>499.18</ele>
        <time>2024-06-26T16:01:05.662Z</time>
      </trkpt>
      <trkpt lat="-6.590823" lon="106.948914">
        <ele>498.96</ele>
        <time>2024-06-26T16:01:14.096Z</time>
      </trkpt>
      <trkpt lat="-6.590811" lon="106.948818">
        <ele>498.61</ele>
        <time>2024-06-26T16:01:29.901Z</time>
      </trkpt>
      <trkpt lat="-6.590778" lon="106.948715">
        <ele>498.26</ele>
        <time>2024-06-26T16:01:47.580Z</time>
      </trkpt>
      <trkpt lat="-6.590765" lon="106.948635">
        <ele>497.94</ele>
        <time>2024-06-26T16:02:00.822Z</time>
      </trkpt>
      <trkpt lat="-6.590796" lon="106.948392">
        <ele>496.77</ele>
        <time>2024-06-26T16:02:40.843Z</time>
      </trkpt>
      <trkpt lat="-6.59078" lon="106.948305">
        <ele>496.4</ele>
        <time>2024-06-26T16:02:55.296Z</time>
      </trkpt>
      <trkpt lat="-6.590742" lon="106.948228">
        <ele>496.12</ele>
        <time>2024-06-26T16:03:09.341Z</time>
      </trkpt>
      <trkpt lat="-6.590652" lon="106.948098">
        <ele>495.65</ele>
        <time>2024-06-26T16:03:35.225Z</time>
      </trkpt>
      <trkpt lat="-6.590618" lon="106.948031">
        <ele>495.39</ele>
        <time>2024-06-26T16:03:47.515Z</time>
      </trkpt>
      <trkpt lat="-6.590603" lon="106.947965">
        <ele>495.1</ele>
        <time>2024-06-26T16:03:58.575Z</time>
      </trkpt>
      <trkpt lat="-6.590605" lon="106.947922">
        <ele>494.89</ele>
        <time>2024-06-26T16:04:05.607Z</time>
      </trkpt>
      <trkpt lat="-6.590632" lon="106.947865">
        <ele>494.58</ele>
        <time>2024-06-26T16:04:15.922Z</time>
      </trkpt>
      <trkpt lat="-6.590711" lon="106.947791">
        <ele>494.11</ele>
        <time>2024-06-26T16:04:33.667Z</time>
      </trkpt>
      <trkpt lat="-6.590812" lon="106.947729">
        <ele>493.65</ele>
        <time>2024-06-26T16:04:53.120Z</time>
      </trkpt>
      <trkpt lat="-6.590924" lon="106.947573">
        <ele>492.73</ele>
        <time>2024-06-26T16:05:24.562Z</time>
      </trkpt>
      <trkpt lat="-6.590975" lon="106.947489">
        <ele>492.25</ele>
        <time>2024-06-26T16:05:40.643Z</time>
      </trkpt>
      <trkpt lat="-6.591013" lon="106.947412">
        <ele>491.82</ele>
        <time>2024-06-26T16:05:54.688Z</time>
      </trkpt>
      <trkpt lat="-6.591044" lon="106.947276">
        <ele>491.13</ele>
        <time>2024-06-26T16:06:17.481Z</time>
      </trkpt>
      <trkpt lat="-6.591117" lon="106.947071">
        <ele>490.04</ele>
        <time>2024-06-26T16:06:53.055Z</time>
      </trkpt>
      <trkpt lat="-6.591268" lon="106.946784">
        <ele>488.44</ele>
        <time>2024-06-26T16:07:46.108Z</time>
      </trkpt>
      <trkpt lat="-6.591472" lon="106.946458">
        <ele>486.56</ele>
        <time>2024-06-26T16:08:49.047Z</time>
      </trkpt>
      <trkpt lat="-6.591485" lon="106.946416">
        <ele>486.35</ele>
        <time>2024-06-26T16:08:56.233Z</time>
      </trkpt>
      <trkpt lat="-6.591486" lon="106.946383">
        <ele>486.18</ele>
        <time>2024-06-26T16:09:01.626Z</time>
      </trkpt>
      <trkpt lat="-6.591479" lon="106.946351">
        <ele>486.05</ele>
        <time>2024-06-26T16:09:06.978Z</time>
      </trkpt>
      <trkpt lat="-6.591411" lon="106.946223">
        <ele>485.55</ele>
        <time>2024-06-26T16:09:30.689Z</time>
      </trkpt>
      <trkpt lat="-6.591362" lon="106.946075">
        <ele>484.97</ele>
        <time>2024-06-26T16:09:56.173Z</time>
      </trkpt>
      <trkpt lat="-6.591337" lon="106.945836">
        <ele>483.98</ele>
        <time>2024-06-26T16:10:35.431Z</time>
      </trkpt>
      <trkpt lat="-6.591348" lon="106.94577">
        <ele>483.68</ele>
        <time>2024-06-26T16:10:46.363Z</time>
      </trkpt>
      <trkpt lat="-6.591374" lon="106.945708">
        <ele>483.35</ele>
        <time>2024-06-26T16:10:57.356Z</time>
      </trkpt>
      <trkpt lat="-6.591494" lon="106.945542">
        <ele>482.34</ele>
        <time>2024-06-26T16:11:30.893Z</time>
      </trkpt>
      <trkpt lat="-6.591721" lon="106.945253">
        <ele>480.52</ele>
        <time>2024-06-26T16:12:31.077Z</time>
      </trkpt>
      <trkpt lat="-6.591845" lon="106.94511">
        <ele>479.58</ele>
        <time>2024-06-26T16:13:02.084Z</time>
      </trkpt>
      <trkpt lat="-6.591831" lon="106.944953">
        <ele>479.68</ele>
        <time>2024-06-26T16:13:27.834Z</time>
      </trkpt>
      <trkpt lat="-6.591857" lon="106.944905">
        <ele>480.56</ele>
        <time>2024-06-26T16:13:36.765Z</time>
      </trkpt>
      <trkpt lat="-6.591878" lon="106.944833">
        <ele>481.75</ele>
        <time>2024-06-26T16:13:49.023Z</time>
      </trkpt>
      <trkpt lat="-6.591927" lon="106.94446">
        <ele>487.61</ele>
        <time>2024-06-26T16:14:50.485Z</time>
      </trkpt>
      <trkpt lat="-6.591927" lon="106.944349">
        <ele>489.31</ele>
        <time>2024-06-26T16:15:08.617Z</time>
      </trkpt>
      <trkpt lat="-6.591905" lon="106.944133">
        <ele>492.63</ele>
        <time>2024-06-26T16:15:44.087Z</time>
      </trkpt>
      <trkpt lat="-6.591902" lon="106.944036">
        <ele>494.08</ele>
        <time>2024-06-26T16:15:59.940Z</time>
      </trkpt>
      <trkpt lat="-6.591924" lon="106.943934">
        <ele>495.51</ele>
        <time>2024-06-26T16:16:16.990Z</time>
      </trkpt>
      <trkpt lat="-6.592022" lon="106.943686">
        <ele>498.32</ele>
        <time>2024-06-26T16:17:00.590Z</time>
      </trkpt>
      <trkpt lat="-6.592029" lon="106.943618">
        <ele>499.05</ele>
        <time>2024-06-26T16:17:11.757Z</time>
      </trkpt>
      <trkpt lat="-6.592021" lon="106.943558">
        <ele>499.73</ele>
        <time>2024-06-26T16:17:21.646Z</time>
      </trkpt>
      <trkpt lat="-6.591987" lon="106.943488">
        <ele>500.68</ele>
        <time>2024-06-26T16:17:34.374Z</time>
      </trkpt>
      <trkpt lat="-6.591947" lon="106.943445">
        <ele>501.42</ele>
        <time>2024-06-26T16:17:43.997Z</time>
      </trkpt>
      <trkpt lat="-6.591803" lon="106.943329">
        <ele>503.86</ele>
        <time>2024-06-26T16:18:14.325Z</time>
      </trkpt>
      <trkpt lat="-6.591505" lon="106.943198">
        <ele>508.59</ele>
        <time>2024-06-26T16:19:07.798Z</time>
      </trkpt>
      <trkpt lat="-6.591494" lon="106.943175">
        <ele>509.01</ele>
        <time>2024-06-26T16:19:11.967Z</time>
      </trkpt>
      <trkpt lat="-6.591516" lon="106.943136">
        <ele>510.05</ele>
        <time>2024-06-26T16:19:19.293Z</time>
      </trkpt>
      <trkpt lat="-6.591597" lon="106.942847">
        <ele>515.5</ele>
        <time>2024-06-26T16:20:08.346Z</time>
      </trkpt>
      <trkpt lat="-6.591649" lon="106.942496">
        <ele>519.37</ele>
        <time>2024-06-26T16:21:06.318Z</time>
      </trkpt>
      <trkpt lat="-6.591657" lon="106.942366">
        <ele>520.37</ele>
        <time>2024-06-26T16:21:27.595Z</time>
      </trkpt>
      <trkpt lat="-6.591658" lon="106.942199">
        <ele>521.38</ele>
        <time>2024-06-26T16:21:54.876Z</time>
      </trkpt>
      <trkpt lat="-6.591632" lon="106.942134">
        <ele>521.12</ele>
        <time>2024-06-26T16:22:06.322Z</time>
      </trkpt>
      <trkpt lat="-6.591548" lon="106.94202">
        <ele>519.35</ele>
        <time>2024-06-26T16:22:29.508Z</time>
      </trkpt>
      <trkpt lat="-6.591529" lon="106.941956">
        <ele>518.85</ele>
        <time>2024-06-26T16:22:40.419Z</time>
      </trkpt>
      <trkpt lat="-6.591545" lon="106.941878">
        <ele>518.72</ele>
        <time>2024-06-26T16:22:53.429Z</time>
      </trkpt>
      <trkpt lat="-6.591617" lon="106.941744">
        <ele>518.43</ele>
        <time>2024-06-26T16:23:18.315Z</time>
      </trkpt>
      <trkpt lat="-6.591658" lon="106.941705">
        <ele>518.35</ele>
        <time>2024-06-26T16:23:27.591Z</time>
      </trkpt>
      <trkpt lat="-6.591795" lon="106.941627">
        <ele>519.76</ele>
        <time>2024-06-26T16:23:53.473Z</time>
      </trkpt>
      <trkpt lat="-6.591838" lon="106.94159">
        <ele>519.9</ele>
        <time>2024-06-26T16:24:02.775Z</time>
      </trkpt>
      <trkpt lat="-6.591866" lon="106.941546">
        <ele>519.54</ele>
        <time>2024-06-26T16:24:11.311Z</time>
      </trkpt>
      <trkpt lat="-6.591912" lon="106.941434">
        <ele>517.99</ele>
        <time>2024-06-26T16:24:31.109Z</time>
      </trkpt>
      <trkpt lat="-6.59195" lon="106.941302">
        <ele>515.95</ele>
        <time>2024-06-26T16:24:53.559Z</time>
      </trkpt>
      <trkpt lat="-6.591961261457588" lon="106.94121533573941">
        <ele>514.471321638406</ele>
        <time>2024-06-26T16:25:07.836Z</time>
      </trkpt>
      <trkpt lat="-6.591973" lon="106.941125">
        <ele>512.93</ele>
        <time>2024-06-26T16:25:22.719Z</time>
      </trkpt>
      <trkpt lat="-6.591974" lon="106.94106">
        <ele>511.82</ele>
        <time>2024-06-26T16:25:33.338Z</time>
      </trkpt>
      <trkpt lat="-6.592009" lon="106.940906">
        <ele>509.42</ele>
        <time>2024-06-26T16:25:59.144Z</time>
      </trkpt>
      <trkpt lat="-6.592134" lon="106.940431">
        <ele>502.32</ele>
        <time>2024-06-26T16:27:19.414Z</time>
      </trkpt>
      <trkpt lat="-6.592182" lon="106.940337">
        <ele>502.12</ele>
        <time>2024-06-26T16:27:36.679Z</time>
      </trkpt>
      <trkpt lat="-6.592231" lon="106.940277">
        <ele>502.8</ele>
        <time>2024-06-26T16:27:49.367Z</time>
      </trkpt>
      <trkpt lat="-6.592292" lon="106.940155">
        <ele>503.72</ele>
        <time>2024-06-26T16:28:11.678Z</time>
      </trkpt>
      <trkpt lat="-6.59233" lon="106.939989">
        <ele>503.64</ele>
        <time>2024-06-26T16:28:39.505Z</time>
      </trkpt>
      <trkpt lat="-6.592346" lon="106.939974">
        <ele>503.96</ele>
        <time>2024-06-26T16:28:43.100Z</time>
      </trkpt>
      <trkpt lat="-6.592402" lon="106.939961">
        <ele>505.65</ele>
        <time>2024-06-26T16:28:52.550Z</time>
      </trkpt>
      <trkpt lat="-6.592419" lon="106.939946">
        <ele>506.12</ele>
        <time>2024-06-26T16:28:56.267Z</time>
      </trkpt>
      <trkpt lat="-6.59243" lon="106.9399">
        <ele>506.34</ele>
        <time>2024-06-26T16:29:03.996Z</time>
      </trkpt>
      <trkpt lat="-6.592434" lon="106.939781">
        <ele>505.96</ele>
        <time>2024-06-26T16:29:23.446Z</time>
      </trkpt>
      <trkpt lat="-6.592442" lon="106.939745">
        <ele>506.03</ele>
        <time>2024-06-26T16:29:29.472Z</time>
      </trkpt>
      <trkpt lat="-6.592458" lon="106.939714">
        <ele>506.43</ele>
        <time>2024-06-26T16:29:35.178Z</time>
      </trkpt>
      <trkpt lat="-6.59264" lon="106.939519">
        <ele>511.02</ele>
        <time>2024-06-26T16:30:18.886Z</time>
      </trkpt>
      <trkpt lat="-6.592675" lon="106.939493">
        <ele>511.79</ele>
        <time>2024-06-26T16:30:26.039Z</time>
      </trkpt>
      <trkpt lat="-6.592769" lon="106.93938">
        <ele>513.54</ele>
        <time>2024-06-26T16:30:50.115Z</time>
      </trkpt>
      <trkpt lat="-6.592824" lon="106.939327">
        <ele>514.36</ele>
        <time>2024-06-26T16:31:02.635Z</time>
      </trkpt>
      <trkpt lat="-6.592885" lon="106.939282">
        <ele>514.66</ele>
        <time>2024-06-26T16:31:15.071Z</time>
      </trkpt>
      <trkpt lat="-6.593264" lon="106.939089">
        <ele>516.77</ele>
        <time>2024-06-26T16:32:24.915Z</time>
      </trkpt>
      <trkpt lat="-6.593393" lon="106.939003">
        <ele>517.02</ele>
        <time>2024-06-26T16:32:50.358Z</time>
      </trkpt>
      <trkpt lat="-6.59346" lon="106.938937">
        <ele>517</ele>
        <time>2024-06-26T16:33:05.773Z</time>
      </trkpt>
      <trkpt lat="-6.593535" lon="106.938899">
        <ele>517</ele>
        <time>2024-06-26T16:33:19.580Z</time>
      </trkpt>
      <trkpt lat="-6.593598" lon="106.938853">
        <ele>517</ele>
        <time>2024-06-26T16:33:32.378Z</time>
      </trkpt>
      <trkpt lat="-6.593698" lon="106.93876">
        <ele>517.58</ele>
        <time>2024-06-26T16:33:54.765Z</time>
      </trkpt>
      <trkpt lat="-6.593718" lon="106.93868">
        <ele>518.61</ele>
        <time>2024-06-26T16:34:08.240Z</time>
      </trkpt>
      <trkpt lat="-6.593794" lon="106.938507">
        <ele>520.28</ele>
        <time>2024-06-26T16:34:39.140Z</time>
      </trkpt>
      <trkpt lat="-6.593825" lon="106.938413">
        <ele>520.92</ele>
        <time>2024-06-26T16:34:55.319Z</time>
      </trkpt>
      <trkpt lat="-6.593854" lon="106.938318">
        <ele>521.62</ele>
        <time>2024-06-26T16:35:11.554Z</time>
      </trkpt>
      <trkpt lat="-6.593898" lon="106.938095">
        <ele>523.38</ele>
        <time>2024-06-26T16:35:48.694Z</time>
      </trkpt>
      <trkpt lat="-6.593866" lon="106.937915">
        <ele>522.74</ele>
        <time>2024-06-26T16:36:18.565Z</time>
      </trkpt>
      <trkpt lat="-6.593878" lon="106.937747">
        <ele>523.03</ele>
        <time>2024-06-26T16:36:46.079Z</time>
      </trkpt>
      <trkpt lat="-6.593862" lon="106.937727">
        <ele>522.66</ele>
        <time>2024-06-26T16:36:50.273Z</time>
      </trkpt>
      <trkpt lat="-6.593855" lon="106.937638">
        <ele>522.48</ele>
        <time>2024-06-26T16:37:04.857Z</time>
      </trkpt>
      <trkpt lat="-6.593857" lon="106.937576">
        <ele>522.74</ele>
        <time>2024-06-26T16:37:14.990Z</time>
      </trkpt>
      <trkpt lat="-6.593912" lon="106.937412">
        <ele>525.23</ele>
        <time>2024-06-26T16:37:43.265Z</time>
      </trkpt>
      <trkpt lat="-6.5939" lon="106.937367">
        <ele>525.74</ele>
        <time>2024-06-26T16:37:50.876Z</time>
      </trkpt>
      <trkpt lat="-6.593757" lon="106.937233">
        <ele>525.53</ele>
        <time>2024-06-26T16:38:23.002Z</time>
      </trkpt>
      <trkpt lat="-6.59373" lon="106.937194">
        <ele>525.76</ele>
        <time>2024-06-26T16:38:30.767Z</time>
      </trkpt>
      <trkpt lat="-6.593684" lon="106.937075">
        <ele>526.88</ele>
        <time>2024-06-26T16:38:51.626Z</time>
      </trkpt>
      <trkpt lat="-6.593611" lon="106.936962">
        <ele>526.76</ele>
        <time>2024-06-26T16:39:13.645Z</time>
      </trkpt>
      <trkpt lat="-6.59335" lon="106.936675">
        <ele>522.43</ele>
        <time>2024-06-26T16:40:17.207Z</time>
      </trkpt>
      <trkpt lat="-6.593164" lon="106.936488">
        <ele>519.17</ele>
        <time>2024-06-26T16:41:00.435Z</time>
      </trkpt>
      <trkpt lat="-6.593095" lon="106.936398">
        <ele>518.17</ele>
        <time>2024-06-26T16:41:19.006Z</time>
      </trkpt>
      <trkpt lat="-6.593073" lon="106.936352">
        <ele>517.85</ele>
        <time>2024-06-26T16:41:27.345Z</time>
      </trkpt>
      <trkpt lat="-6.593049" lon="106.936252">
        <ele>517.8</ele>
        <time>2024-06-26T16:41:44.150Z</time>
      </trkpt>
      <trkpt lat="-6.593058" lon="106.935981">
        <ele>519.31</ele>
        <time>2024-06-26T16:42:28.444Z</time>
      </trkpt>
      <trkpt lat="-6.593047" lon="106.935921">
        <ele>519.29</ele>
        <time>2024-06-26T16:42:38.410Z</time>
      </trkpt>
      <trkpt lat="-6.593011" lon="106.935813">
        <ele>518.79</ele>
        <time>2024-06-26T16:42:57.019Z</time>
      </trkpt>
      <trkpt lat="-6.592931" lon="106.935636">
        <ele>517.25</ele>
        <time>2024-06-26T16:43:28.785Z</time>
      </trkpt>
      <trkpt lat="-6.592895" lon="106.935628">
        <ele>516.88</ele>
        <time>2024-06-26T16:43:34.847Z</time>
      </trkpt>
      <trkpt lat="-6.592849" lon="106.935574">
        <ele>516.17</ele>
        <time>2024-06-26T16:43:46.467Z</time>
      </trkpt>
      <trkpt lat="-6.592789" lon="106.935526">
        <ele>515.7</ele>
        <time>2024-06-26T16:43:59.069Z</time>
      </trkpt>
      <trkpt lat="-6.592679" lon="106.935485">
        <ele>514.99</ele>
        <time>2024-06-26T16:44:18.357Z</time>
      </trkpt>
      <trkpt lat="-6.592464" lon="106.935474">
        <ele>515.3</ele>
        <time>2024-06-26T16:44:53.758Z</time>
      </trkpt>
      <trkpt lat="-6.592369" lon="106.935484">
        <ele>515.6</ele>
        <time>2024-06-26T16:45:09.465Z</time>
      </trkpt>
      <trkpt lat="-6.592264" lon="106.935457">
        <ele>515.28</ele>
        <time>2024-06-26T16:45:27.286Z</time>
      </trkpt>
      <trkpt lat="-6.592246" lon="106.935445">
        <ele>515.19</ele>
        <time>2024-06-26T16:45:30.836Z</time>
      </trkpt>
      <trkpt lat="-6.592201" lon="106.935391">
        <ele>515.02</ele>
        <time>2024-06-26T16:45:42.350Z</time>
      </trkpt>
      <trkpt lat="-6.592071" lon="106.935161">
        <ele>511.5</ele>
        <time>2024-06-26T16:46:25.578Z</time>
      </trkpt>
      <trkpt lat="-6.592028" lon="106.935098">
        <ele>511.09</ele>
        <time>2024-06-26T16:46:38.064Z</time>
      </trkpt>
      <trkpt lat="-6.591964" lon="106.935047">
        <ele>511.07</ele>
        <time>2024-06-26T16:46:51.486Z</time>
      </trkpt>
      <trkpt lat="-6.591855" lon="106.934995">
        <ele>510.91</ele>
        <time>2024-06-26T16:47:11.321Z</time>
      </trkpt>
      <trkpt lat="-6.591811" lon="106.934958">
        <ele>510.84</ele>
        <time>2024-06-26T16:47:20.748Z</time>
      </trkpt>
      <trkpt lat="-6.591737" lon="106.934845">
        <ele>511.04</ele>
        <time>2024-06-26T16:47:42.857Z</time>
      </trkpt>
      <trkpt lat="-6.591711" lon="106.934763">
        <ele>511.55</ele>
        <time>2024-06-26T16:47:56.918Z</time>
      </trkpt>
      <trkpt lat="-6.591658" lon="106.93474">
        <ele>512.31</ele>
        <time>2024-06-26T16:48:06.408Z</time>
      </trkpt>
      <trkpt lat="-6.591596" lon="106.934681">
        <ele>513.06</ele>
        <time>2024-06-26T16:48:20.437Z</time>
      </trkpt>
      <trkpt lat="-6.591584283478043" lon="106.93463580770104">
        <ele>514.0642733081373</ele>
        <time>2024-06-26T16:48:28.054Z</time>
      </trkpt>
      <trkpt lat="-6.591584283478043" lon="106.93463580770104">
        <ele>511.6831955781513</ele>
        <time>2024-06-26T16:48:28.054Z</time>
      </trkpt>
      <trkpt lat="-6.591180195929383" lon="106.9344372453529">
        <ele>509.4066395107657</ele>
        <time>2024-06-26T16:49:41.882Z</time>
      </trkpt>
      <trkpt lat="-6.590859493941991" lon="106.93427965737504">
        <ele>504.75876401565984</ele>
        <time>2024-06-26T16:50:40.475Z</time>
      </trkpt>
      <trkpt lat="-6.5905338779483165" lon="106.9339674838895">
        <ele>505.9010032844649</ele>
        <time>2024-06-26T16:51:54.303Z</time>
      </trkpt>
      <trkpt lat="-6.590502748352847" lon="106.93393763942697">
        <ele>505.86882469748775</ele>
        <time>2024-06-26T16:52:01.361Z</time>
      </trkpt>
      <trkpt lat="-6.590502748352847" lon="106.93393763942697">
        <ele>505.86882469748775</ele>
        <time>2024-06-26T16:52:01.361Z</time>
      </trkpt>
      <trkpt lat="-6.590502748352847" lon="106.93393763942697">
        <ele>505.86882469748775</ele>
        <time>2024-06-26T16:52:01.361Z</time>
      </trkpt>
      <trkpt lat="-6.590126108219604" lon="106.93369037065351">
        <ele>505.6314917417351</ele>
        <time>2024-06-26T16:53:14.937Z</time>
      </trkpt>
      <trkpt lat="-6.590112026697" lon="106.93368112596471">
        <ele>505.506204757762</ele>
        <time>2024-06-26T16:53:17.688Z</time>
      </trkpt>
      <trkpt lat="-6.590112026697" lon="106.93368112596471">
        <ele>505.506204757762</ele>
        <time>2024-06-26T16:53:17.688Z</time>
      </trkpt>
      <trkpt lat="-6.5897314070007695" lon="106.93392214025825">
        <ele>507.0031120323619</ele>
        <time>2024-06-26T16:54:31.288Z</time>
      </trkpt>
      <trkpt lat="-6.5893507873045385" lon="106.9341631545518">
        <ele>502.0785754100635</ele>
        <time>2024-06-26T16:55:44.888Z</time>
      </trkpt>
      <trkpt lat="-6.589058775485228" lon="106.93434806096371">
        <ele>500.0405451939441</ele>
        <time>2024-06-26T16:56:41.357Z</time>
      </trkpt>
      <trkpt lat="-6.589058775485228" lon="106.93434806096371">
        <ele>500.0405451939441</ele>
        <time>2024-06-26T16:56:41.357Z</time>
      </trkpt>
      <trkpt lat="-6.58861167425017" lon="106.93429983876136">
        <ele>494.9755518321724</ele>
        <time>2024-06-26T16:57:54.961Z</time>
      </trkpt>
      <trkpt lat="-6.588583112913739" lon="106.93429675827213">
        <ele>494.61083091033186</ele>
        <time>2024-06-26T16:57:59.662Z</time>
      </trkpt>
      <trkpt lat="-6.588583112913739" lon="106.93429675827213">
        <ele>494.61083091033186</ele>
        <time>2024-06-26T16:57:59.662Z</time>
      </trkpt>
      <trkpt lat="-6.588183716807094" lon="106.93408880075633">
        <ele>490.21805541217327</ele>
        <time>2024-06-26T16:59:13.267Z</time>
      </trkpt>
      <trkpt lat="-6.588090461913893" lon="106.93404024480998">
        <ele>488.9257233555189</ele>
        <time>2024-06-26T16:59:30.457Z</time>
      </trkpt>
      <trkpt lat="-6.588090461913893" lon="106.93404024480998">
        <ele>488.9257233555189</ele>
        <time>2024-06-26T16:59:30.457Z</time>
      </trkpt>
      <trkpt lat="-6.587642789453581" lon="106.9339977308629">
        <ele>478.98854943542017</ele>
        <time>2024-06-26T17:00:44.079Z</time>
      </trkpt>
      <trkpt lat="-6.58719511699327" lon="106.9339552169158">
        <ele>473.7890997820867</ele>
        <time>2024-06-26T17:01:57.701Z</time>
      </trkpt>
      <trkpt lat="-6.587190098475389" lon="106.93395474032405">
        <ele>473.7674809319634</ele>
        <time>2024-06-26T17:01:58.526Z</time>
      </trkpt>
      <trkpt lat="-6.587190098475389" lon="106.93395474032405">
        <ele>473.7674809319634</ele>
        <time>2024-06-26T17:01:58.526Z</time>
      </trkpt>
      <trkpt lat="-6.587024998305206" lon="106.93353370718883">
        <ele>469.92100176491937</ele>
        <time>2024-06-26T17:03:12.147Z</time>
      </trkpt>
      <trkpt lat="-6.58693527833843" lon="106.93330490621992">
        <ele>468.37225290779895</ele>
        <time>2024-06-26T17:03:52.155Z</time>
      </trkpt>
      <trkpt lat="-6.586786033330603" lon="106.93287791776379">
        <ele>467.95138247061004</ele>
        <time>2024-06-26T17:05:05.776Z</time>
      </trkpt>
      <trkpt lat="-6.586636788322776" lon="106.93245092930768">
        <ele>464.1185170840472</ele>
        <time>2024-06-26T17:06:19.397Z</time>
      </trkpt>
      <trkpt lat="-6.586612505975708" lon="106.9323814577586">
        <ele>463.4515096636024</ele>
        <time>2024-06-26T17:06:31.375Z</time>
      </trkpt>
      <trkpt lat="-6.586612505975708" lon="106.9323814577586">
        <ele>463.4515096636024</ele>
        <time>2024-06-26T17:06:31.375Z</time>
      </trkpt>
      <trkpt lat="-6.586763" lon="106.932359">
        <ele>460.88</ele>
        <time>2024-06-26T17:06:56.240Z</time>
      </trkpt>
      <trkpt lat="-6.586714" lon="106.932029">
        <ele>457.87</ele>
        <time>2024-06-26T17:07:50.635Z</time>
      </trkpt>
      <trkpt lat="-6.586837" lon="106.932018">
        <ele>455.23</ele>
        <time>2024-06-26T17:08:10.899Z</time>
      </trkpt>
      <trkpt lat="-6.586878" lon="106.932029">
        <ele>454.54</ele>
        <time>2024-06-26T17:08:17.862Z</time>
      </trkpt>
      <trkpt lat="-6.58705" lon="106.932155">
        <ele>452.69</ele>
        <time>2024-06-26T17:08:52.771Z</time>
      </trkpt>
      <trkpt lat="-6.587095" lon="106.932167">
        <ele>451.59</ele>
        <time>2024-06-26T17:09:00.410Z</time>
      </trkpt>
      <trkpt lat="-6.587114" lon="106.932161">
        <ele>450.91</ele>
        <time>2024-06-26T17:09:03.677Z</time>
      </trkpt>
      <trkpt lat="-6.58713" lon="106.93215">
        <ele>450.25</ele>
        <time>2024-06-26T17:09:06.856Z</time>
      </trkpt>
      <trkpt lat="-6.587378" lon="106.93164">
        <ele>429.4</ele>
        <time>2024-06-26T17:10:39.425Z</time>
      </trkpt>
      <trkpt lat="-6.587402" lon="106.931626">
        <ele>428.77</ele>
        <time>2024-06-26T17:10:43.977Z</time>
      </trkpt>
      <trkpt lat="-6.587434" lon="106.931623">
        <ele>428.47</ele>
        <time>2024-06-26T17:10:49.251Z</time>
      </trkpt>
      <trkpt lat="-6.587542" lon="106.931655">
        <ele>428.29</ele>
        <time>2024-06-26T17:11:07.726Z</time>
      </trkpt>
      <trkpt lat="-6.587583" lon="106.931659">
        <ele>428.12</ele>
        <time>2024-06-26T17:11:14.485Z</time>
      </trkpt>
      <trkpt lat="-6.588057" lon="106.931686">
        <ele>428.51</ele>
        <time>2024-06-26T17:12:32.396Z</time>
      </trkpt>
      <trkpt lat="-6.58811" lon="106.931683">
        <ele>428.92</ele>
        <time>2024-06-26T17:12:41.107Z</time>
      </trkpt>
      <trkpt lat="-6.588134" lon="106.931672">
        <ele>429.08</ele>
        <time>2024-06-26T17:12:45.434Z</time>
      </trkpt>
      <trkpt lat="-6.588237" lon="106.931513">
        <ele>430.42</ele>
        <time>2024-06-26T17:13:16.379Z</time>
      </trkpt>
      <trkpt lat="-6.588276" lon="106.931466">
        <ele>431.29</ele>
        <time>2024-06-26T17:13:26.362Z</time>
      </trkpt>
      <trkpt lat="-6.588301" lon="106.93141">
        <ele>432.16</ele>
        <time>2024-06-26T17:13:36.370Z</time>
      </trkpt>
      <trkpt lat="-6.588312" lon="106.931365">
        <ele>432.89</ele>
        <time>2024-06-26T17:13:43.924Z</time>
      </trkpt>
      <trkpt lat="-6.588316" lon="106.93108">
        <ele>437.22</ele>
        <time>2024-06-26T17:14:30.390Z</time>
      </trkpt>
      <trkpt lat="-6.588297" lon="106.930888">
        <ele>441.27</ele>
        <time>2024-06-26T17:15:01.845Z</time>
      </trkpt>
      <trkpt lat="-6.588253" lon="106.930685">
        <ele>444.92</ele>
        <time>2024-06-26T17:15:35.717Z</time>
      </trkpt>
      <trkpt lat="-6.588254" lon="106.930533">
        <ele>447.69</ele>
        <time>2024-06-26T17:16:00.497Z</time>
      </trkpt>
      <trkpt lat="-6.588239" lon="106.930358">
        <ele>450.31</ele>
        <time>2024-06-26T17:16:29.132Z</time>
      </trkpt>
      <trkpt lat="-6.588266" lon="106.930289">
        <ele>451.74</ele>
        <time>2024-06-26T17:16:41.221Z</time>
      </trkpt>
      <trkpt lat="-6.588313" lon="106.930211">
        <ele>453.74</ele>
        <time>2024-06-26T17:16:56.093Z</time>
      </trkpt>
      <trkpt lat="-6.588368" lon="106.930024">
        <ele>456.74</ele>
        <time>2024-06-26T17:17:27.886Z</time>
      </trkpt>
      <trkpt lat="-6.588382" lon="106.929946">
        <ele>456.74</ele>
        <time>2024-06-26T17:17:40.807Z</time>
      </trkpt>
      <trkpt lat="-6.588385" lon="106.929839">
        <ele>456.43</ele>
        <time>2024-06-26T17:17:58.257Z</time>
      </trkpt>
      <trkpt lat="-6.588372" lon="106.929696">
        <ele>456.12</ele>
        <time>2024-06-26T17:18:21.666Z</time>
      </trkpt>
      <trkpt lat="-6.588332" lon="106.929508">
        <ele>455.64</ele>
        <time>2024-06-26T17:18:53.009Z</time>
      </trkpt>
      <trkpt lat="-6.588295" lon="106.929273">
        <ele>455.45</ele>
        <time>2024-06-26T17:19:31.798Z</time>
      </trkpt>
      <trkpt lat="-6.58829" lon="106.929162">
        <ele>456</ele>
        <time>2024-06-26T17:19:49.912Z</time>
      </trkpt>
      <trkpt lat="-6.588294" lon="106.929071">
        <ele>456.61</ele>
        <time>2024-06-26T17:20:04.761Z</time>
      </trkpt>
      <trkpt lat="-6.588328" lon="106.928938">
        <ele>458.16</ele>
        <time>2024-06-26T17:20:27.149Z</time>
      </trkpt>
      <trkpt lat="-6.588337" lon="106.928871">
        <ele>458.85</ele>
        <time>2024-06-26T17:20:38.171Z</time>
      </trkpt>
      <trkpt lat="-6.588326" lon="106.928825">
        <ele>459.08</ele>
        <time>2024-06-26T17:20:45.884Z</time>
      </trkpt>
      <trkpt lat="-6.588265" lon="106.928675">
        <ele>459.88</ele>
        <time>2024-06-26T17:21:12.307Z</time>
      </trkpt>
      <trkpt lat="-6.58826" lon="106.92864">
        <ele>460.09</ele>
        <time>2024-06-26T17:21:18.071Z</time>
      </trkpt>
      <trkpt lat="-6.588264" lon="106.928574">
        <ele>460.28</ele>
        <time>2024-06-26T17:21:28.850Z</time>
      </trkpt>
      <trkpt lat="-6.588312" lon="106.928467">
        <ele>459.43</ele>
        <time>2024-06-26T17:21:47.989Z</time>
      </trkpt>
      <trkpt lat="-6.588357" lon="106.928499">
        <ele>459.13</ele>
        <time>2024-06-26T17:21:57.030Z</time>
      </trkpt>
      <trkpt lat="-6.588345281457521" lon="106.92851665493708">
        <ele>459.3799783233746</ele>
        <time>2024-06-26T17:22:00.491Z</time>
      </trkpt>
      <trkpt lat="-6.588357" lon="106.928499">
        <ele>459.13</ele>
        <time>2024-06-26T17:22:03.952Z</time>
      </trkpt>
      <trkpt lat="-6.588458" lon="106.928569">
        <ele>458.46</ele>
        <time>2024-06-26T17:22:24.075Z</time>
      </trkpt>
      <trkpt lat="-6.588549" lon="106.928645">
        <ele>458.89</ele>
        <time>2024-06-26T17:22:43.479Z</time>
      </trkpt>
      <trkpt lat="-6.588588" lon="106.928688">
        <ele>459.16</ele>
        <time>2024-06-26T17:22:52.971Z</time>
      </trkpt>
      <trkpt lat="-6.588656" lon="106.928807">
        <ele>460.07</ele>
        <time>2024-06-26T17:23:15.352Z</time>
      </trkpt>
      <trkpt lat="-6.588717" lon="106.928877">
        <ele>460.99</ele>
        <time>2024-06-26T17:23:30.532Z</time>
      </trkpt>
      <trkpt lat="-6.588759" lon="106.928916">
        <ele>461.92</ele>
        <time>2024-06-26T17:23:39.909Z</time>
      </trkpt>
      <trkpt lat="-6.588801" lon="106.928946">
        <ele>462.95</ele>
        <time>2024-06-26T17:23:48.360Z</time>
      </trkpt>
      <trkpt lat="-6.588878" lon="106.928978">
        <ele>464.56</ele>
        <time>2024-06-26T17:24:02.031Z</time>
      </trkpt>
      <trkpt lat="-6.58897" lon="106.928992">
        <ele>466.01</ele>
        <time>2024-06-26T17:24:17.300Z</time>
      </trkpt>
      <trkpt lat="-6.589143" lon="106.929229">
        <ele>478.2</ele>
        <time>2024-06-26T17:25:05.247Z</time>
      </trkpt>
      <trkpt lat="-6.589413" lon="106.929221">
        <ele>483.3</ele>
        <time>2024-06-26T17:25:49.576Z</time>
      </trkpt>
      <trkpt lat="-6.589461" lon="106.929212">
        <ele>483.79</ele>
        <time>2024-06-26T17:25:57.588Z</time>
      </trkpt>
      <trkpt lat="-6.589504" lon="106.929189">
        <ele>483.61</ele>
        <time>2024-06-26T17:26:05.579Z</time>
      </trkpt>
      <trkpt lat="-6.589589" lon="106.929103">
        <ele>480.72</ele>
        <time>2024-06-26T17:26:25.356Z</time>
      </trkpt>
      <trkpt lat="-6.589691" lon="106.928963">
        <ele>473.79</ele>
        <time>2024-06-26T17:26:53.660Z</time>
      </trkpt>
      <trkpt lat="-6.589829" lon="106.928966">
        <ele>473.78</ele>
        <time>2024-06-26T17:27:16.312Z</time>
      </trkpt>
      <trkpt lat="-6.590001" lon="106.928988">
        <ele>473.84</ele>
        <time>2024-06-26T17:27:44.766Z</time>
      </trkpt>
      <trkpt lat="-6.590066" lon="106.928987">
        <ele>473.52</ele>
        <time>2024-06-26T17:27:55.434Z</time>
      </trkpt>
      <trkpt lat="-6.590102" lon="106.928977">
        <ele>473</ele>
        <time>2024-06-26T17:28:01.562Z</time>
      </trkpt>
      <trkpt lat="-6.590175" lon="106.928932">
        <ele>471.18</ele>
        <time>2024-06-26T17:28:15.609Z</time>
      </trkpt>
      <trkpt lat="-6.590445" lon="106.928671">
        <ele>464.1</ele>
        <time>2024-06-26T17:29:17.041Z</time>
      </trkpt>
      <trkpt lat="-6.590574" lon="106.928574">
        <ele>461.77</ele>
        <time>2024-06-26T17:29:43.465Z</time>
      </trkpt>
      <trkpt lat="-6.590642" lon="106.928557">
        <ele>461.55</ele>
        <time>2024-06-26T17:29:54.963Z</time>
      </trkpt>
      <trkpt lat="-6.590695" lon="106.928556">
        <ele>461.59</ele>
        <time>2024-06-26T17:30:03.662Z</time>
      </trkpt>
      <trkpt lat="-6.590766" lon="106.92857">
        <ele>461.91</ele>
        <time>2024-06-26T17:30:15.535Z</time>
      </trkpt>
      <trkpt lat="-6.590857" lon="106.928604">
        <ele>461.88</ele>
        <time>2024-06-26T17:30:31.464Z</time>
      </trkpt>
      <trkpt lat="-6.590941" lon="106.928656">
        <ele>462.06</ele>
        <time>2024-06-26T17:30:47.647Z</time>
      </trkpt>
      <trkpt lat="-6.591002" lon="106.928715">
        <ele>462.54</ele>
        <time>2024-06-26T17:31:01.529Z</time>
      </trkpt>
      <trkpt lat="-6.591026" lon="106.928766">
        <ele>463.16</ele>
        <time>2024-06-26T17:31:10.729Z</time>
      </trkpt>
      <trkpt lat="-6.591052" lon="106.928823">
        <ele>463.85</ele>
        <time>2024-06-26T17:31:20.954Z</time>
      </trkpt>
      <trkpt lat="-6.591083" lon="106.928861">
        <ele>464.06</ele>
        <time>2024-06-26T17:31:28.970Z</time>
      </trkpt>
      <trkpt lat="-6.59114" lon="106.928898">
        <ele>463.77</ele>
        <time>2024-06-26T17:31:40.100Z</time>
      </trkpt>
      <trkpt lat="-6.591279" lon="106.928965">
        <ele>462.11</ele>
        <time>2024-06-26T17:32:05.391Z</time>
      </trkpt>
      <trkpt lat="-6.591326" lon="106.928998">
        <ele>461.69</ele>
        <time>2024-06-26T17:32:14.795Z</time>
      </trkpt>
      <trkpt lat="-6.591363" lon="106.929073">
        <ele>462.29</ele>
        <time>2024-06-26T17:32:28.446Z</time>
      </trkpt>
      <trkpt lat="-6.59137" lon="106.929175">
        <ele>463.95</ele>
        <time>2024-06-26T17:32:45.114Z</time>
      </trkpt>
      <trkpt lat="-6.5914" lon="106.929257">
        <ele>464.4</ele>
        <time>2024-06-26T17:32:59.360Z</time>
      </trkpt>
      <trkpt lat="-6.591463" lon="106.929364">
        <ele>464.61</ele>
        <time>2024-06-26T17:33:19.637Z</time>
      </trkpt>
      <trkpt lat="-6.591599" lon="106.929559">
        <ele>466.08</ele>
        <time>2024-06-26T17:33:58.479Z</time>
      </trkpt>
      <trkpt lat="-6.591691" lon="106.929651">
        <ele>466.54</ele>
        <time>2024-06-26T17:34:19.760Z</time>
      </trkpt>
      <trkpt lat="-6.591751" lon="106.929689">
        <ele>466.95</ele>
        <time>2024-06-26T17:34:31.393Z</time>
      </trkpt>
      <trkpt lat="-6.591835" lon="106.929714">
        <ele>467.32</ele>
        <time>2024-06-26T17:34:45.768Z</time>
      </trkpt>
      <trkpt lat="-6.591961" lon="106.929712">
        <ele>468.77</ele>
        <time>2024-06-26T17:35:06.448Z</time>
      </trkpt>
      <trkpt lat="-6.592258" lon="106.929746">
        <ele>472.95</ele>
        <time>2024-06-26T17:35:55.503Z</time>
      </trkpt>
      <trkpt lat="-6.59228" lon="106.929758">
        <ele>473.4</ele>
        <time>2024-06-26T17:35:59.609Z</time>
      </trkpt>
      <trkpt lat="-6.592302" lon="106.929801">
        <ele>474.4</ele>
        <time>2024-06-26T17:36:07.494Z</time>
      </trkpt>
      <trkpt lat="-6.592304" lon="106.929822">
        <ele>474.81</ele>
        <time>2024-06-26T17:36:10.933Z</time>
      </trkpt>
      <trkpt lat="-6.592274" lon="106.929978">
        <ele>477.42</ele>
        <time>2024-06-26T17:36:36.837Z</time>
      </trkpt>
      <trkpt lat="-6.592277" lon="106.930008">
        <ele>478.04</ele>
        <time>2024-06-26T17:36:41.752Z</time>
      </trkpt>
      <trkpt lat="-6.59229" lon="106.930036">
        <ele>478.64</ele>
        <time>2024-06-26T17:36:46.790Z</time>
      </trkpt>
      <trkpt lat="-6.59233" lon="106.930077">
        <ele>480.05</ele>
        <time>2024-06-26T17:36:56.158Z</time>
      </trkpt>
      <trkpt lat="-6.592435" lon="106.930156">
        <ele>482.56</ele>
        <time>2024-06-26T17:37:17.670Z</time>
      </trkpt>
      <trkpt lat="-6.592579" lon="106.930264">
        <ele>484.8</ele>
        <time>2024-06-26T17:37:47.139Z</time>
      </trkpt>
      <trkpt lat="-6.59269" lon="106.930338">
        <ele>485.42</ele>
        <time>2024-06-26T17:38:08.987Z</time>
      </trkpt>
      <trkpt lat="-6.592723" lon="106.930394">
        <ele>485.82</ele>
        <time>2024-06-26T17:38:19.601Z</time>
      </trkpt>
      <trkpt lat="-6.592717" lon="106.93047">
        <ele>486.29</ele>
        <time>2024-06-26T17:38:32.030Z</time>
      </trkpt>
      <trkpt lat="-6.592723" lon="106.930474">
        <ele>486.28</ele>
        <time>2024-06-26T17:38:33.211Z</time>
      </trkpt>
      <trkpt lat="-6.592722692799066" lon="106.93047499368339">
        <ele>486.2816771937499</ele>
        <time>2024-06-26T17:38:33.380Z</time>
      </trkpt>
      <trkpt lat="-6.592888" lon="106.93062">
        <ele>486.04</ele>
        <time>2024-06-26T17:39:09.363Z</time>
      </trkpt>
      <trkpt lat="-6.592763006785987" lon="106.93074761595409">
        <ele>483.85528886531</ele>
        <time>2024-06-26T17:39:38.643Z</time>
      </trkpt>
      <trkpt lat="-6.592888" lon="106.93062">
        <ele>486.04</ele>
        <time>2024-06-26T17:40:07.923Z</time>
      </trkpt>
      <trkpt lat="-6.593008" lon="106.930739">
        <ele>485.99</ele>
        <time>2024-06-26T17:40:35.626Z</time>
      </trkpt>
      <trkpt lat="-6.593085" lon="106.930795">
        <ele>486.29</ele>
        <time>2024-06-26T17:40:51.249Z</time>
      </trkpt>
      <trkpt lat="-6.593216" lon="106.930865">
        <ele>487.97</ele>
        <time>2024-06-26T17:41:15.641Z</time>
      </trkpt>
      <trkpt lat="-6.593345" lon="106.930888">
        <ele>490.47</ele>
        <time>2024-06-26T17:41:37.187Z</time>
      </trkpt>
      <trkpt lat="-6.593495" lon="106.930997">
        <ele>495.74</ele>
        <time>2024-06-26T17:42:07.613Z</time>
      </trkpt>
      <trkpt lat="-6.593573" lon="106.9312">
        <ele>502.63</ele>
        <time>2024-06-26T17:42:43.173Z</time>
      </trkpt>
      <trkpt lat="-6.593658" lon="106.931463">
        <ele>510.39</ele>
        <time>2024-06-26T17:43:28.358Z</time>
      </trkpt>
      <trkpt lat="-6.593953" lon="106.931415">
        <ele>519.77</ele>
        <time>2024-06-26T17:44:17.505Z</time>
      </trkpt>
      <trkpt lat="-6.594248" lon="106.931366">
        <ele>525.09</ele>
        <time>2024-06-26T17:45:06.678Z</time>
      </trkpt>
      <trkpt lat="-6.594373" lon="106.93133">
        <ele>527.54</ele>
        <time>2024-06-26T17:45:28.061Z</time>
      </trkpt>
      <trkpt lat="-6.594531" lon="106.931334">
        <ele>531.38</ele>
        <time>2024-06-26T17:45:54.055Z</time>
      </trkpt>
      <trkpt lat="-6.594628" lon="106.931257">
        <ele>532.74</ele>
        <time>2024-06-26T17:46:14.371Z</time>
      </trkpt>
      <trkpt lat="-6.595233" lon="106.931362">
        <ele>544.31</ele>
        <time>2024-06-26T17:47:55.341Z</time>
      </trkpt>
      <trkpt lat="-6.595326" lon="106.93148">
        <ele>544.92</ele>
        <time>2024-06-26T17:48:19.950Z</time>
      </trkpt>
      <trkpt lat="-6.595504" lon="106.931468">
        <ele>545.43</ele>
        <time>2024-06-26T17:48:49.290Z</time>
      </trkpt>
      <trkpt lat="-6.595779" lon="106.931314">
        <ele>550.93</ele>
        <time>2024-06-26T17:49:41.045Z</time>
      </trkpt>
      <trkpt lat="-6.596041" lon="106.931291">
        <ele>554.11</ele>
        <time>2024-06-26T17:50:24.298Z</time>
      </trkpt>
      <trkpt lat="-6.596304" lon="106.931269">
        <ele>555.17</ele>
        <time>2024-06-26T17:51:07.701Z</time>
      </trkpt>
      <trkpt lat="-6.59638" lon="106.931167">
        <ele>555.48</ele>
        <time>2024-06-26T17:51:28.532Z</time>
      </trkpt>
      <trkpt lat="-6.596835" lon="106.931005">
        <ele>556.83</ele>
        <time>2024-06-26T17:52:47.907Z</time>
      </trkpt>
      <trkpt lat="-6.597063" lon="106.930923">
        <ele>560.02</ele>
        <time>2024-06-26T17:53:27.726Z</time>
      </trkpt>
      <trkpt lat="-6.597422" lon="106.930854">
        <ele>568.53</ele>
        <time>2024-06-26T17:54:27.836Z</time>
      </trkpt>
      <trkpt lat="-6.597528" lon="106.930917">
        <ele>572.99</ele>
        <time>2024-06-26T17:54:48.081Z</time>
      </trkpt>
      <trkpt lat="-6.597643" lon="106.930962">
        <ele>576.95</ele>
        <time>2024-06-26T17:55:08.373Z</time>
      </trkpt>
      <trkpt lat="-6.597715" lon="106.930963">
        <ele>579.06</ele>
        <time>2024-06-26T17:55:20.215Z</time>
      </trkpt>
      <trkpt lat="-6.597735" lon="106.931012">
        <ele>580.21</ele>
        <time>2024-06-26T17:55:28.869Z</time>
      </trkpt>
      <trkpt lat="-6.597814" lon="106.931058">
        <ele>583.1</ele>
        <time>2024-06-26T17:55:43.878Z</time>
      </trkpt>
      <trkpt lat="-6.598028" lon="106.931038">
        <ele>591</ele>
        <time>2024-06-26T17:56:19.225Z</time>
      </trkpt>
      <trkpt lat="-6.598033" lon="106.931055">
        <ele>591.23</ele>
        <time>2024-06-26T17:56:22.121Z</time>
      </trkpt>
      <trkpt lat="-6.598013" lon="106.931099">
        <ele>589.73</ele>
        <time>2024-06-26T17:56:30.026Z</time>
      </trkpt>
      <trkpt lat="-6.598063" lon="106.931119">
        <ele>591.12</ele>
        <time>2024-06-26T17:56:38.874Z</time>
      </trkpt>
      <trkpt lat="-6.59842" lon="106.930988">
        <ele>608</ele>
        <time>2024-06-26T17:57:41.367Z</time>
      </trkpt>
      <trkpt lat="-6.598516" lon="106.930932">
        <ele>612.46</ele>
        <time>2024-06-26T17:57:59.615Z</time>
      </trkpt>
      <trkpt lat="-6.598562" lon="106.930857">
        <ele>613.88</ele>
        <time>2024-06-26T17:58:14.015Z</time>
      </trkpt>
      <trkpt lat="-6.598624" lon="106.930841">
        <ele>614.94</ele>
        <time>2024-06-26T17:58:24.541Z</time>
      </trkpt>
      <trkpt lat="-6.59874" lon="106.930821">
        <ele>615.96</ele>
        <time>2024-06-26T17:58:43.897Z</time>
      </trkpt>
      <trkpt lat="-6.598898" lon="106.930842">
        <ele>616.59</ele>
        <time>2024-06-26T17:59:10.108Z</time>
      </trkpt>
      <trkpt lat="-6.599085" lon="106.930851">
        <ele>617.61</ele>
        <time>2024-06-26T17:59:40.898Z</time>
      </trkpt>
      <trkpt lat="-6.599237" lon="106.93077">
        <ele>619.95</ele>
        <time>2024-06-26T18:00:09.183Z</time>
      </trkpt>
      <trkpt lat="-6.599444" lon="106.93078">
        <ele>623.36</ele>
        <time>2024-06-26T18:00:43.266Z</time>
      </trkpt>
      <trkpt lat="-6.599564" lon="106.93068">
        <ele>627.84</ele>
        <time>2024-06-26T18:01:08.886Z</time>
      </trkpt>
      <trkpt lat="-6.599658" lon="106.930657">
        <ele>630.43</ele>
        <time>2024-06-26T18:01:24.796Z</time>
      </trkpt>
      <trkpt lat="-6.59973" lon="106.93049">
        <ele>634.87</ele>
        <time>2024-06-26T18:01:54.538Z</time>
      </trkpt>
      <trkpt lat="-6.600075" lon="106.930436">
        <ele>641.42</ele>
        <time>2024-06-26T18:02:51.960Z</time>
      </trkpt>
      <trkpt lat="-6.60067" lon="106.930174">
        <ele>660.04</ele>
        <time>2024-06-26T18:04:38.770Z</time>
      </trkpt>
      <trkpt lat="-6.600794" lon="106.930002">
        <ele>665.07</ele>
        <time>2024-06-26T18:05:13.491Z</time>
      </trkpt>
      <trkpt lat="-6.60099" lon="106.929886">
        <ele>669.61</ele>
        <time>2024-06-26T18:05:50.884Z</time>
      </trkpt>
      <trkpt lat="-6.601384" lon="106.92984">
        <ele>681.48</ele>
        <time>2024-06-26T18:06:56.118Z</time>
      </trkpt>
      <trkpt lat="-6.601583" lon="106.929803">
        <ele>686.65</ele>
        <time>2024-06-26T18:07:29.400Z</time>
      </trkpt>
      <trkpt lat="-6.601661" lon="106.929745">
        <ele>688.62</ele>
        <time>2024-06-26T18:07:45.348Z</time>
      </trkpt>
      <trkpt lat="-6.601866" lon="106.929747">
        <ele>691.38</ele>
        <time>2024-06-26T18:08:19.065Z</time>
      </trkpt>
      <trkpt lat="-6.601981" lon="106.929719">
        <ele>693.24</ele>
        <time>2024-06-26T18:08:38.524Z</time>
      </trkpt>
      <trkpt lat="-6.602182" lon="106.929573">
        <ele>697.18</ele>
        <time>2024-06-26T18:09:19.289Z</time>
      </trkpt>
      <trkpt lat="-6.602223" lon="106.929571">
        <ele>697.8</ele>
        <time>2024-06-26T18:09:26.040Z</time>
      </trkpt>
      <trkpt lat="-6.602394" lon="106.929467">
        <ele>700.93</ele>
        <time>2024-06-26T18:09:58.898Z</time>
      </trkpt>
      <trkpt lat="-6.60255" lon="106.929327">
        <ele>703.95</ele>
        <time>2024-06-26T18:10:33.270Z</time>
      </trkpt>
      <trkpt lat="-6.602758" lon="106.929295">
        <ele>709.56</ele>
        <time>2024-06-26T18:11:07.876Z</time>
      </trkpt>
      <trkpt lat="-6.602993" lon="106.929235">
        <ele>717.92</ele>
        <time>2024-06-26T18:11:47.749Z</time>
      </trkpt>
      <trkpt lat="-6.60309" lon="106.929174">
        <ele>721.46</ele>
        <time>2024-06-26T18:12:06.559Z</time>
      </trkpt>
      <trkpt lat="-6.603285" lon="106.929135">
        <ele>730.42</ele>
        <time>2024-06-26T18:12:39.256Z</time>
      </trkpt>
      <trkpt lat="-6.603408" lon="106.929142">
        <ele>737.6</ele>
        <time>2024-06-26T18:12:59.517Z</time>
      </trkpt>
      <trkpt lat="-6.603567" lon="106.929012">
        <ele>745.44</ele>
        <time>2024-06-26T18:13:33.205Z</time>
      </trkpt>
      <trkpt lat="-6.6037" lon="106.92903">
        <ele>752.17</ele>
        <time>2024-06-26T18:13:55.275Z</time>
      </trkpt>
      <trkpt lat="-6.603825" lon="106.928984">
        <ele>757.25</ele>
        <time>2024-06-26T18:14:17.163Z</time>
      </trkpt>
      <trkpt lat="-6.603984" lon="106.928956">
        <ele>763.83</ele>
        <time>2024-06-26T18:14:43.710Z</time>
      </trkpt>
      <trkpt lat="-6.604244" lon="106.928803">
        <ele>770.78</ele>
        <time>2024-06-26T18:15:33.241Z</time>
      </trkpt>
      <trkpt lat="-6.604504" lon="106.92865">
        <ele>774.69</ele>
        <time>2024-06-26T18:16:22.772Z</time>
      </trkpt>
      <trkpt lat="-6.604569" lon="106.928573">
        <ele>776.04</ele>
        <time>2024-06-26T18:16:39.280Z</time>
      </trkpt>
      <trkpt lat="-6.604622" lon="106.928476">
        <ele>779.21</ele>
        <time>2024-06-26T18:16:57.366Z</time>
      </trkpt>
      <trkpt lat="-6.604656" lon="106.928388">
        <ele>781.46</ele>
        <time>2024-06-26T18:17:12.792Z</time>
      </trkpt>
      <trkpt lat="-6.604684" lon="106.928276">
        <ele>783.27</ele>
        <time>2024-06-26T18:17:31.660Z</time>
      </trkpt>
      <trkpt lat="-6.604807" lon="106.928185">
        <ele>786.43</ele>
        <time>2024-06-26T18:17:56.765Z</time>
      </trkpt>
      <trkpt lat="-6.60491" lon="106.92815">
        <ele>788.65</ele>
        <time>2024-06-26T18:18:14.644Z</time>
      </trkpt>
      <trkpt lat="-6.604963" lon="106.928103">
        <ele>789.54</ele>
        <time>2024-06-26T18:18:26.260Z</time>
      </trkpt>
      <trkpt lat="-6.605025" lon="106.928062">
        <ele>790.74</ele>
        <time>2024-06-26T18:18:38.460Z</time>
      </trkpt>
      <trkpt lat="-6.605128" lon="106.928019">
        <ele>793.39</ele>
        <time>2024-06-26T18:18:56.799Z</time>
      </trkpt>
      <trkpt lat="-6.605214" lon="106.927959">
        <ele>796.33</ele>
        <time>2024-06-26T18:19:14.007Z</time>
      </trkpt>
      <trkpt lat="-6.605287" lon="106.92788">
        <ele>800.06</ele>
        <time>2024-06-26T18:19:31.634Z</time>
      </trkpt>
      <trkpt lat="-6.605438" lon="106.927848">
        <ele>803.23</ele>
        <time>2024-06-26T18:19:57.012Z</time>
      </trkpt>
      <trkpt lat="-6.605524" lon="106.927819">
        <ele>804.84</ele>
        <time>2024-06-26T18:20:11.928Z</time>
      </trkpt>
      <trkpt lat="-6.605565" lon="106.927779">
        <ele>806.02</ele>
        <time>2024-06-26T18:20:21.318Z</time>
      </trkpt>
      <trkpt lat="-6.605561" lon="106.927644">
        <ele>810.78</ele>
        <time>2024-06-26T18:20:43.383Z</time>
      </trkpt>
      <trkpt lat="-6.605601" lon="106.927434">
        <ele>813.98</ele>
        <time>2024-06-26T18:21:18.316Z</time>
      </trkpt>
      <trkpt lat="-6.605704" lon="106.927303">
        <ele>814.87</ele>
        <time>2024-06-26T18:21:45.611Z</time>
      </trkpt>
      <trkpt lat="-6.605842" lon="106.927241">
        <ele>814.75</ele>
        <time>2024-06-26T18:22:10.465Z</time>
      </trkpt>
      <trkpt lat="-6.605968" lon="106.927198">
        <ele>815.68</ele>
        <time>2024-06-26T18:22:32.346Z</time>
      </trkpt>
      <trkpt lat="-6.606009" lon="106.927162">
        <ele>816.44</ele>
        <time>2024-06-26T18:22:41.293Z</time>
      </trkpt>
      <trkpt lat="-6.606078" lon="106.927076">
        <ele>816.42</ele>
        <time>2024-06-26T18:22:59.353Z</time>
      </trkpt>
      <trkpt lat="-6.60615" lon="106.926977">
        <ele>816.56</ele>
        <time>2024-06-26T18:23:19.398Z</time>
      </trkpt>
      <trkpt lat="-6.60621" lon="106.926876">
        <ele>816.32</ele>
        <time>2024-06-26T18:23:38.624Z</time>
      </trkpt>
      <trkpt lat="-6.606275" lon="106.926814">
        <ele>816.63</ele>
        <time>2024-06-26T18:23:53.351Z</time>
      </trkpt>
      <trkpt lat="-6.606452" lon="106.926683">
        <ele>821.23</ele>
        <time>2024-06-26T18:24:29.482Z</time>
      </trkpt>
      <trkpt lat="-6.606526" lon="106.926661">
        <ele>823.76</ele>
        <time>2024-06-26T18:24:42.172Z</time>
      </trkpt>
      <trkpt lat="-6.60665" lon="106.926667">
        <ele>827.38</ele>
        <time>2024-06-26T18:25:02.589Z</time>
      </trkpt>
      <trkpt lat="-6.606801" lon="106.926649">
        <ele>832.04</ele>
        <time>2024-06-26T18:25:27.597Z</time>
      </trkpt>
      <trkpt lat="-6.606887" lon="106.926649">
        <ele>833.69</ele>
        <time>2024-06-26T18:25:41.741Z</time>
      </trkpt>
      <trkpt lat="-6.606946" lon="106.926657">
        <ele>833.83</ele>
        <time>2024-06-26T18:25:51.532Z</time>
      </trkpt>
      <trkpt lat="-6.607011" lon="106.926677">
        <ele>833.93</ele>
        <time>2024-06-26T18:26:02.710Z</time>
      </trkpt>
      <trkpt lat="-6.607151" lon="106.926744">
        <ele>832.41</ele>
        <time>2024-06-26T18:26:28.204Z</time>
      </trkpt>
      <trkpt lat="-6.607274" lon="106.926743">
        <ele>830.14</ele>
        <time>2024-06-26T18:26:48.434Z</time>
      </trkpt>
      <trkpt lat="-6.607225" lon="106.9267">
        <ele>831.34</ele>
        <time>2024-06-26T18:26:59.125Z</time>
      </trkpt>
      <trkpt lat="-6.60712" lon="106.926641">
        <ele>833.31</ele>
        <time>2024-06-26T18:27:18.902Z</time>
      </trkpt>
      <trkpt lat="-6.607333" lon="106.926258">
        <ele>804</ele>
        <time>2024-06-26T18:28:30.613Z</time>
      </trkpt>
      <trkpt lat="-6.60725" lon="106.926212">
        <ele>804</ele>
        <time>2024-06-26T18:28:46.195Z</time>
      </trkpt>
      <trkpt lat="-6.607203" lon="106.926198">
        <ele>805</ele>
        <time>2024-06-26T18:28:56.195Z</time>
      </trkpt>
      <trkpt lat="-6.607148" lon="106.926187">
        <ele>806</ele>
        <time>2024-06-26T18:29:08.195Z</time>
      </trkpt>
      <trkpt lat="-6.607132" lon="106.926178">
        <ele>806</ele>
        <time>2024-06-26T18:29:12.195Z</time>
      </trkpt>
      <trkpt lat="-6.607118" lon="106.926163">
        <ele>806</ele>
        <time>2024-06-26T18:29:17.195Z</time>
      </trkpt>
      <trkpt lat="-6.607103" lon="106.92614">
        <ele>806</ele>
        <time>2024-06-26T18:29:22.195Z</time>
      </trkpt>
      <trkpt lat="-6.607085" lon="106.926128">
        <ele>807</ele>
        <time>2024-06-26T18:29:27.195Z</time>
      </trkpt>
      <trkpt lat="-6.607063" lon="106.926125">
        <ele>807</ele>
        <time>2024-06-26T18:29:32.195Z</time>
      </trkpt>
      <trkpt lat="-6.607025" lon="106.926147">
        <ele>809</ele>
        <time>2024-06-26T18:29:41.195Z</time>
      </trkpt>
      <trkpt lat="-6.60698" lon="106.926155">
        <ele>810</ele>
        <time>2024-06-26T18:29:51.195Z</time>
      </trkpt>
      <trkpt lat="-6.606933" lon="106.92616">
        <ele>811</ele>
        <time>2024-06-26T18:30:01.195Z</time>
      </trkpt>
      <trkpt lat="-6.606907" lon="106.926157">
        <ele>812</ele>
        <time>2024-06-26T18:30:07.195Z</time>
      </trkpt>
      <trkpt lat="-6.606885" lon="106.926145">
        <ele>812</ele>
        <time>2024-06-26T18:30:12.195Z</time>
      </trkpt>
      <trkpt lat="-6.60687" lon="106.92616">
        <ele>813</ele>
        <time>2024-06-26T18:30:17.195Z</time>
      </trkpt>
      <trkpt lat="-6.606858" lon="106.926178">
        <ele>813</ele>
        <time>2024-06-26T18:30:21.195Z</time>
      </trkpt>
      <trkpt lat="-6.606843" lon="106.92619">
        <ele>813</ele>
        <time>2024-06-26T18:30:26.195Z</time>
      </trkpt>
      <trkpt lat="-6.606813" lon="106.926188">
        <ele>814</ele>
        <time>2024-06-26T18:30:32.195Z</time>
      </trkpt>
      <trkpt lat="-6.606812" lon="106.926207">
        <ele>814</ele>
        <time>2024-06-26T18:30:36.195Z</time>
      </trkpt>
      <trkpt lat="-6.606818" lon="106.926232">
        <ele>814</ele>
        <time>2024-06-26T18:30:42.195Z</time>
      </trkpt>
      <trkpt lat="-6.6068382" lon="106.9262586">
        <ele>814</ele>
        <time>2024-06-26T18:30:49.195Z</time>
      </trkpt>
      <trkpt lat="-6.606803" lon="106.926227">
        <ele>815</ele>
        <time>2024-06-26T18:30:59.195Z</time>
      </trkpt>
      <trkpt lat="-6.606798" lon="106.926207">
        <ele>815</ele>
        <time>2024-06-26T18:31:03.195Z</time>
      </trkpt>
      <trkpt lat="-6.606763" lon="106.926162">
        <ele>815</ele>
        <time>2024-06-26T18:31:15.195Z</time>
      </trkpt>
      <trkpt lat="-6.60671" lon="106.926118">
        <ele>817</ele>
        <time>2024-06-26T18:31:30.195Z</time>
      </trkpt>
      <trkpt lat="-6.606693" lon="106.926097">
        <ele>817</ele>
        <time>2024-06-26T18:31:36.195Z</time>
      </trkpt>
      <trkpt lat="-6.606685" lon="106.926077">
        <ele>817</ele>
        <time>2024-06-26T18:31:39.195Z</time>
      </trkpt>
      <trkpt lat="-6.606638" lon="106.926023">
        <ele>817</ele>
        <time>2024-06-26T18:31:50.195Z</time>
      </trkpt>
      <trkpt lat="-6.60662" lon="106.92598">
        <ele>816</ele>
        <time>2024-06-26T18:31:57.195Z</time>
      </trkpt>
      <trkpt lat="-6.606587" lon="106.925883">
        <ele>815</ele>
        <time>2024-06-26T18:32:14.195Z</time>
      </trkpt>
      <trkpt lat="-6.606577" lon="106.925833">
        <ele>815</ele>
        <time>2024-06-26T18:32:22.195Z</time>
      </trkpt>
      <trkpt lat="-6.606588" lon="106.925787">
        <ele>814</ele>
        <time>2024-06-26T18:32:29.195Z</time>
      </trkpt>
      <trkpt lat="-6.60659" lon="106.925718">
        <ele>811</ele>
        <time>2024-06-26T18:32:40.195Z</time>
      </trkpt>
      <trkpt lat="-6.606602" lon="106.92567">
        <ele>810</ele>
        <time>2024-06-26T18:32:48.195Z</time>
      </trkpt>
      <trkpt lat="-6.606625" lon="106.92563">
        <ele>809</ele>
        <time>2024-06-26T18:32:55.195Z</time>
      </trkpt>
      <trkpt lat="-6.606628" lon="106.925603">
        <ele>808</ele>
        <time>2024-06-26T18:32:59.195Z</time>
      </trkpt>
      <trkpt lat="-6.606622" lon="106.925577">
        <ele>807</ele>
        <time>2024-06-26T18:33:03.195Z</time>
      </trkpt>
      <trkpt lat="-6.606568" lon="106.925455">
        <ele>801</ele>
        <time>2024-06-26T18:33:24.195Z</time>
      </trkpt>
      <trkpt lat="-6.606563" lon="106.925435">
        <ele>801</ele>
        <time>2024-06-26T18:33:27.195Z</time>
      </trkpt>
      <trkpt lat="-6.606552" lon="106.925418">
        <ele>800</ele>
        <time>2024-06-26T18:33:31.195Z</time>
      </trkpt>
      <trkpt lat="-6.606517" lon="106.925392">
        <ele>799</ele>
        <time>2024-06-26T18:33:37.195Z</time>
      </trkpt>
      <trkpt lat="-6.606442" lon="106.925298">
        <ele>796</ele>
        <time>2024-06-26T18:33:50.195Z</time>
      </trkpt>
      <trkpt lat="-6.606418" lon="106.925283">
        <ele>795</ele>
        <time>2024-06-26T18:33:52.195Z</time>
      </trkpt>
      <trkpt lat="-6.6064" lon="106.925263">
        <ele>795</ele>
        <time>2024-06-26T18:33:55.195Z</time>
      </trkpt>
      <trkpt lat="-6.60638" lon="106.925248">
        <ele>794</ele>
        <time>2024-06-26T18:33:57.195Z</time>
      </trkpt>
      <trkpt lat="-6.606358" lon="106.925235">
        <ele>794</ele>
        <time>2024-06-26T18:33:59.195Z</time>
      </trkpt>
      <trkpt lat="-6.60631" lon="106.925218">
        <ele>794</ele>
        <time>2024-06-26T18:34:04.195Z</time>
      </trkpt>
      <trkpt lat="-6.606285" lon="106.925205">
        <ele>794</ele>
        <time>2024-06-26T18:34:06.195Z</time>
      </trkpt>
      <trkpt lat="-6.606242" lon="106.925173">
        <ele>793</ele>
        <time>2024-06-26T18:34:11.195Z</time>
      </trkpt>
      <trkpt lat="-6.606197" lon="106.925148">
        <ele>793</ele>
        <time>2024-06-26T18:34:15.195Z</time>
      </trkpt>
      <trkpt lat="-6.60617" lon="106.925143">
        <ele>793</ele>
        <time>2024-06-26T18:34:18.195Z</time>
      </trkpt>
      <trkpt lat="-6.606105" lon="106.925112">
        <ele>794</ele>
        <time>2024-06-26T18:34:24.195Z</time>
      </trkpt>
      <trkpt lat="-6.606065" lon="106.925082">
        <ele>794</ele>
        <time>2024-06-26T18:34:29.195Z</time>
      </trkpt>
      <trkpt lat="-6.606045" lon="106.925063">
        <ele>794</ele>
        <time>2024-06-26T18:34:31.195Z</time>
      </trkpt>
      <trkpt lat="-6.605975" lon="106.925028">
        <ele>795</ele>
        <time>2024-06-26T18:34:38.195Z</time>
      </trkpt>
      <trkpt lat="-6.60596" lon="106.92501">
        <ele>795</ele>
        <time>2024-06-26T18:34:40.195Z</time>
      </trkpt>
      <trkpt lat="-6.605922" lon="106.924985">
        <ele>795</ele>
        <time>2024-06-26T18:34:44.195Z</time>
      </trkpt>
      <trkpt lat="-6.6059" lon="106.92498">
        <ele>795</ele>
        <time>2024-06-26T18:34:46.195Z</time>
      </trkpt>
      <trkpt lat="-6.605885" lon="106.924963">
        <ele>795</ele>
        <time>2024-06-26T18:34:48.195Z</time>
      </trkpt>
      <trkpt lat="-6.605865" lon="106.924952">
        <ele>795</ele>
        <time>2024-06-26T18:34:50.195Z</time>
      </trkpt>
      <trkpt lat="-6.605818" lon="106.924895">
        <ele>793</ele>
        <time>2024-06-26T18:34:59.195Z</time>
      </trkpt>
      <trkpt lat="-6.605695" lon="106.924812">
        <ele>787</ele>
        <time>2024-06-26T18:35:20.195Z</time>
      </trkpt>
      <trkpt lat="-6.60566" lon="106.924782">
        <ele>786</ele>
        <time>2024-06-26T18:35:27.195Z</time>
      </trkpt>
      <trkpt lat="-6.605605" lon="106.92471">
        <ele>784</ele>
        <time>2024-06-26T18:35:40.195Z</time>
      </trkpt>
      <trkpt lat="-6.605602" lon="106.92467">
        <ele>783</ele>
        <time>2024-06-26T18:35:46.195Z</time>
      </trkpt>
      <trkpt lat="-6.605583" lon="106.924635">
        <ele>782</ele>
        <time>2024-06-26T18:35:51.195Z</time>
      </trkpt>
      <trkpt lat="-6.605565" lon="106.924618">
        <ele>781</ele>
        <time>2024-06-26T18:35:55.195Z</time>
      </trkpt>
      <trkpt lat="-6.605523" lon="106.924597">
        <ele>781</ele>
        <time>2024-06-26T18:36:02.195Z</time>
      </trkpt>
      <trkpt lat="-6.605478" lon="106.924605">
        <ele>780</ele>
        <time>2024-06-26T18:36:09.195Z</time>
      </trkpt>
      <trkpt lat="-6.605387" lon="106.92458">
        <ele>780</ele>
        <time>2024-06-26T18:36:22.195Z</time>
      </trkpt>
      <trkpt lat="-6.605285" lon="106.92458">
        <ele>779</ele>
        <time>2024-06-26T18:36:37.195Z</time>
      </trkpt>
      <trkpt lat="-6.605218" lon="106.924518">
        <ele>779</ele>
        <time>2024-06-26T18:36:50.195Z</time>
      </trkpt>
      <trkpt lat="-6.605177" lon="106.924435">
        <ele>779</ele>
        <time>2024-06-26T18:37:03.195Z</time>
      </trkpt>
      <trkpt lat="-6.605113" lon="106.924368">
        <ele>780</ele>
        <time>2024-06-26T18:37:16.195Z</time>
      </trkpt>
      <trkpt lat="-6.605098" lon="106.924302">
        <ele>781</ele>
        <time>2024-06-26T18:37:25.195Z</time>
      </trkpt>
      <trkpt lat="-6.605078" lon="106.92426">
        <ele>782</ele>
        <time>2024-06-26T18:37:31.195Z</time>
      </trkpt>
      <trkpt lat="-6.605072" lon="106.924238">
        <ele>782</ele>
        <time>2024-06-26T18:37:34.195Z</time>
      </trkpt>
      <trkpt lat="-6.60505" lon="106.924202">
        <ele>783</ele>
        <time>2024-06-26T18:37:40.195Z</time>
      </trkpt>
      <trkpt lat="-6.605018" lon="106.92417">
        <ele>785</ele>
        <time>2024-06-26T18:37:46.195Z</time>
      </trkpt>
      <trkpt lat="-6.604992" lon="106.924138">
        <ele>784</ele>
        <time>2024-06-26T18:37:52.195Z</time>
      </trkpt>
      <trkpt lat="-6.604973" lon="106.924132">
        <ele>783</ele>
        <time>2024-06-26T18:37:54.195Z</time>
      </trkpt>
      <trkpt lat="-6.604932" lon="106.92407">
        <ele>779</ele>
        <time>2024-06-26T18:38:05.195Z</time>
      </trkpt>
      <trkpt lat="-6.604865" lon="106.924002">
        <ele>774</ele>
        <time>2024-06-26T18:38:18.195Z</time>
      </trkpt>
      <trkpt lat="-6.604832" lon="106.923963">
        <ele>772</ele>
        <time>2024-06-26T18:38:24.195Z</time>
      </trkpt>
      <trkpt lat="-6.604808" lon="106.923908">
        <ele>770</ele>
        <time>2024-06-26T18:38:33.195Z</time>
      </trkpt>
      <trkpt lat="-6.604785" lon="106.923875">
        <ele>768</ele>
        <time>2024-06-26T18:38:38.195Z</time>
      </trkpt>
      <trkpt lat="-6.604773" lon="106.92385">
        <ele>767</ele>
        <time>2024-06-26T18:38:42.195Z</time>
      </trkpt>
      <trkpt lat="-6.604742" lon="106.92381">
        <ele>765</ele>
        <time>2024-06-26T18:38:49.195Z</time>
      </trkpt>
      <trkpt lat="-6.604683" lon="106.923758">
        <ele>763</ele>
        <time>2024-06-26T18:39:00.195Z</time>
      </trkpt>
      <trkpt lat="-6.604657" lon="106.923727">
        <ele>762</ele>
        <time>2024-06-26T18:39:05.195Z</time>
      </trkpt>
      <trkpt lat="-6.604602" lon="106.92368">
        <ele>760</ele>
        <time>2024-06-26T18:39:16.195Z</time>
      </trkpt>
      <trkpt lat="-6.60459" lon="106.923665">
        <ele>760</ele>
        <time>2024-06-26T18:39:18.195Z</time>
      </trkpt>
      <trkpt lat="-6.604563" lon="106.923608">
        <ele>759</ele>
        <time>2024-06-26T18:39:27.195Z</time>
      </trkpt>
      <trkpt lat="-6.604558" lon="106.923587">
        <ele>758</ele>
        <time>2024-06-26T18:39:30.195Z</time>
      </trkpt>
      <trkpt lat="-6.604548" lon="106.923565">
        <ele>758</ele>
        <time>2024-06-26T18:39:33.195Z</time>
      </trkpt>
      <trkpt lat="-6.604543" lon="106.923537">
        <ele>758</ele>
        <time>2024-06-26T18:39:37.195Z</time>
      </trkpt>
      <trkpt lat="-6.604542" lon="106.923502">
        <ele>757</ele>
        <time>2024-06-26T18:39:42.195Z</time>
      </trkpt>
      <trkpt lat="-6.604535" lon="106.923477">
        <ele>757</ele>
        <time>2024-06-26T18:39:46.195Z</time>
      </trkpt>
      <trkpt lat="-6.604507" lon="106.92342">
        <ele>756</ele>
        <time>2024-06-26T18:39:55.195Z</time>
      </trkpt>
      <trkpt lat="-6.60449" lon="106.923345">
        <ele>756</ele>
        <time>2024-06-26T18:40:05.195Z</time>
      </trkpt>
      <trkpt lat="-6.604485" lon="106.923285">
        <ele>755</ele>
        <time>2024-06-26T18:40:14.195Z</time>
      </trkpt>
      <trkpt lat="-6.60447" lon="106.923235">
        <ele>755</ele>
        <time>2024-06-26T18:40:21.195Z</time>
      </trkpt>
      <trkpt lat="-6.604433" lon="106.923175">
        <ele>754</ele>
        <time>2024-06-26T18:40:31.195Z</time>
      </trkpt>
      <trkpt lat="-6.604385" lon="106.923072">
        <ele>754</ele>
        <time>2024-06-26T18:40:43.195Z</time>
      </trkpt>
      <trkpt lat="-6.604372" lon="106.923027">
        <ele>753</ele>
        <time>2024-06-26T18:40:48.195Z</time>
      </trkpt>
      <trkpt lat="-6.604363" lon="106.923007">
        <ele>753</ele>
        <time>2024-06-26T18:40:50.195Z</time>
      </trkpt>
      <trkpt lat="-6.604362" lon="106.922985">
        <ele>753</ele>
        <time>2024-06-26T18:40:52.195Z</time>
      </trkpt>
      <trkpt lat="-6.604355" lon="106.922958">
        <ele>753</ele>
        <time>2024-06-26T18:40:55.195Z</time>
      </trkpt>
      <trkpt lat="-6.604317" lon="106.922883">
        <ele>753</ele>
        <time>2024-06-26T18:41:03.195Z</time>
      </trkpt>
      <trkpt lat="-6.604303" lon="106.92284">
        <ele>753</ele>
        <time>2024-06-26T18:41:08.195Z</time>
      </trkpt>
      <trkpt lat="-6.60428" lon="106.922728">
        <ele>753</ele>
        <time>2024-06-26T18:41:19.195Z</time>
      </trkpt>
      <trkpt lat="-6.604278" lon="106.922702">
        <ele>753</ele>
        <time>2024-06-26T18:41:22.195Z</time>
      </trkpt>
      <trkpt lat="-6.60428" lon="106.922652">
        <ele>752</ele>
        <time>2024-06-26T18:41:27.195Z</time>
      </trkpt>
      <trkpt lat="-6.604272" lon="106.922568">
        <ele>752</ele>
        <time>2024-06-26T18:41:35.195Z</time>
      </trkpt>
      <trkpt lat="-6.604263" lon="106.922552">
        <ele>752</ele>
        <time>2024-06-26T18:41:37.195Z</time>
      </trkpt>
      <trkpt lat="-6.604262" lon="106.922533">
        <ele>752</ele>
        <time>2024-06-26T18:41:39.195Z</time>
      </trkpt>
      <trkpt lat="-6.604253" lon="106.922515">
        <ele>752</ele>
        <time>2024-06-26T18:41:41.195Z</time>
      </trkpt>
      <trkpt lat="-6.604243" lon="106.922478">
        <ele>752</ele>
        <time>2024-06-26T18:41:44.195Z</time>
      </trkpt>
      <trkpt lat="-6.60417" lon="106.922382">
        <ele>754</ele>
        <time>2024-06-26T18:41:57.195Z</time>
      </trkpt>
      <trkpt lat="-6.604145" lon="106.922378">
        <ele>754</ele>
        <time>2024-06-26T18:42:00.195Z</time>
      </trkpt>
      <trkpt lat="-6.604127" lon="106.922363">
        <ele>754</ele>
        <time>2024-06-26T18:42:02.195Z</time>
      </trkpt>
      <trkpt lat="-6.604103" lon="106.92235">
        <ele>753</ele>
        <time>2024-06-26T18:42:06.195Z</time>
      </trkpt>
      <trkpt lat="-6.604072" lon="106.92232">
        <ele>753</ele>
        <time>2024-06-26T18:42:11.195Z</time>
      </trkpt>
      <trkpt lat="-6.604013" lon="106.922228">
        <ele>752</ele>
        <time>2024-06-26T18:42:24.195Z</time>
      </trkpt>
      <trkpt lat="-6.604" lon="106.922215">
        <ele>752</ele>
        <time>2024-06-26T18:42:26.195Z</time>
      </trkpt>
      <trkpt lat="-6.603943" lon="106.92219">
        <ele>752</ele>
        <time>2024-06-26T18:42:33.195Z</time>
      </trkpt>
      <trkpt lat="-6.603927" lon="106.922177">
        <ele>752</ele>
        <time>2024-06-26T18:42:35.195Z</time>
      </trkpt>
      <trkpt lat="-6.603872" lon="106.922107">
        <ele>752</ele>
        <time>2024-06-26T18:42:46.195Z</time>
      </trkpt>
      <trkpt lat="-6.603825" lon="106.922022">
        <ele>753</ele>
        <time>2024-06-26T18:42:57.195Z</time>
      </trkpt>
      <trkpt lat="-6.603747" lon="106.921938">
        <ele>754</ele>
        <time>2024-06-26T18:43:11.195Z</time>
      </trkpt>
      <trkpt lat="-6.603698" lon="106.92188">
        <ele>755</ele>
        <time>2024-06-26T18:43:20.195Z</time>
      </trkpt>
      <trkpt lat="-6.603678" lon="106.921868">
        <ele>755</ele>
        <time>2024-06-26T18:43:22.195Z</time>
      </trkpt>
      <trkpt lat="-6.603658" lon="106.92185">
        <ele>755</ele>
        <time>2024-06-26T18:43:26.195Z</time>
      </trkpt>
      <trkpt lat="-6.603612" lon="106.921798">
        <ele>757</ele>
        <time>2024-06-26T18:43:36.195Z</time>
      </trkpt>
      <trkpt lat="-6.603593" lon="106.921782">
        <ele>757</ele>
        <time>2024-06-26T18:43:40.195Z</time>
      </trkpt>
      <trkpt lat="-6.603475" lon="106.921708">
        <ele>760</ele>
        <time>2024-06-26T18:44:07.195Z</time>
      </trkpt>
      <trkpt lat="-6.603437" lon="106.921668">
        <ele>761</ele>
        <time>2024-06-26T18:44:17.195Z</time>
      </trkpt>
      <trkpt lat="-6.603417" lon="106.921627">
        <ele>762</ele>
        <time>2024-06-26T18:44:26.195Z</time>
      </trkpt>
      <trkpt lat="-6.603385" lon="106.921585">
        <ele>763</ele>
        <time>2024-06-26T18:44:35.195Z</time>
      </trkpt>
      <trkpt lat="-6.603357" lon="106.921528">
        <ele>764</ele>
        <time>2024-06-26T18:44:47.195Z</time>
      </trkpt>
      <trkpt lat="-6.603347" lon="106.921497">
        <ele>765</ele>
        <time>2024-06-26T18:44:53.195Z</time>
      </trkpt>
      <trkpt lat="-6.603327" lon="106.921473">
        <ele>765</ele>
        <time>2024-06-26T18:44:59.195Z</time>
      </trkpt>
      <trkpt lat="-6.603315" lon="106.92144">
        <ele>766</ele>
        <time>2024-06-26T18:45:06.195Z</time>
      </trkpt>
      <trkpt lat="-6.603295" lon="106.921412">
        <ele>766</ele>
        <time>2024-06-26T18:45:12.195Z</time>
      </trkpt>
      <trkpt lat="-6.603277" lon="106.921395">
        <ele>766</ele>
        <time>2024-06-26T18:45:17.195Z</time>
      </trkpt>
      <trkpt lat="-6.603232" lon="106.921377">
        <ele>765</ele>
        <time>2024-06-26T18:45:26.195Z</time>
      </trkpt>
      <trkpt lat="-6.603215" lon="106.921365">
        <ele>765</ele>
        <time>2024-06-26T18:45:30.195Z</time>
      </trkpt>
      <trkpt lat="-6.603202" lon="106.921347">
        <ele>765</ele>
        <time>2024-06-26T18:45:34.195Z</time>
      </trkpt>
      <trkpt lat="-6.603165" lon="106.921287">
        <ele>765</ele>
        <time>2024-06-26T18:45:47.195Z</time>
      </trkpt>
      <trkpt lat="-6.60315" lon="106.921237">
        <ele>766</ele>
        <time>2024-06-26T18:45:57.195Z</time>
      </trkpt>
      <trkpt lat="-6.603128" lon="106.92113">
        <ele>767</ele>
        <time>2024-06-26T18:46:17.195Z</time>
      </trkpt>
      <trkpt lat="-6.603125" lon="106.9211">
        <ele>767</ele>
        <time>2024-06-26T18:46:22.195Z</time>
      </trkpt>
      <trkpt lat="-6.603102" lon="106.92103">
        <ele>768</ele>
        <time>2024-06-26T18:46:35.195Z</time>
      </trkpt>
      <trkpt lat="-6.603082" lon="106.920938">
        <ele>769</ele>
        <time>2024-06-26T18:46:52.195Z</time>
      </trkpt>
      <trkpt lat="-6.603083" lon="106.920917">
        <ele>770</ele>
        <time>2024-06-26T18:46:56.195Z</time>
      </trkpt>
      <trkpt lat="-6.603078" lon="106.920895">
        <ele>770</ele>
        <time>2024-06-26T18:47:00.195Z</time>
      </trkpt>
      <trkpt lat="-6.60308" lon="106.920865">
        <ele>770</ele>
        <time>2024-06-26T18:47:05.195Z</time>
      </trkpt>
      <trkpt lat="-6.603073" lon="106.920807">
        <ele>771</ele>
        <time>2024-06-26T18:47:16.195Z</time>
      </trkpt>
      <trkpt lat="-6.60308" lon="106.920778">
        <ele>772</ele>
        <time>2024-06-26T18:47:21.195Z</time>
      </trkpt>
      <trkpt lat="-6.603105" lon="106.920745">
        <ele>772</ele>
        <time>2024-06-26T18:47:29.195Z</time>
      </trkpt>
      <trkpt lat="-6.60309" lon="106.920702">
        <ele>772</ele>
        <time>2024-06-26T18:47:37.195Z</time>
      </trkpt>
      <trkpt lat="-6.603082" lon="106.920648">
        <ele>773</ele>
        <time>2024-06-26T18:47:46.195Z</time>
      </trkpt>
      <trkpt lat="-6.603048" lon="106.920552">
        <ele>774</ele>
        <time>2024-06-26T18:48:05.195Z</time>
      </trkpt>
      <trkpt lat="-6.602995" lon="106.920467">
        <ele>774</ele>
        <time>2024-06-26T18:48:22.195Z</time>
      </trkpt>
      <trkpt lat="-6.602915" lon="106.920402">
        <ele>775</ele>
        <time>2024-06-26T18:48:38.195Z</time>
      </trkpt>
      <trkpt lat="-6.602833" lon="106.920348">
        <ele>776</ele>
        <time>2024-06-26T18:48:51.195Z</time>
      </trkpt>
      <trkpt lat="-6.602755" lon="106.920173">
        <ele>778</ele>
        <time>2024-06-26T18:49:17.195Z</time>
      </trkpt>
      <trkpt lat="-6.6027" lon="106.920097">
        <ele>780</ele>
        <time>2024-06-26T18:49:29.195Z</time>
      </trkpt>
      <trkpt lat="-6.602675" lon="106.919997">
        <ele>782</ele>
        <time>2024-06-26T18:49:43.195Z</time>
      </trkpt>
      <trkpt lat="-6.602618" lon="106.919908">
        <ele>781</ele>
        <time>2024-06-26T18:49:58.195Z</time>
      </trkpt>
      <trkpt lat="-6.602542" lon="106.919853">
        <ele>780</ele>
        <time>2024-06-26T18:50:10.195Z</time>
      </trkpt>
      <trkpt lat="-6.602473" lon="106.919782">
        <ele>778</ele>
        <time>2024-06-26T18:50:26.195Z</time>
      </trkpt>
      <trkpt lat="-6.602373" lon="106.91976">
        <ele>773</ele>
        <time>2024-06-26T18:50:44.195Z</time>
      </trkpt>
      <trkpt lat="-6.602288" lon="106.919727">
        <ele>769</ele>
        <time>2024-06-26T18:51:00.195Z</time>
      </trkpt>
      <trkpt lat="-6.602197" lon="106.919673">
        <ele>765</ele>
        <time>2024-06-26T18:51:19.195Z</time>
      </trkpt>
      <trkpt lat="-6.602118" lon="106.919617">
        <ele>762</ele>
        <time>2024-06-26T18:51:36.195Z</time>
      </trkpt>
      <trkpt lat="-6.602035" lon="106.91958">
        <ele>759</ele>
        <time>2024-06-26T18:51:53.195Z</time>
      </trkpt>
      <trkpt lat="-6.602022" lon="106.919565">
        <ele>759</ele>
        <time>2024-06-26T18:51:56.195Z</time>
      </trkpt>
      <trkpt lat="-6.601925" lon="106.91954">
        <ele>756</ele>
        <time>2024-06-26T18:52:14.195Z</time>
      </trkpt>
      <trkpt lat="-6.601835" lon="106.919483">
        <ele>753</ele>
        <time>2024-06-26T18:52:33.195Z</time>
      </trkpt>
      <trkpt lat="-6.601697" lon="106.919347">
        <ele>751</ele>
        <time>2024-06-26T18:53:03.195Z</time>
      </trkpt>
      <trkpt lat="-6.601647" lon="106.919268">
        <ele>751</ele>
        <time>2024-06-26T18:53:16.195Z</time>
      </trkpt>
      <trkpt lat="-6.601563" lon="106.919235">
        <ele>749</ele>
        <time>2024-06-26T18:53:30.195Z</time>
      </trkpt>
      <trkpt lat="-6.601552" lon="106.91922">
        <ele>749</ele>
        <time>2024-06-26T18:53:32.195Z</time>
      </trkpt>
      <trkpt lat="-6.601482" lon="106.919168">
        <ele>748</ele>
        <time>2024-06-26T18:53:45.195Z</time>
      </trkpt>
      <trkpt lat="-6.60145" lon="106.919128">
        <ele>746</ele>
        <time>2024-06-26T18:53:52.195Z</time>
      </trkpt>
      <trkpt lat="-6.601412" lon="106.919107">
        <ele>745</ele>
        <time>2024-06-26T18:53:59.195Z</time>
      </trkpt>
      <trkpt lat="-6.601367" lon="106.919077">
        <ele>743</ele>
        <time>2024-06-26T18:54:07.195Z</time>
      </trkpt>
      <trkpt lat="-6.601273" lon="106.919008">
        <ele>740</ele>
        <time>2024-06-26T18:54:23.195Z</time>
      </trkpt>
      <trkpt lat="-6.601242" lon="106.918977">
        <ele>739</ele>
        <time>2024-06-26T18:54:30.195Z</time>
      </trkpt>
      <trkpt lat="-6.601228" lon="106.918957">
        <ele>739</ele>
        <time>2024-06-26T18:54:33.195Z</time>
      </trkpt>
      <trkpt lat="-6.601207" lon="106.918917">
        <ele>738</ele>
        <time>2024-06-26T18:54:40.195Z</time>
      </trkpt>
      <trkpt lat="-6.60117" lon="106.918895">
        <ele>738</ele>
        <time>2024-06-26T18:54:47.195Z</time>
      </trkpt>
      <trkpt lat="-6.601153" lon="106.918875">
        <ele>738</ele>
        <time>2024-06-26T18:54:51.195Z</time>
      </trkpt>
      <trkpt lat="-6.601133" lon="106.918862">
        <ele>738</ele>
        <time>2024-06-26T18:54:55.195Z</time>
      </trkpt>
      <trkpt lat="-6.60112" lon="106.918845">
        <ele>738</ele>
        <time>2024-06-26T18:54:58.195Z</time>
      </trkpt>
      <trkpt lat="-6.601087" lon="106.918818">
        <ele>738</ele>
        <time>2024-06-26T18:55:05.195Z</time>
      </trkpt>
      <trkpt lat="-6.60107" lon="106.9188">
        <ele>738</ele>
        <time>2024-06-26T18:55:09.195Z</time>
      </trkpt>
      <trkpt lat="-6.601037" lon="106.918752">
        <ele>738</ele>
        <time>2024-06-26T18:55:19.195Z</time>
      </trkpt>
      <trkpt lat="-6.601008" lon="106.918722">
        <ele>739</ele>
        <time>2024-06-26T18:55:25.195Z</time>
      </trkpt>
      <trkpt lat="-6.601" lon="106.918703">
        <ele>739</ele>
        <time>2024-06-26T18:55:29.195Z</time>
      </trkpt>
      <trkpt lat="-6.600975" lon="106.918673">
        <ele>740</ele>
        <time>2024-06-26T18:55:35.195Z</time>
      </trkpt>
      <trkpt lat="-6.600942" lon="106.918643">
        <ele>741</ele>
        <time>2024-06-26T18:55:42.195Z</time>
      </trkpt>
      <trkpt lat="-6.600925" lon="106.918623">
        <ele>742</ele>
        <time>2024-06-26T18:55:46.195Z</time>
      </trkpt>
      <trkpt lat="-6.600887" lon="106.918595">
        <ele>743</ele>
        <time>2024-06-26T18:55:54.195Z</time>
      </trkpt>
      <trkpt lat="-6.60085" lon="106.91856">
        <ele>745</ele>
        <time>2024-06-26T18:56:02.195Z</time>
      </trkpt>
      <trkpt lat="-6.600785" lon="106.918557">
        <ele>745</ele>
        <time>2024-06-26T18:56:13.195Z</time>
      </trkpt>
      <trkpt lat="-6.600693" lon="106.918535">
        <ele>744</ele>
        <time>2024-06-26T18:56:28.195Z</time>
      </trkpt>
      <trkpt lat="-6.600615" lon="106.918477">
        <ele>745</ele>
        <time>2024-06-26T18:56:44.195Z</time>
      </trkpt>
      <trkpt lat="-6.600523" lon="106.918467">
        <ele>744</ele>
        <time>2024-06-26T18:56:56.195Z</time>
      </trkpt>
      <trkpt lat="-6.600422" lon="106.918463">
        <ele>744</ele>
        <time>2024-06-26T18:57:07.195Z</time>
      </trkpt>
      <trkpt lat="-6.600323" lon="106.918477">
        <ele>742</ele>
        <time>2024-06-26T18:57:18.195Z</time>
      </trkpt>
      <trkpt lat="-6.600232" lon="106.91844">
        <ele>743</ele>
        <time>2024-06-26T18:57:29.195Z</time>
      </trkpt>
      <trkpt lat="-6.600072" lon="106.918333">
        <ele>746</ele>
        <time>2024-06-26T18:57:50.195Z</time>
      </trkpt>
      <trkpt lat="-6.599982" lon="106.918307">
        <ele>746</ele>
        <time>2024-06-26T18:58:00.195Z</time>
      </trkpt>
      <trkpt lat="-6.599953" lon="106.918303">
        <ele>745</ele>
        <time>2024-06-26T18:58:03.195Z</time>
      </trkpt>
      <trkpt lat="-6.59992" lon="106.918303">
        <ele>745</ele>
        <time>2024-06-26T18:58:07.195Z</time>
      </trkpt>
      <trkpt lat="-6.599868" lon="106.918317">
        <ele>746</ele>
        <time>2024-06-26T18:58:13.195Z</time>
      </trkpt>
      <trkpt lat="-6.599808" lon="106.91832">
        <ele>746</ele>
        <time>2024-06-26T18:58:19.195Z</time>
      </trkpt>
      <trkpt lat="-6.59976" lon="106.91832">
        <ele>745</ele>
        <time>2024-06-26T18:58:22.195Z</time>
      </trkpt>
      <trkpt lat="-6.599712" lon="106.918308">
        <ele>745</ele>
        <time>2024-06-26T18:58:26.195Z</time>
      </trkpt>
      <trkpt lat="-6.599683" lon="106.91831">
        <ele>745</ele>
        <time>2024-06-26T18:58:28.195Z</time>
      </trkpt>
      <trkpt lat="-6.599618" lon="106.918328">
        <ele>745</ele>
        <time>2024-06-26T18:58:33.195Z</time>
      </trkpt>
      <trkpt lat="-6.59954" lon="106.918385">
        <ele>743</ele>
        <time>2024-06-26T18:58:40.195Z</time>
      </trkpt>
      <trkpt lat="-6.599507" lon="106.918405">
        <ele>741</ele>
        <time>2024-06-26T18:58:43.195Z</time>
      </trkpt>
      <trkpt lat="-6.599482" lon="106.918415">
        <ele>741</ele>
        <time>2024-06-26T18:58:45.195Z</time>
      </trkpt>
      <trkpt lat="-6.599445" lon="106.918413">
        <ele>741</ele>
        <time>2024-06-26T18:58:48.195Z</time>
      </trkpt>
      <trkpt lat="-6.599422" lon="106.918403">
        <ele>741</ele>
        <time>2024-06-26T18:58:49.195Z</time>
      </trkpt>
      <trkpt lat="-6.5994" lon="106.918388">
        <ele>742</ele>
        <time>2024-06-26T18:58:51.195Z</time>
      </trkpt>
      <trkpt lat="-6.59938" lon="106.918382">
        <ele>743</ele>
        <time>2024-06-26T18:58:53.195Z</time>
      </trkpt>
      <trkpt lat="-6.599355" lon="106.918368">
        <ele>743</ele>
        <time>2024-06-26T18:58:55.195Z</time>
      </trkpt>
      <trkpt lat="-6.599337" lon="106.918365">
        <ele>743</ele>
        <time>2024-06-26T18:58:56.195Z</time>
      </trkpt>
      <trkpt lat="-6.599312" lon="106.918355">
        <ele>744</ele>
        <time>2024-06-26T18:58:58.195Z</time>
      </trkpt>
      <trkpt lat="-6.599288" lon="106.918353">
        <ele>744</ele>
        <time>2024-06-26T18:59:00.195Z</time>
      </trkpt>
      <trkpt lat="-6.599263" lon="106.918355">
        <ele>744</ele>
        <time>2024-06-26T18:59:02.195Z</time>
      </trkpt>
      <trkpt lat="-6.59917" lon="106.918383">
        <ele>742</ele>
        <time>2024-06-26T18:59:09.195Z</time>
      </trkpt>
      <trkpt lat="-6.599137" lon="106.918403">
        <ele>740</ele>
        <time>2024-06-26T18:59:12.195Z</time>
      </trkpt>
      <trkpt lat="-6.599118" lon="106.918422">
        <ele>739</ele>
        <time>2024-06-26T18:59:14.195Z</time>
      </trkpt>
      <trkpt lat="-6.599097" lon="106.918435">
        <ele>737</ele>
        <time>2024-06-26T18:59:15.195Z</time>
      </trkpt>
      <trkpt lat="-6.59903" lon="106.91844">
        <ele>736</ele>
        <time>2024-06-26T18:59:23.195Z</time>
      </trkpt>
      <trkpt lat="-6.598963" lon="106.918437">
        <ele>735</ele>
        <time>2024-06-26T18:59:34.195Z</time>
      </trkpt>
      <trkpt lat="-6.598918" lon="106.91843">
        <ele>734</ele>
        <time>2024-06-26T18:59:40.195Z</time>
      </trkpt>
      <trkpt lat="-6.598877" lon="106.918435">
        <ele>733</ele>
        <time>2024-06-26T18:59:47.195Z</time>
      </trkpt>
      <trkpt lat="-6.59886" lon="106.918445">
        <ele>732</ele>
        <time>2024-06-26T18:59:50.195Z</time>
      </trkpt>
      <trkpt lat="-6.598843" lon="106.91845">
        <ele>731</ele>
        <time>2024-06-26T18:59:52.195Z</time>
      </trkpt>
      <trkpt lat="-6.598762" lon="106.9185">
        <ele>727</ele>
        <time>2024-06-26T19:00:07.195Z</time>
      </trkpt>
      <trkpt lat="-6.598728" lon="106.918532">
        <ele>725</ele>
        <time>2024-06-26T19:00:14.195Z</time>
      </trkpt>
      <trkpt lat="-6.598712" lon="106.91854">
        <ele>724</ele>
        <time>2024-06-26T19:00:17.195Z</time>
      </trkpt>
      <trkpt lat="-6.59869" lon="106.918557">
        <ele>723</ele>
        <time>2024-06-26T19:00:21.195Z</time>
      </trkpt>
      <trkpt lat="-6.59867" lon="106.918562">
        <ele>723</ele>
        <time>2024-06-26T19:00:24.195Z</time>
      </trkpt>
      <trkpt lat="-6.598645" lon="106.918563">
        <ele>722</ele>
        <time>2024-06-26T19:00:28.195Z</time>
      </trkpt>
      <trkpt lat="-6.598625" lon="106.91857">
        <ele>721</ele>
        <time>2024-06-26T19:00:31.195Z</time>
      </trkpt>
      <trkpt lat="-6.598607" lon="106.918568">
        <ele>721</ele>
        <time>2024-06-26T19:00:34.195Z</time>
      </trkpt>
      <trkpt lat="-6.598565" lon="106.918548">
        <ele>721</ele>
        <time>2024-06-26T19:00:41.195Z</time>
      </trkpt>
      <trkpt lat="-6.598525" lon="106.918523">
        <ele>722</ele>
        <time>2024-06-26T19:00:48.195Z</time>
      </trkpt>
      <trkpt lat="-6.598485" lon="106.918508">
        <ele>722</ele>
        <time>2024-06-26T19:00:54.195Z</time>
      </trkpt>
      <trkpt lat="-6.598383" lon="106.91846">
        <ele>721</ele>
        <time>2024-06-26T19:01:11.195Z</time>
      </trkpt>
      <trkpt lat="-6.598322" lon="106.918458">
        <ele>720</ele>
        <time>2024-06-26T19:01:20.195Z</time>
      </trkpt>
      <trkpt lat="-6.598258" lon="106.918467">
        <ele>718</ele>
        <time>2024-06-26T19:01:25.195Z</time>
      </trkpt>
      <trkpt lat="-6.598218" lon="106.91846">
        <ele>717</ele>
        <time>2024-06-26T19:01:28.195Z</time>
      </trkpt>
      <trkpt lat="-6.598192" lon="106.918463">
        <ele>717</ele>
        <time>2024-06-26T19:01:30.195Z</time>
      </trkpt>
      <trkpt lat="-6.598148" lon="106.918457">
        <ele>716</ele>
        <time>2024-06-26T19:01:33.195Z</time>
      </trkpt>
      <trkpt lat="-6.598125" lon="106.918462">
        <ele>715</ele>
        <time>2024-06-26T19:01:35.195Z</time>
      </trkpt>
      <trkpt lat="-6.598105" lon="106.918457">
        <ele>715</ele>
        <time>2024-06-26T19:01:36.195Z</time>
      </trkpt>
      <trkpt lat="-6.598065" lon="106.918455">
        <ele>714</ele>
        <time>2024-06-26T19:01:39.195Z</time>
      </trkpt>
      <trkpt lat="-6.598042" lon="106.918457">
        <ele>713</ele>
        <time>2024-06-26T19:01:41.195Z</time>
      </trkpt>
      <trkpt lat="-6.598015" lon="106.918453">
        <ele>712</ele>
        <time>2024-06-26T19:01:43.195Z</time>
      </trkpt>
      <trkpt lat="-6.597992" lon="106.918455">
        <ele>712</ele>
        <time>2024-06-26T19:01:45.195Z</time>
      </trkpt>
      <trkpt lat="-6.597973" lon="106.918463">
        <ele>711</ele>
        <time>2024-06-26T19:01:46.195Z</time>
      </trkpt>
      <trkpt lat="-6.597993" lon="106.918463">
        <ele>711</ele>
        <time>2024-06-26T19:01:48.195Z</time>
      </trkpt>
      <trkpt lat="-6.59801" lon="106.918473">
        <ele>711</ele>
        <time>2024-06-26T19:01:49.195Z</time>
      </trkpt>
      <trkpt lat="-6.598023" lon="106.918458">
        <ele>712</ele>
        <time>2024-06-26T19:01:51.195Z</time>
      </trkpt>
      <trkpt lat="-6.598027" lon="106.918435">
        <ele>713</ele>
        <time>2024-06-26T19:01:52.195Z</time>
      </trkpt>
      <trkpt lat="-6.59803" lon="106.918347">
        <ele>717</ele>
        <time>2024-06-26T19:01:59.195Z</time>
      </trkpt>
      <trkpt lat="-6.59802" lon="106.91829">
        <ele>716</ele>
        <time>2024-06-26T19:02:03.195Z</time>
      </trkpt>
      <trkpt lat="-6.598023" lon="106.918245">
        <ele>716</ele>
        <time>2024-06-26T19:02:06.195Z</time>
      </trkpt>
      <trkpt lat="-6.59802" lon="106.91822">
        <ele>715</ele>
        <time>2024-06-26T19:02:08.195Z</time>
      </trkpt>
      <trkpt lat="-6.597995" lon="106.918173">
        <ele>714</ele>
        <time>2024-06-26T19:02:12.195Z</time>
      </trkpt>
      <trkpt lat="-6.597977" lon="106.918163">
        <ele>713</ele>
        <time>2024-06-26T19:02:13.195Z</time>
      </trkpt>
      <trkpt lat="-6.597907" lon="106.918148">
        <ele>711</ele>
        <time>2024-06-26T19:02:19.195Z</time>
      </trkpt>
      <trkpt lat="-6.597862" lon="106.918158">
        <ele>710</ele>
        <time>2024-06-26T19:02:25.195Z</time>
      </trkpt>
      <trkpt lat="-6.597842" lon="106.918167">
        <ele>710</ele>
        <time>2024-06-26T19:02:28.195Z</time>
      </trkpt>
      <trkpt lat="-6.597802" lon="106.918167">
        <ele>709</ele>
        <time>2024-06-26T19:02:35.195Z</time>
      </trkpt>
      <trkpt lat="-6.59778" lon="106.918172">
        <ele>708</ele>
        <time>2024-06-26T19:02:38.195Z</time>
      </trkpt>
      <trkpt lat="-6.597747" lon="106.918197">
        <ele>708</ele>
        <time>2024-06-26T19:02:45.195Z</time>
      </trkpt>
      <trkpt lat="-6.597727" lon="106.918205">
        <ele>707</ele>
        <time>2024-06-26T19:02:48.195Z</time>
      </trkpt>
      <trkpt lat="-6.597692" lon="106.91823">
        <ele>707</ele>
        <time>2024-06-26T19:02:55.195Z</time>
      </trkpt>
      <trkpt lat="-6.597672" lon="106.918238">
        <ele>707</ele>
        <time>2024-06-26T19:02:58.195Z</time>
      </trkpt>
      <trkpt lat="-6.597633" lon="106.918243">
        <ele>706</ele>
        <time>2024-06-26T19:03:05.195Z</time>
      </trkpt>
      <trkpt lat="-6.597622" lon="106.91826">
        <ele>706</ele>
        <time>2024-06-26T19:03:08.195Z</time>
      </trkpt>
      <trkpt lat="-6.59758" lon="106.91828">
        <ele>705</ele>
        <time>2024-06-26T19:03:15.195Z</time>
      </trkpt>
      <trkpt lat="-6.597555" lon="106.918282">
        <ele>704</ele>
        <time>2024-06-26T19:03:19.195Z</time>
      </trkpt>
      <trkpt lat="-6.597537" lon="106.91828">
        <ele>704</ele>
        <time>2024-06-26T19:03:22.195Z</time>
      </trkpt>
      <trkpt lat="-6.597515" lon="106.91827">
        <ele>703</ele>
        <time>2024-06-26T19:03:26.195Z</time>
      </trkpt>
      <trkpt lat="-6.597497" lon="106.918268">
        <ele>703</ele>
        <time>2024-06-26T19:03:29.195Z</time>
      </trkpt>
      <trkpt lat="-6.597457" lon="106.91829">
        <ele>702</ele>
        <time>2024-06-26T19:03:36.195Z</time>
      </trkpt>
      <trkpt lat="-6.597442" lon="106.91828">
        <ele>701</ele>
        <time>2024-06-26T19:03:39.195Z</time>
      </trkpt>
      <trkpt lat="-6.597377" lon="106.91829">
        <ele>699</ele>
        <time>2024-06-26T19:03:49.195Z</time>
      </trkpt>
      <trkpt lat="-6.597357" lon="106.918287">
        <ele>699</ele>
        <time>2024-06-26T19:03:52.195Z</time>
      </trkpt>
      <trkpt lat="-6.59733" lon="106.918293">
        <ele>698</ele>
        <time>2024-06-26T19:03:57.195Z</time>
      </trkpt>
      <trkpt lat="-6.597308" lon="106.918302">
        <ele>698</ele>
        <time>2024-06-26T19:04:00.195Z</time>
      </trkpt>
      <trkpt lat="-6.59724" lon="106.918298">
        <ele>695</ele>
        <time>2024-06-26T19:04:11.195Z</time>
      </trkpt>
      <trkpt lat="-6.59722" lon="106.9183">
        <ele>695</ele>
        <time>2024-06-26T19:04:14.195Z</time>
      </trkpt>
      <trkpt lat="-6.597192" lon="106.918292">
        <ele>694</ele>
        <time>2024-06-26T19:04:19.195Z</time>
      </trkpt>
      <trkpt lat="-6.597093" lon="106.918247">
        <ele>690</ele>
        <time>2024-06-26T19:04:38.195Z</time>
      </trkpt>
      <trkpt lat="-6.597013" lon="106.918295">
        <ele>688</ele>
        <time>2024-06-26T19:04:55.195Z</time>
      </trkpt>
      <trkpt lat="-6.596997" lon="106.918388">
        <ele>687</ele>
        <time>2024-06-26T19:05:13.195Z</time>
      </trkpt>
      <trkpt lat="-6.59698" lon="106.9184">
        <ele>686</ele>
        <time>2024-06-26T19:05:17.195Z</time>
      </trkpt>
      <trkpt lat="-6.596937" lon="106.918407">
        <ele>684</ele>
        <time>2024-06-26T19:05:25.195Z</time>
      </trkpt>
      <trkpt lat="-6.596913" lon="106.918403">
        <ele>683</ele>
        <time>2024-06-26T19:05:29.195Z</time>
      </trkpt>
      <trkpt lat="-6.596887" lon="106.918388">
        <ele>683</ele>
        <time>2024-06-26T19:05:35.195Z</time>
      </trkpt>
      <trkpt lat="-6.596802" lon="106.91844">
        <ele>678</ele>
        <time>2024-06-26T19:05:54.195Z</time>
      </trkpt>
      <trkpt lat="-6.596718" lon="106.918472">
        <ele>674</ele>
        <time>2024-06-26T19:06:11.195Z</time>
      </trkpt>
      <trkpt lat="-6.596698" lon="106.918468">
        <ele>674</ele>
        <time>2024-06-26T19:06:15.195Z</time>
      </trkpt>
      <trkpt lat="-6.596673" lon="106.918472">
        <ele>673</ele>
        <time>2024-06-26T19:06:19.195Z</time>
      </trkpt>
      <trkpt lat="-6.596653" lon="106.918492">
        <ele>671</ele>
        <time>2024-06-26T19:06:25.195Z</time>
      </trkpt>
      <trkpt lat="-6.59658" lon="106.918548">
        <ele>666</ele>
        <time>2024-06-26T19:06:42.195Z</time>
      </trkpt>
      <trkpt lat="-6.596565" lon="106.918563">
        <ele>665</ele>
        <time>2024-06-26T19:06:46.195Z</time>
      </trkpt>
      <trkpt lat="-6.596548" lon="106.918573">
        <ele>664</ele>
        <time>2024-06-26T19:06:50.195Z</time>
      </trkpt>
      <trkpt lat="-6.59653" lon="106.918578">
        <ele>663</ele>
        <time>2024-06-26T19:06:53.195Z</time>
      </trkpt>
      <trkpt lat="-6.596493" lon="106.918575">
        <ele>662</ele>
        <time>2024-06-26T19:07:00.195Z</time>
      </trkpt>
      <trkpt lat="-6.596452" lon="106.918557">
        <ele>662</ele>
        <time>2024-06-26T19:07:08.195Z</time>
      </trkpt>
      <trkpt lat="-6.596432" lon="106.918552">
        <ele>661</ele>
        <time>2024-06-26T19:07:12.195Z</time>
      </trkpt>
      <trkpt lat="-6.596415" lon="106.918538">
        <ele>661</ele>
        <time>2024-06-26T19:07:16.195Z</time>
      </trkpt>
      <trkpt lat="-6.596393" lon="106.918532">
        <ele>661</ele>
        <time>2024-06-26T19:07:20.195Z</time>
      </trkpt>
      <trkpt lat="-6.596375" lon="106.918523">
        <ele>660</ele>
        <time>2024-06-26T19:07:24.195Z</time>
      </trkpt>
      <trkpt lat="-6.59634" lon="106.91854">
        <ele>658</ele>
        <time>2024-06-26T19:07:31.195Z</time>
      </trkpt>
      <trkpt lat="-6.596298" lon="106.918538">
        <ele>657</ele>
        <time>2024-06-26T19:07:38.195Z</time>
      </trkpt>
      <trkpt lat="-6.596283" lon="106.918525">
        <ele>657</ele>
        <time>2024-06-26T19:07:42.195Z</time>
      </trkpt>
      <trkpt lat="-6.59626" lon="106.918523">
        <ele>656</ele>
        <time>2024-06-26T19:07:46.195Z</time>
      </trkpt>
      <trkpt lat="-6.596105" lon="106.918535">
        <ele>650</ele>
        <time>2024-06-26T19:08:14.195Z</time>
      </trkpt>
      <trkpt lat="-6.59608" lon="106.918532">
        <ele>650</ele>
        <time>2024-06-26T19:08:19.195Z</time>
      </trkpt>
      <trkpt lat="-6.596042" lon="106.918518">
        <ele>649</ele>
        <time>2024-06-26T19:08:26.195Z</time>
      </trkpt>
      <trkpt lat="-6.596018" lon="106.918517">
        <ele>648</ele>
        <time>2024-06-26T19:08:31.195Z</time>
      </trkpt>
      <trkpt lat="-6.596" lon="106.91851">
        <ele>648</ele>
        <time>2024-06-26T19:08:34.195Z</time>
      </trkpt>
      <trkpt lat="-6.59598" lon="106.918512">
        <ele>647</ele>
        <time>2024-06-26T19:08:38.195Z</time>
      </trkpt>
      <trkpt lat="-6.595955" lon="106.91852">
        <ele>646</ele>
        <time>2024-06-26T19:08:43.195Z</time>
      </trkpt>
      <trkpt lat="-6.595853" lon="106.91856">
        <ele>641</ele>
        <time>2024-06-26T19:09:03.195Z</time>
      </trkpt>
      <trkpt lat="-6.59581" lon="106.918567">
        <ele>639</ele>
        <time>2024-06-26T19:09:11.195Z</time>
      </trkpt>
      <trkpt lat="-6.595787" lon="106.918578">
        <ele>638</ele>
        <time>2024-06-26T19:09:15.195Z</time>
      </trkpt>
      <trkpt lat="-6.595768" lon="106.918583">
        <ele>638</ele>
        <time>2024-06-26T19:09:19.195Z</time>
      </trkpt>
      <trkpt lat="-6.595752" lon="106.918595">
        <ele>637</ele>
        <time>2024-06-26T19:09:22.195Z</time>
      </trkpt>
      <trkpt lat="-6.595735" lon="106.9186">
        <ele>636</ele>
        <time>2024-06-26T19:09:26.195Z</time>
      </trkpt>
      <trkpt lat="-6.595717" lon="106.918617">
        <ele>635</ele>
        <time>2024-06-26T19:09:29.195Z</time>
      </trkpt>
      <trkpt lat="-6.595698" lon="106.918625">
        <ele>635</ele>
        <time>2024-06-26T19:09:32.195Z</time>
      </trkpt>
      <trkpt lat="-6.595677" lon="106.918627">
        <ele>634</ele>
        <time>2024-06-26T19:09:35.195Z</time>
      </trkpt>
      <trkpt lat="-6.59566" lon="106.918635">
        <ele>633</ele>
        <time>2024-06-26T19:09:37.195Z</time>
      </trkpt>
      <trkpt lat="-6.595643" lon="106.91862">
        <ele>633</ele>
        <time>2024-06-26T19:09:40.195Z</time>
      </trkpt>
      <trkpt lat="-6.595633" lon="106.9186">
        <ele>634</ele>
        <time>2024-06-26T19:09:43.195Z</time>
      </trkpt>
      <trkpt lat="-6.595678" lon="106.918528">
        <ele>637</ele>
        <time>2024-06-26T19:09:55.195Z</time>
      </trkpt>
      <trkpt lat="-6.595685" lon="106.91851">
        <ele>638</ele>
        <time>2024-06-26T19:09:57.195Z</time>
      </trkpt>
      <trkpt lat="-6.595715" lon="106.918492">
        <ele>639</ele>
        <time>2024-06-26T19:10:02.195Z</time>
      </trkpt>
      <trkpt lat="-6.595773" lon="106.91842">
        <ele>643</ele>
        <time>2024-06-26T19:10:15.195Z</time>
      </trkpt>
      <trkpt lat="-6.59585" lon="106.918248">
        <ele>646</ele>
        <time>2024-06-26T19:10:40.195Z</time>
      </trkpt>
      <trkpt lat="-6.595848" lon="106.918155">
        <ele>644</ele>
        <time>2024-06-26T19:10:52.195Z</time>
      </trkpt>
      <trkpt lat="-6.595837" lon="106.918122">
        <ele>643</ele>
        <time>2024-06-26T19:10:57.195Z</time>
      </trkpt>
      <trkpt lat="-6.595818" lon="106.918025">
        <ele>641</ele>
        <time>2024-06-26T19:11:10.195Z</time>
      </trkpt>
      <trkpt lat="-6.595817" lon="106.917932">
        <ele>639</ele>
        <time>2024-06-26T19:11:23.195Z</time>
      </trkpt>
      <trkpt lat="-6.59585" lon="106.917845">
        <ele>638</ele>
        <time>2024-06-26T19:11:37.195Z</time>
      </trkpt>
      <trkpt lat="-6.595883" lon="106.917778">
        <ele>638</ele>
        <time>2024-06-26T19:11:48.195Z</time>
      </trkpt>
      <trkpt lat="-6.595897" lon="106.917712">
        <ele>637</ele>
        <time>2024-06-26T19:11:58.195Z</time>
      </trkpt>
      <trkpt lat="-6.595917" lon="106.917675">
        <ele>637</ele>
        <time>2024-06-26T19:12:04.195Z</time>
      </trkpt>
      <trkpt lat="-6.59594" lon="106.917612">
        <ele>636</ele>
        <time>2024-06-26T19:12:13.195Z</time>
      </trkpt>
      <trkpt lat="-6.59594" lon="106.917592">
        <ele>636</ele>
        <time>2024-06-26T19:12:16.195Z</time>
      </trkpt>
      <trkpt lat="-6.59598" lon="106.917473">
        <ele>635</ele>
        <time>2024-06-26T19:12:34.195Z</time>
      </trkpt>
      <trkpt lat="-6.595983" lon="106.917455">
        <ele>634</ele>
        <time>2024-06-26T19:12:37.195Z</time>
      </trkpt>
      <trkpt lat="-6.59598" lon="106.917408">
        <ele>632</ele>
        <time>2024-06-26T19:12:44.195Z</time>
      </trkpt>
      <trkpt lat="-6.595973" lon="106.917387">
        <ele>632</ele>
        <time>2024-06-26T19:12:47.195Z</time>
      </trkpt>
      <trkpt lat="-6.595965" lon="106.917342">
        <ele>630</ele>
        <time>2024-06-26T19:12:54.195Z</time>
      </trkpt>
      <trkpt lat="-6.595962" lon="106.917298">
        <ele>628</ele>
        <time>2024-06-26T19:13:00.195Z</time>
      </trkpt>
      <trkpt lat="-6.595955" lon="106.91728">
        <ele>628</ele>
        <time>2024-06-26T19:13:03.195Z</time>
      </trkpt>
      <trkpt lat="-6.595958" lon="106.917238">
        <ele>626</ele>
        <time>2024-06-26T19:13:09.195Z</time>
      </trkpt>
      <trkpt lat="-6.595942" lon="106.917175">
        <ele>624</ele>
        <time>2024-06-26T19:13:19.195Z</time>
      </trkpt>
      <trkpt lat="-6.595948" lon="106.91715">
        <ele>623</ele>
        <time>2024-06-26T19:13:24.195Z</time>
      </trkpt>
      <trkpt lat="-6.595945" lon="106.917117">
        <ele>622</ele>
        <time>2024-06-26T19:13:29.195Z</time>
      </trkpt>
      <trkpt lat="-6.59597" lon="106.917063">
        <ele>621</ele>
        <time>2024-06-26T19:13:40.195Z</time>
      </trkpt>
      <trkpt lat="-6.596018" lon="106.916987">
        <ele>620</ele>
        <time>2024-06-26T19:13:55.195Z</time>
      </trkpt>
      <trkpt lat="-6.59607" lon="106.916937">
        <ele>621</ele>
        <time>2024-06-26T19:14:08.195Z</time>
      </trkpt>
      <trkpt lat="-6.596073" lon="106.91679">
        <ele>616</ele>
        <time>2024-06-26T19:14:33.195Z</time>
      </trkpt>
      <trkpt lat="-6.596045" lon="106.916703">
        <ele>613</ele>
        <time>2024-06-26T19:14:49.195Z</time>
      </trkpt>
      <trkpt lat="-6.596043" lon="106.916673">
        <ele>612</ele>
        <time>2024-06-26T19:14:54.195Z</time>
      </trkpt>
      <trkpt lat="-6.596047" lon="106.916652">
        <ele>611</ele>
        <time>2024-06-26T19:14:57.195Z</time>
      </trkpt>
      <trkpt lat="-6.596028" lon="106.916593">
        <ele>608</ele>
        <time>2024-06-26T19:15:08.195Z</time>
      </trkpt>
      <trkpt lat="-6.596025" lon="106.916562">
        <ele>607</ele>
        <time>2024-06-26T19:15:13.195Z</time>
      </trkpt>
      <trkpt lat="-6.595973" lon="106.916532">
        <ele>604</ele>
        <time>2024-06-26T19:15:24.195Z</time>
      </trkpt>
      <trkpt lat="-6.595882" lon="106.91651">
        <ele>600</ele>
        <time>2024-06-26T19:15:38.195Z</time>
      </trkpt>
      <trkpt lat="-6.595768" lon="106.916465">
        <ele>596</ele>
        <time>2024-06-26T19:15:55.195Z</time>
      </trkpt>
      <trkpt lat="-6.595628" lon="106.916377">
        <ele>593</ele>
        <time>2024-06-26T19:16:18.195Z</time>
      </trkpt>
      <trkpt lat="-6.595555" lon="106.916322">
        <ele>591</ele>
        <time>2024-06-26T19:16:30.195Z</time>
      </trkpt>
      <trkpt lat="-6.59549" lon="106.91625">
        <ele>590</ele>
        <time>2024-06-26T19:16:43.195Z</time>
      </trkpt>
      <trkpt lat="-6.595453" lon="106.916218">
        <ele>589</ele>
        <time>2024-06-26T19:16:50.195Z</time>
      </trkpt>
      <trkpt lat="-6.595387" lon="106.916193">
        <ele>589</ele>
        <time>2024-06-26T19:17:00.195Z</time>
      </trkpt>
      <trkpt lat="-6.595287" lon="106.916172">
        <ele>589</ele>
        <time>2024-06-26T19:17:14.195Z</time>
      </trkpt>
      <trkpt lat="-6.595238" lon="106.916138">
        <ele>589</ele>
        <time>2024-06-26T19:17:22.195Z</time>
      </trkpt>
      <trkpt lat="-6.595197" lon="106.91612">
        <ele>589</ele>
        <time>2024-06-26T19:17:28.195Z</time>
      </trkpt>
      <trkpt lat="-6.595148" lon="106.916102">
        <ele>589</ele>
        <time>2024-06-26T19:17:35.195Z</time>
      </trkpt>
      <trkpt lat="-6.59512" lon="106.916097">
        <ele>590</ele>
        <time>2024-06-26T19:17:39.195Z</time>
      </trkpt>
      <trkpt lat="-6.595068" lon="106.916077">
        <ele>590</ele>
        <time>2024-06-26T19:17:46.195Z</time>
      </trkpt>
      <trkpt lat="-6.594977" lon="106.916058">
        <ele>590</ele>
        <time>2024-06-26T19:17:59.195Z</time>
      </trkpt>
      <trkpt lat="-6.594883" lon="106.916043">
        <ele>590</ele>
        <time>2024-06-26T19:18:12.195Z</time>
      </trkpt>
      <trkpt lat="-6.59484" lon="106.916017">
        <ele>590</ele>
        <time>2024-06-26T19:18:18.195Z</time>
      </trkpt>
      <trkpt lat="-6.594778" lon="106.915988">
        <ele>591</ele>
        <time>2024-06-26T19:18:28.195Z</time>
      </trkpt>
      <trkpt lat="-6.594763" lon="106.915975">
        <ele>591</ele>
        <time>2024-06-26T19:18:30.195Z</time>
      </trkpt>
      <trkpt lat="-6.59475" lon="106.915957">
        <ele>591</ele>
        <time>2024-06-26T19:18:33.195Z</time>
      </trkpt>
      <trkpt lat="-6.594733" lon="106.915945">
        <ele>591</ele>
        <time>2024-06-26T19:18:36.195Z</time>
      </trkpt>
      <trkpt lat="-6.594707" lon="106.915908">
        <ele>591</ele>
        <time>2024-06-26T19:18:42.195Z</time>
      </trkpt>
      <trkpt lat="-6.594685" lon="106.915865">
        <ele>591</ele>
        <time>2024-06-26T19:18:49.195Z</time>
      </trkpt>
      <trkpt lat="-6.594668" lon="106.915822">
        <ele>592</ele>
        <time>2024-06-26T19:18:55.195Z</time>
      </trkpt>
      <trkpt lat="-6.594668" lon="106.915788">
        <ele>592</ele>
        <time>2024-06-26T19:19:00.195Z</time>
      </trkpt>
      <trkpt lat="-6.594673" lon="106.915743">
        <ele>592</ele>
        <time>2024-06-26T19:19:06.195Z</time>
      </trkpt>
      <trkpt lat="-6.594663" lon="106.9157">
        <ele>593</ele>
        <time>2024-06-26T19:19:12.195Z</time>
      </trkpt>
      <trkpt lat="-6.594667" lon="106.915613">
        <ele>594</ele>
        <time>2024-06-26T19:19:18.195Z</time>
      </trkpt>
      <trkpt lat="-6.59468" lon="106.915572">
        <ele>594</ele>
        <time>2024-06-26T19:19:22.195Z</time>
      </trkpt>
      <trkpt lat="-6.594712" lon="106.915507">
        <ele>594</ele>
        <time>2024-06-26T19:19:27.195Z</time>
      </trkpt>
      <trkpt lat="-6.59475" lon="106.915472">
        <ele>593</ele>
        <time>2024-06-26T19:19:31.195Z</time>
      </trkpt>
      <trkpt lat="-6.594813" lon="106.915398">
        <ele>593</ele>
        <time>2024-06-26T19:19:38.195Z</time>
      </trkpt>
      <trkpt lat="-6.5949" lon="106.915358">
        <ele>591</ele>
        <time>2024-06-26T19:19:45.195Z</time>
      </trkpt>
      <trkpt lat="-6.595068" lon="106.915267">
        <ele>586</ele>
        <time>2024-06-26T19:19:58.195Z</time>
      </trkpt>
      <trkpt lat="-6.595102" lon="106.915177">
        <ele>585</ele>
        <time>2024-06-26T19:20:05.195Z</time>
      </trkpt>
      <trkpt lat="-6.595123" lon="106.914898">
        <ele>584</ele>
        <time>2024-06-26T19:20:39.195Z</time>
      </trkpt>
      <trkpt lat="-6.595145" lon="106.914802">
        <ele>584</ele>
        <time>2024-06-26T19:20:53.195Z</time>
      </trkpt>
      <trkpt lat="-6.595198" lon="106.914722">
        <ele>583</ele>
        <time>2024-06-26T19:21:07.195Z</time>
      </trkpt>
      <trkpt lat="-6.595253" lon="106.914648">
        <ele>581</ele>
        <time>2024-06-26T19:21:20.195Z</time>
      </trkpt>
      <trkpt lat="-6.595325" lon="106.914593">
        <ele>579</ele>
        <time>2024-06-26T19:21:33.195Z</time>
      </trkpt>
      <trkpt lat="-6.595425" lon="106.914588">
        <ele>575</ele>
        <time>2024-06-26T19:21:47.195Z</time>
      </trkpt>
      <trkpt lat="-6.595512" lon="106.914548">
        <ele>571</ele>
        <time>2024-06-26T19:22:01.195Z</time>
      </trkpt>
      <trkpt lat="-6.595597" lon="106.91458">
        <ele>568</ele>
        <time>2024-06-26T19:22:15.195Z</time>
      </trkpt>
      <trkpt lat="-6.595688" lon="106.914543">
        <ele>564</ele>
        <time>2024-06-26T19:22:32.195Z</time>
      </trkpt>
      <trkpt lat="-6.595872" lon="106.914517">
        <ele>558</ele>
        <time>2024-06-26T19:23:03.195Z</time>
      </trkpt>
      <trkpt lat="-6.595885" lon="106.914498">
        <ele>557</ele>
        <time>2024-06-26T19:23:07.195Z</time>
      </trkpt>
      <trkpt lat="-6.595902" lon="106.914485">
        <ele>557</ele>
        <time>2024-06-26T19:23:11.195Z</time>
      </trkpt>
      <trkpt lat="-6.595948" lon="106.914458">
        <ele>555</ele>
        <time>2024-06-26T19:23:20.195Z</time>
      </trkpt>
      <trkpt lat="-6.596005" lon="106.914433">
        <ele>554</ele>
        <time>2024-06-26T19:23:30.195Z</time>
      </trkpt>
      <trkpt lat="-6.596018" lon="106.914415">
        <ele>554</ele>
        <time>2024-06-26T19:23:34.195Z</time>
      </trkpt>
      <trkpt lat="-6.59605" lon="106.91439">
        <ele>553</ele>
        <time>2024-06-26T19:23:41.195Z</time>
      </trkpt>
      <trkpt lat="-6.596063" lon="106.914368">
        <ele>552</ele>
        <time>2024-06-26T19:23:45.195Z</time>
      </trkpt>
      <trkpt lat="-6.59607" lon="106.914348">
        <ele>552</ele>
        <time>2024-06-26T19:23:49.195Z</time>
      </trkpt>
      <trkpt lat="-6.59609" lon="106.914338">
        <ele>551</ele>
        <time>2024-06-26T19:23:53.195Z</time>
      </trkpt>
      <trkpt lat="-6.596105" lon="106.914322">
        <ele>551</ele>
        <time>2024-06-26T19:23:56.195Z</time>
      </trkpt>
      <trkpt lat="-6.596128" lon="106.914245">
        <ele>549</ele>
        <time>2024-06-26T19:24:10.195Z</time>
      </trkpt>
      <trkpt lat="-6.596148" lon="106.91423">
        <ele>549</ele>
        <time>2024-06-26T19:24:14.195Z</time>
      </trkpt>
      <trkpt lat="-6.596235" lon="106.914223">
        <ele>546</ele>
        <time>2024-06-26T19:24:29.195Z</time>
      </trkpt>
      <trkpt lat="-6.596263" lon="106.914195">
        <ele>545</ele>
        <time>2024-06-26T19:24:35.195Z</time>
      </trkpt>
      <trkpt lat="-6.596333" lon="106.914263">
        <ele>544</ele>
        <time>2024-06-26T19:24:50.195Z</time>
      </trkpt>
      <trkpt lat="-6.596413" lon="106.914312">
        <ele>542</ele>
        <time>2024-06-26T19:25:04.195Z</time>
      </trkpt>
      <trkpt lat="-6.596498" lon="106.914282">
        <ele>539</ele>
        <time>2024-06-26T19:25:18.195Z</time>
      </trkpt>
      <trkpt lat="-6.59658" lon="106.914225">
        <ele>536</ele>
        <time>2024-06-26T19:25:33.195Z</time>
      </trkpt>
      <trkpt lat="-6.596658" lon="106.914197">
        <ele>533</ele>
        <time>2024-06-26T19:25:46.195Z</time>
      </trkpt>
      <trkpt lat="-6.59674" lon="106.91424">
        <ele>532</ele>
        <time>2024-06-26T19:26:01.195Z</time>
      </trkpt>
      <trkpt lat="-6.596832" lon="106.914213">
        <ele>530</ele>
        <time>2024-06-26T19:26:15.195Z</time>
      </trkpt>
      <trkpt lat="-6.596818" lon="106.914143">
        <ele>529</ele>
        <time>2024-06-26T19:26:26.195Z</time>
      </trkpt>
      <trkpt lat="-6.59682" lon="106.914032">
        <ele>531</ele>
        <time>2024-06-26T19:26:37.195Z</time>
      </trkpt>
      <trkpt lat="-6.596818" lon="106.913932">
        <ele>532</ele>
        <time>2024-06-26T19:26:46.195Z</time>
      </trkpt>
      <trkpt lat="-6.596852" lon="106.913845">
        <ele>532</ele>
        <time>2024-06-26T19:26:53.195Z</time>
      </trkpt>
      <trkpt lat="-6.596938" lon="106.913807">
        <ele>530</ele>
        <time>2024-06-26T19:27:01.195Z</time>
      </trkpt>
      <trkpt lat="-6.597032" lon="106.913775">
        <ele>528</ele>
        <time>2024-06-26T19:27:10.195Z</time>
      </trkpt>
      <trkpt lat="-6.597152" lon="106.913633">
        <ele>526</ele>
        <time>2024-06-26T19:27:26.195Z</time>
      </trkpt>
      <trkpt lat="-6.597227" lon="106.913562">
        <ele>524</ele>
        <time>2024-06-26T19:27:34.195Z</time>
      </trkpt>
      <trkpt lat="-6.597313" lon="106.913492">
        <ele>522</ele>
        <time>2024-06-26T19:27:48.195Z</time>
      </trkpt>
      <trkpt lat="-6.59738" lon="106.913422">
        <ele>521</ele>
        <time>2024-06-26T19:28:02.195Z</time>
      </trkpt>
      <trkpt lat="-6.597475" lon="106.913432">
        <ele>518</ele>
        <time>2024-06-26T19:28:17.195Z</time>
      </trkpt>
      <trkpt lat="-6.597565" lon="106.913465">
        <ele>515</ele>
        <time>2024-06-26T19:28:31.195Z</time>
      </trkpt>
      <trkpt lat="-6.597648" lon="106.913522">
        <ele>514</ele>
        <time>2024-06-26T19:28:46.195Z</time>
      </trkpt>
      <trkpt lat="-6.597645" lon="106.913425">
        <ele>513</ele>
        <time>2024-06-26T19:29:00.195Z</time>
      </trkpt>
      <trkpt lat="-6.597762" lon="106.913273">
        <ele>510</ele>
        <time>2024-06-26T19:29:28.195Z</time>
      </trkpt>
      <trkpt lat="-6.597853" lon="106.913223">
        <ele>507</ele>
        <time>2024-06-26T19:29:44.195Z</time>
      </trkpt>
      <trkpt lat="-6.597903" lon="106.913133">
        <ele>505</ele>
        <time>2024-06-26T19:30:01.195Z</time>
      </trkpt>
      <trkpt lat="-6.59796" lon="106.913063">
        <ele>503</ele>
        <time>2024-06-26T19:30:16.195Z</time>
      </trkpt>
      <trkpt lat="-6.598048" lon="106.91303">
        <ele>500</ele>
        <time>2024-06-26T19:30:31.195Z</time>
      </trkpt>
      <trkpt lat="-6.598122" lon="106.913085">
        <ele>498</ele>
        <time>2024-06-26T19:30:46.195Z</time>
      </trkpt>
      <trkpt lat="-6.59821" lon="106.913048">
        <ele>495</ele>
        <time>2024-06-26T19:31:02.195Z</time>
      </trkpt>
      <trkpt lat="-6.598302" lon="106.913037">
        <ele>492</ele>
        <time>2024-06-26T19:31:17.195Z</time>
      </trkpt>
      <trkpt lat="-6.598397" lon="106.913017">
        <ele>490</ele>
        <time>2024-06-26T19:31:33.195Z</time>
      </trkpt>
      <trkpt lat="-6.598508" lon="106.912878">
        <ele>486</ele>
        <time>2024-06-26T19:32:03.195Z</time>
      </trkpt>
      <trkpt lat="-6.598583" lon="106.912815">
        <ele>483</ele>
        <time>2024-06-26T19:32:20.195Z</time>
      </trkpt>
      <trkpt lat="-6.598675" lon="106.912783">
        <ele>481</ele>
        <time>2024-06-26T19:32:36.195Z</time>
      </trkpt>
      <trkpt lat="-6.598753" lon="106.912732">
        <ele>478</ele>
        <time>2024-06-26T19:32:53.195Z</time>
      </trkpt>
      <trkpt lat="-6.598833" lon="106.912687">
        <ele>475</ele>
        <time>2024-06-26T19:33:08.195Z</time>
      </trkpt>
      <trkpt lat="-6.598882" lon="106.912683">
        <ele>473</ele>
        <time>2024-06-26T19:33:17.195Z</time>
      </trkpt>
      <trkpt lat="-6.598918" lon="106.912665">
        <ele>472</ele>
        <time>2024-06-26T19:33:24.195Z</time>
      </trkpt>
      <trkpt lat="-6.598945" lon="106.912622">
        <ele>470</ele>
        <time>2024-06-26T19:33:33.195Z</time>
      </trkpt>
      <trkpt lat="-6.59896" lon="106.912607">
        <ele>470</ele>
        <time>2024-06-26T19:33:36.195Z</time>
      </trkpt>
      <trkpt lat="-6.599037" lon="106.91255">
        <ele>466</ele>
        <time>2024-06-26T19:33:53.195Z</time>
      </trkpt>
      <trkpt lat="-6.59907" lon="106.912517">
        <ele>464</ele>
        <time>2024-06-26T19:34:01.195Z</time>
      </trkpt>
      <trkpt lat="-6.599095" lon="106.912475">
        <ele>463</ele>
        <time>2024-06-26T19:34:09.195Z</time>
      </trkpt>
      <trkpt lat="-6.599158" lon="106.912402">
        <ele>461</ele>
        <time>2024-06-26T19:34:17.195Z</time>
      </trkpt>
      <trkpt lat="-6.599247" lon="106.912353">
        <ele>460</ele>
        <time>2024-06-26T19:34:24.195Z</time>
      </trkpt>
      <trkpt lat="-6.599342" lon="106.912323">
        <ele>460</ele>
        <time>2024-06-26T19:34:32.195Z</time>
      </trkpt>
      <trkpt lat="-6.59942" lon="106.912255">
        <ele>459</ele>
        <time>2024-06-26T19:34:39.195Z</time>
      </trkpt>
      <trkpt lat="-6.599457" lon="106.912153">
        <ele>457</ele>
        <time>2024-06-26T19:34:47.195Z</time>
      </trkpt>
      <trkpt lat="-6.599483" lon="106.912062">
        <ele>456</ele>
        <time>2024-06-26T19:34:54.195Z</time>
      </trkpt>
      <trkpt lat="-6.599502" lon="106.911973">
        <ele>454</ele>
        <time>2024-06-26T19:35:00.195Z</time>
      </trkpt>
      <trkpt lat="-6.599482" lon="106.911877">
        <ele>454</ele>
        <time>2024-06-26T19:35:07.195Z</time>
      </trkpt>
      <trkpt lat="-6.59942" lon="106.9118">
        <ele>454</ele>
        <time>2024-06-26T19:35:16.195Z</time>
      </trkpt>
      <trkpt lat="-6.599353" lon="106.911738">
        <ele>455</ele>
        <time>2024-06-26T19:35:24.195Z</time>
      </trkpt>
      <trkpt lat="-6.599305" lon="106.911662">
        <ele>456</ele>
        <time>2024-06-26T19:35:32.195Z</time>
      </trkpt>
      <trkpt lat="-6.599363" lon="106.911583">
        <ele>455</ele>
        <time>2024-06-26T19:35:41.195Z</time>
      </trkpt>
      <trkpt lat="-6.599433" lon="106.911515">
        <ele>453</ele>
        <time>2024-06-26T19:35:50.195Z</time>
      </trkpt>
      <trkpt lat="-6.599513" lon="106.911472">
        <ele>451</ele>
        <time>2024-06-26T19:35:58.195Z</time>
      </trkpt>
      <trkpt lat="-6.599548" lon="106.911387">
        <ele>451</ele>
        <time>2024-06-26T19:36:07.195Z</time>
      </trkpt>
      <trkpt lat="-6.599532" lon="106.911297">
        <ele>451</ele>
        <time>2024-06-26T19:36:15.195Z</time>
      </trkpt>
      <trkpt lat="-6.599553" lon="106.911197">
        <ele>451</ele>
        <time>2024-06-26T19:36:25.195Z</time>
      </trkpt>
      <trkpt lat="-6.599602" lon="106.911117">
        <ele>450</ele>
        <time>2024-06-26T19:36:39.195Z</time>
      </trkpt>
      <trkpt lat="-6.599648" lon="106.911022">
        <ele>448</ele>
        <time>2024-06-26T19:36:55.195Z</time>
      </trkpt>
      <trkpt lat="-6.599777" lon="106.910872">
        <ele>444</ele>
        <time>2024-06-26T19:37:25.195Z</time>
      </trkpt>
      <trkpt lat="-6.599832" lon="106.9108">
        <ele>441</ele>
        <time>2024-06-26T19:37:39.195Z</time>
      </trkpt>
      <trkpt lat="-6.59986" lon="106.910713">
        <ele>440</ele>
        <time>2024-06-26T19:37:53.195Z</time>
      </trkpt>
      <trkpt lat="-6.599895" lon="106.910628">
        <ele>438</ele>
        <time>2024-06-26T19:38:06.195Z</time>
      </trkpt>
      <trkpt lat="-6.60001" lon="106.91047">
        <ele>433</ele>
        <time>2024-06-26T19:38:36.195Z</time>
      </trkpt>
      <trkpt lat="-6.60009" lon="106.910412">
        <ele>430</ele>
        <time>2024-06-26T19:38:51.195Z</time>
      </trkpt>
      <trkpt lat="-6.60016" lon="106.91034">
        <ele>428</ele>
        <time>2024-06-26T19:39:07.195Z</time>
      </trkpt>
      <trkpt lat="-6.600205" lon="106.910255">
        <ele>427</ele>
        <time>2024-06-26T19:39:22.195Z</time>
      </trkpt>
      <trkpt lat="-6.60029" lon="106.910203">
        <ele>424</ele>
        <time>2024-06-26T19:39:37.195Z</time>
      </trkpt>
      <trkpt lat="-6.600343" lon="106.910128">
        <ele>422</ele>
        <time>2024-06-26T19:39:51.195Z</time>
      </trkpt>
      <trkpt lat="-6.600422" lon="106.910072">
        <ele>420</ele>
        <time>2024-06-26T19:40:06.195Z</time>
      </trkpt>
      <trkpt lat="-6.600522" lon="106.910062">
        <ele>417</ele>
        <time>2024-06-26T19:40:22.195Z</time>
      </trkpt>
      <trkpt lat="-6.600588" lon="106.909983">
        <ele>415</ele>
        <time>2024-06-26T19:40:34.195Z</time>
      </trkpt>
      <trkpt lat="-6.600577" lon="106.909882">
        <ele>414</ele>
        <time>2024-06-26T19:40:43.195Z</time>
      </trkpt>
      <trkpt lat="-6.60053" lon="106.90979">
        <ele>415</ele>
        <time>2024-06-26T19:40:52.195Z</time>
      </trkpt>
      <trkpt lat="-6.600493" lon="106.909695">
        <ele>415</ele>
        <time>2024-06-26T19:41:00.195Z</time>
      </trkpt>
      <trkpt lat="-6.600472" lon="106.909595">
        <ele>415</ele>
        <time>2024-06-26T19:41:09.195Z</time>
      </trkpt>
      <trkpt lat="-6.600468" lon="106.9095">
        <ele>414</ele>
        <time>2024-06-26T19:41:17.195Z</time>
      </trkpt>
      <trkpt lat="-6.600488" lon="106.909407">
        <ele>413</ele>
        <time>2024-06-26T19:41:25.195Z</time>
      </trkpt>
      <trkpt lat="-6.600463" lon="106.909307">
        <ele>413</ele>
        <time>2024-06-26T19:41:34.195Z</time>
      </trkpt>
      <trkpt lat="-6.60051" lon="106.909215">
        <ele>411</ele>
        <time>2024-06-26T19:41:45.195Z</time>
      </trkpt>
      <trkpt lat="-6.600485" lon="106.909117">
        <ele>410</ele>
        <time>2024-06-26T19:41:59.195Z</time>
      </trkpt>
      <trkpt lat="-6.600498" lon="106.90909">
        <ele>410</ele>
        <time>2024-06-26T19:42:04.195Z</time>
      </trkpt>
      <trkpt lat="-6.600578" lon="106.909047">
        <ele>407</ele>
        <time>2024-06-26T19:42:17.195Z</time>
      </trkpt>
      <trkpt lat="-6.600645" lon="106.908978">
        <ele>405</ele>
        <time>2024-06-26T19:42:31.195Z</time>
      </trkpt>
      <trkpt lat="-6.600745" lon="106.908953">
        <ele>402</ele>
        <time>2024-06-26T19:42:46.195Z</time>
      </trkpt>
      <trkpt lat="-6.600898" lon="106.908713">
        <ele>397</ele>
        <time>2024-06-26T19:43:27.195Z</time>
      </trkpt>
      <trkpt lat="-6.600923" lon="106.908618">
        <ele>396</ele>
        <time>2024-06-26T19:43:39.195Z</time>
      </trkpt>
      <trkpt lat="-6.600983" lon="106.90855">
        <ele>394</ele>
        <time>2024-06-26T19:43:46.195Z</time>
      </trkpt>
      <trkpt lat="-6.601062" lon="106.90837">
        <ele>391</ele>
        <time>2024-06-26T19:44:00.195Z</time>
      </trkpt>
      <trkpt lat="-6.601118" lon="106.908292">
        <ele>390</ele>
        <time>2024-06-26T19:44:07.195Z</time>
      </trkpt>
      <trkpt lat="-6.601135" lon="106.908235">
        <ele>389</ele>
        <time>2024-06-26T19:44:11.195Z</time>
      </trkpt>
      <trkpt lat="-6.601175" lon="106.908138">
        <ele>388</ele>
        <time>2024-06-26T19:44:19.195Z</time>
      </trkpt>
      <trkpt lat="-6.601153" lon="106.908042">
        <ele>388</ele>
        <time>2024-06-26T19:44:26.195Z</time>
      </trkpt>
      <trkpt lat="-6.601127" lon="106.907947">
        <ele>387</ele>
        <time>2024-06-26T19:44:33.195Z</time>
      </trkpt>
      <trkpt lat="-6.601123" lon="106.907852">
        <ele>386</ele>
        <time>2024-06-26T19:44:41.195Z</time>
      </trkpt>
      <trkpt lat="-6.601173" lon="106.907762">
        <ele>385</ele>
        <time>2024-06-26T19:44:50.195Z</time>
      </trkpt>
      <trkpt lat="-6.601162" lon="106.907658">
        <ele>384</ele>
        <time>2024-06-26T19:44:58.195Z</time>
      </trkpt>
      <trkpt lat="-6.601125" lon="106.907562">
        <ele>384</ele>
        <time>2024-06-26T19:45:07.195Z</time>
      </trkpt>
      <trkpt lat="-6.601073" lon="106.907477">
        <ele>384</ele>
        <time>2024-06-26T19:45:16.195Z</time>
      </trkpt>
      <trkpt lat="-6.601007" lon="106.907412">
        <ele>384</ele>
        <time>2024-06-26T19:45:23.195Z</time>
      </trkpt>
      <trkpt lat="-6.60097" lon="106.907322">
        <ele>383</ele>
        <time>2024-06-26T19:45:32.195Z</time>
      </trkpt>
      <trkpt lat="-6.6008894" lon="106.906826">
        <ele>379</ele>
        <time>2024-06-26T19:46:19.195Z</time>
      </trkpt>
      <trkpt lat="-6.6009626" lon="106.9067805">
        <ele>379</ele>
        <time>2024-06-26T19:46:28.195Z</time>
      </trkpt>
      <trkpt lat="-6.6009536" lon="106.9066698">
        <ele>378</ele>
        <time>2024-06-26T19:46:39.195Z</time>
      </trkpt>
      <trkpt lat="-6.600869" lon="106.906531">
        <ele>377</ele>
        <time>2024-06-26T19:46:55.195Z</time>
      </trkpt>
      <trkpt lat="-6.6008346" lon="106.9064884">
        <ele>381.16741440533485</ele>
        <time>2024-06-26T19:47:04.142Z</time>
      </trkpt>
    </trkseg>
  </trk>
</gpx>
